School Code,FCI,Sqft,System,"Total Cost by School, By System",Priority1 Count,Priority2 Count,Priority3 Count,Priority4 Count,Priority1 Cost,Priority2 Cost,Priority3 Cost,Priority4 Cost
CO-1420-0108,0.021944517,206168,Exterior,"$37,148.61 ",,,2,1,,,"$28,823.61 ","$8,325.00 "
CO-1420-0108,0.021944517,206168,HVAC,"$2,817,696.28 ",,2,,,"$910,124.16 ","$1,907,572.12 ",,
CO-1420-0108,0.021944517,206168,Other,$1.75 ,1,,,,$1.75 ,,,
CO-1420-0108,0.021944517,206168,Roofing,"$84,669.53 ",,,1,,,,"$84,669.53 ",
CO-1420-0108,0.021944517,206168,Site,"$471,458.56 ",,1,3,1,,"$2,627.53 ","$437,221.94 ","$31,609.09 "
CO-1420-0108,0.021944517,206168,Specialties,"$87,448.62 ",,,,4,,,,"$87,448.62 "
CO-1420-8090,0.231442433,46117.94,Electrical,"$19,902.24 ",,,1,1,,,"$12,530.88 ","$7,371.37 "
CO-1420-8090,0.231442433,46117.94,Fire and Life Safety,"$2,686.95 ",1,,,,"$2,686.95 ",,,
CO-1420-8090,0.231442433,46117.94,HVAC,"$1,186,840.59 ",1,2,1,,"$166,500.00 ","$910,200.00 ","$110,140.59 ",
CO-1420-8090,0.231442433,46117.94,Interior,"$1,836,147.15 ",,,2,12,,,"$272,048.82 ","$1,564,098.32 "
CO-1420-8090,0.231442433,46117.94,Other,"$2,775.00 ",,,1,,,,"$2,775.00 ",
CO-1420-8090,0.231442433,46117.94,Plumbing,"$66,304.37 ",,,1,6,,,"$2,465.48 ","$63,838.90 "
CO-1420-8090,0.231442433,46117.94,Roofing,"$149,357.50 ",1,1,1,,"$27,750.00 ","$2,017.13 ","$119,590.38 ",
CO-1420-8090,0.231442433,46117.94,Site,"$458,514.25 ",,1,3,5,,"$4,221.35 ","$145,417.63 ","$308,875.27 "
CO-1420-8090,0.231442433,46117.94,Specialties,"$340,923.67 ",,1,2,8,,"$2,131.34 ","$30,922.62 ","$307,869.70 "
CO-1420-8090,0.231442433,46117.94,Structure,"$174,825.00 ",,1,,1,,"$166,500.00 ",,"$8,325.00 "
CO-1420-8248,0.091932302,107786.19,Electrical,"$240,212.40 ",,,3,1,,,"$106,477.75 ","$133,734.65 "
CO-1420-8248,0.091932302,107786.19,Exterior,"$25,980.75 ",,,1,2,,,"$20,430.75 ","$5,550.00 "
CO-1420-8248,0.091932302,107786.19,Fire and Life Safety,"$2,686.95 ",1,,,,"$2,686.95 ",,,
CO-1420-8248,0.091932302,107786.19,HVAC,"$2,663,741.77 ",1,2,6,,"$166,500.00 ","$282,264.51 ","$2,214,977.26 ",
CO-1420-8248,0.091932302,107786.19,Interior,"$276,489.01 ",,,1,9,,,"$206,460.00 ","$70,029.01 "
CO-1420-8248,0.091932302,107786.19,Other,"$12,909.30 ",,1,1,,,"$10,134.30 ","$2,775.00 ",
CO-1420-8248,0.091932302,107786.19,Plumbing,"$88,109.85 ",,1,,5,,"$45,099.32 ",,"$43,010.52 "
CO-1420-8248,0.091932302,107786.19,Roofing,"$96,505.25 ",1,,,,"$96,505.25 ",,,
CO-1420-8248,0.091932302,107786.19,Site,"$212,148.13 ",,,2,2,,,"$188,700.00 ","$23,448.13 "
CO-1420-8248,0.091932302,107786.19,Specialties,"$195,865.16 ",,,,4,,,,"$195,865.16 "
CO-1420-8248,0.091932302,107786.19,Structure,"$33,586.92 ",,,1,,,,"$33,586.92 ",
CO-1420-5004,0.059736384,67155,Electrical,"$41,688.08 ",,,1,,,,"$41,688.08 ",
CO-1420-5004,0.059736384,67155,Fire and Life Safety,"$2,686.95 ",1,,,,"$2,686.95 ",,,
CO-1420-5004,0.059736384,67155,HVAC,"$653,275.23 ",1,3,,1,"$166,500.00 ","$471,750.00 ",,"$15,025.23 "
CO-1420-5004,0.059736384,67155,Interior,"$431,087.67 ",,,2,7,,,"$154,012.50 ","$277,075.17 "
CO-1420-5004,0.059736384,67155,Other,"$2,775.00 ",,,1,,,,"$2,775.00 ",
CO-1420-5004,0.059736384,67155,Roofing,"$55,500.00 ",1,,,,"$55,500.00 ",,,
CO-1420-5004,0.059736384,67155,Site,"$187,928.02 ",,1,2,4,,"$4,221.35 ","$86,025.00 ","$97,681.67 "
CO-1420-5004,0.059736384,67155,Specialties,"$106,170.19 ",,1,,4,,"$2,131.34 ",,"$104,038.85 "
0,0.238021685,#N/A,Electrical,"$135,563.00 ",,1,4,,,"$80,135.70 ","$55,427.31 ",
0,0.238021685,#N/A,Exterior,"$5,780.28 ",,,,3,,,,"$5,780.28 "
0,0.238021685,#N/A,HVAC,"$277,586.16 ",4,,4,,"$222,006.66 ",,"$55,579.50 ",
0,0.238021685,#N/A,Interior,"$79,200.94 ",,1,,12,,"$55,500.00 ",,"$23,700.94 "
0,0.238021685,#N/A,Plumbing,"$71,121.34 ",,,,4,,,,"$71,121.34 "
0,0.238021685,#N/A,Roofing,"$152,383.76 ",4,,,,"$152,383.76 ",,,
0,0.238021685,#N/A,Site,"$243,740.73 ",1,,6,1,"$26,275.18 ",,"$147,764.28 ","$69,701.27 "
0,0.238021685,#N/A,Specialties,"$7,759.82 ",,,4,,,,"$7,759.82 ",
0,0.238021685,#N/A,Stairs and Elevators,"$29,181.63 ",,,,6,,,,"$29,181.63 "
CO-1420-6808,0.171528287,48895.37,Electrical,"$357,333.54 ",1,3,2,1,"$93,136.07 ","$181,843.56 ","$74,452.79 ","$7,901.11 "
CO-1420-6808,0.171528287,48895.37,Exterior,"$499,500.00 ",,2,,,,"$499,500.00 ",,
CO-1420-6808,0.171528287,48895.37,Fire and Life Safety,"$2,686.95 ",1,,,,"$2,686.95 ",,,
CO-1420-6808,0.171528287,48895.37,HVAC,"$1,566,847.94 ",,4,4,1,,"$854,700.00 ","$526,466.10 ","$185,681.84 "
CO-1420-6808,0.171528287,48895.37,Interior,"$438,350.95 ",,,2,4,,,"$77,700.00 ","$360,650.95 "
CO-1420-6808,0.171528287,48895.37,Other,"$2,775.00 ",,,1,,,,"$2,775.00 ",
CO-1420-6808,0.171528287,48895.37,Site,"$363,197.24 ",,1,2,4,,"$2,627.53 ","$249,502.28 ","$111,067.43 "
CO-1420-6808,0.171528287,48895.37,Specialties,"$76,004.94 ",,,1,4,,,"$43,291.14 ","$32,713.80 "
CO-1420-6808,0.171528287,48895.37,Stairs and Elevators,"$1,891.73 ",,,,1,,,,"$1,891.73 "
CO-1420-7468,0.213275377,47985.78,Electrical,"$12,839.93 ",,,1,1,,,"$8,325.00 ","$4,514.93 "
CO-1420-7468,0.213275377,47985.78,Exterior,"$16,079.68 ",,,1,,,,"$16,079.68 ",
CO-1420-7468,0.213275377,47985.78,Fire and Life Safety,"$24,960.29 ",1,,,,"$24,960.29 ",,,
CO-1420-7468,0.213275377,47985.78,HVAC,"$3,255,141.56 ",,6,,2,,"$3,175,868.35 ",,"$79,273.20 "
CO-1420-7468,0.213275377,47985.78,Interior,"$142,912.50 ",,,1,1,,,"$129,037.50 ","$13,875.00 "
CO-1420-7468,0.213275377,47985.78,Other,"$2,775.00 ",,,1,,,,"$2,775.00 ",
CO-1420-7468,0.213275377,47985.78,Plumbing,"$232,427.27 ",1,,1,,"$10,427.27 ",,"$222,000.00 ",
CO-1420-7468,0.213275377,47985.78,Site,"$294,169.89 ",,,3,,,,"$294,169.89 ",
CO-1420-7468,0.213275377,47985.78,Specialties,"$4,182.48 ",,,,1,,,,"$4,182.48 "
0,0.255482877,#N/A,Exterior,"$55,500.00 ",,2,,,,"$55,500.00 ",,
CO-1420-0370,0.086830169,245431,Educational Technology,"$85,634.84 ",1,,,,"$85,634.84 ",,,
CO-1420-0370,0.086830169,245431,Electrical,"$1,774,505.48 ",,4,3,3,,"$620,060.94 ","$1,111,875.41 ","$42,569.13 "
CO-1420-0370,0.086830169,245431,Exterior,"$245,805.79 ",,2,2,4,,"$158,323.88 ","$20,984.17 ","$66,497.74 "
CO-1420-0370,0.086830169,245431,HVAC,"$4,362,876.40 ",,3,,,"$2,291,077.74 ","$2,071,798.66 ",,
CO-1420-0370,0.086830169,245431,Interior,"$1,357,178.33 ",,,3,7,,,"$822,577.59 ","$534,600.74 "
CO-1420-0370,0.086830169,245431,Other,"$1,665.00 ",,,1,,,,"$1,665.00 ",
CO-1420-0370,0.086830169,245431,Plumbing,"$573,190.91 ",1,3,5,6,"$25,101.31 ","$32,654.86 ","$362,760.62 ","$152,674.13 "
CO-1420-0370,0.086830169,245431,Roofing,"$17,883.82 ",,1,,1,,"$15,824.46 ",,"$2,059.36 "
CO-1420-0370,0.086830169,245431,Site,"$2,088,592.69 ",,2,8,5,,"$26,698.16 ","$1,983,158.93 ","$78,735.60 "
CO-1420-0370,0.086830169,245431,Specialties,"$780,011.53 ",1,1,5,5,"$142,317.48 ","$11,100.00 ","$321,722.67 ","$304,871.38 "
CO-1420-0370,0.086830169,245431,Stairs and Elevators,"$315,403.57 ",,,1,2,,,"$284,726.06 ","$30,677.51 "
CO-1420-0109,0.14379955,115749.94,Electrical,"$249,726.82 ",,3,1,1,,"$213,266.04 ",$875.80 ,"$35,584.98 "
CO-1420-0109,0.14379955,115749.94,Exterior,"$77,567.97 ",1,1,,1,"$2,099.73 ","$55,500.00 ",,"$19,968.23 "
CO-1420-0109,0.14379955,115749.94,Fire and Life Safety,"$926,512.82 ",,,1,,,,"$926,512.82 ",
CO-1420-0109,0.14379955,115749.94,HVAC,"$1,636,407.12 ",,4,5,,,"$396,590.75 ","$1,239,816.38 ",
CO-1420-0109,0.14379955,115749.94,Interior,"$1,275,179.83 ",1,,3,14,"$14,713.44 ",,"$494,457.59 ","$766,008.80 "
CO-1420-0109,0.14379955,115749.94,Other,"$92,165.15 ",1,,3,2,"$24,434.82 ",,"$9,507.15 ","$58,223.19 "
CO-1420-0109,0.14379955,115749.94,Plumbing,"$89,349.57 ",,4,1,1,,"$81,309.73 ","$1,296.18 ","$6,743.66 "
CO-1420-0109,0.14379955,115749.94,Roofing,"$1,131,091.01 ",1,2,1,,"$880,230.00 ","$197,230.16 ","$53,630.85 ",
CO-1420-0109,0.14379955,115749.94,Site,"$50,453.74 ",,1,,5,,"$1,059.72 ",,"$49,394.02 "
CO-1420-0109,0.14379955,115749.94,Specialties,"$701,697.80 ",,,1,5,,,"$22,735.76 ","$678,962.04 "
CO-1420-0109,0.14379955,115749.94,Structure,"$5,175.97 ",,,,1,,,,"$5,175.97 "
CO-1420-2946,0.100820515,51259.02,Electrical,$875.80 ,,,1,,,,$875.80 ,
CO-1420-2946,0.100820515,51259.02,Exterior,"$77,991.18 ",,1,,2,,"$21,457.10 ",,"$56,534.08 "
CO-1420-2946,0.100820515,51259.02,HVAC,"$555,000.00 ",1,3,,,"$166,500.00 ","$388,500.00 ",,
CO-1420-2946,0.100820515,51259.02,Interior,"$155,764.21 ",,,1,3,,,"$104,062.50 ","$51,701.71 "
CO-1420-2946,0.100820515,51259.02,Other,"$4,440.00 ",,,2,,,,"$4,440.00 ",
CO-1420-2946,0.100820515,51259.02,Plumbing,"$144,803.77 ",,1,2,3,,"$2,220.00 ","$80,811.72 ","$61,772.06 "
CO-1420-2946,0.100820515,51259.02,Roofing,"$646,068.04 ",,,1,,,,"$646,068.04 ",
CO-1420-2946,0.100820515,51259.02,Site,"$433,180.41 ",,,4,4,,,"$169,872.71 ","$263,307.70 "
CO-1420-2946,0.100820515,51259.02,Specialties,"$193,291.26 ",,,3,5,,,"$35,756.09 ","$157,535.17 "
CO-1420-3726,0.146350896,52413.91,Electrical,"$239,684.49 ",,1,2,1,,"$194,250.00 ","$1,672.51 ","$43,761.97 "
CO-1420-3726,0.146350896,52413.91,Exterior,"$81,549.51 ",,1,,1,,"$21,457.10 ",,"$60,092.41 "
CO-1420-3726,0.146350896,52413.91,HVAC,"$1,627,253.72 ",1,5,6,1,"$166,500.00 ","$1,134,350.21 ","$309,530.53 ","$16,872.98 "
CO-1420-3726,0.146350896,52413.91,Interior,"$693,277.97 ",,,1,8,,,"$141,525.00 ","$551,752.97 "
CO-1420-3726,0.146350896,52413.91,Other,"$4,441.75 ",1,,2,,$1.75 ,,"$4,440.00 ",
CO-1420-3726,0.146350896,52413.91,Plumbing,"$43,765.28 ",1,2,,,"$7,770.00 ","$35,995.28 ",,
CO-1420-3726,0.146350896,52413.91,Site,"$112,359.42 ",,,2,2,,,"$43,705.76 ","$68,653.66 "
CO-1420-3726,0.146350896,52413.91,Specialties,"$14,104.31 ",,,,3,,,,"$14,104.31 "
CO-1420-5024,0.10548326,47473,Electrical,"$230,072.20 ",,,2,1,,,"$190,836.36 ","$39,235.84 "
CO-1420-5024,0.10548326,47473,Exterior,"$54,506.28 ",,2,,1,,"$50,512.64 ",,"$3,993.65 "
CO-1420-5024,0.10548326,47473,HVAC,"$461,458.98 ",,,4,,,,"$461,458.98 ",
CO-1420-5024,0.10548326,47473,Interior,"$689,445.46 ",,,1,5,,,"$104,062.50 ","$585,382.96 "
CO-1420-5024,0.10548326,47473,Other,"$13,198.00 ",,,3,,,,"$13,198.00 ",
CO-1420-5024,0.10548326,47473,Plumbing,"$9,990.00 ",1,1,,,"$7,770.00 ","$2,220.00 ",,
CO-1420-5024,0.10548326,47473,Site,"$146,891.32 ",,,1,1,,,"$138,750.00 ","$8,141.32 "
CO-1420-5024,0.10548326,47473,Specialties,"$111,324.41 ",,1,1,5,,"$2,131.34 ","$29,532.06 ","$79,661.00 "
CO-1420-6330,0.093783795,4160,Electrical,"$24,172.08 ",,1,,,,"$24,172.08 ",,
CO-1420-6330,0.093783795,4160,Exterior,"$33,836.81 ",,1,1,,,"$27,750.00 ","$6,086.81 ",
CO-1420-6330,0.093783795,4160,Fire and Life Safety,"$11,100.00 ",1,,,,"$11,100.00 ",,,
CO-1420-6330,0.093783795,4160,HVAC,"$1,353,838.98 ",2,2,2,1,"$251,432.66 ","$376,895.09 ","$467,861.07 ","$257,650.16 "
CO-1420-6330,0.093783795,4160,Interior,"$1,327,039.10 ",1,,4,4,$563.31 ,,"$497,887.96 ","$828,587.83 "
CO-1420-6330,0.093783795,4160,Other,"$6,660.00 ",,,2,,,,"$6,660.00 ",
CO-1420-6330,0.093783795,4160,Plumbing,"$171,464.80 ",1,2,2,,"$2,189.50 ","$52,763.89 ","$116,511.41 ",
CO-1420-6330,0.093783795,4160,Site,"$935,567.90 ",,,5,7,,,"$283,969.02 ","$651,598.87 "
CO-1420-6330,0.093783795,4160,Specialties,"$121,939.96 ",,,,6,,,,"$121,939.96 "
CO-1420-6330,0.093783795,4160,Stairs and Elevators,"$38,044.75 ",,,,1,,,,"$38,044.75 "
CO-1420-6330,0.093783795,4160,Structure,"$193,763.09 ",,1,1,,,"$111,000.00 ","$82,763.09 ",
CO-1420-6828,0.136832639,42833.71,Electrical,"$122,975.80 ",,1,2,,,"$38,850.00 ","$84,125.80 ",
CO-1420-6828,0.136832639,42833.71,Exterior,"$57,158.15 ",,1,,1,,"$51,342.84 ",,"$5,815.31 "
CO-1420-6828,0.136832639,42833.71,HVAC,"$906,633.04 ",,1,2,,,"$405,150.00 ","$501,483.04 ",
CO-1420-6828,0.136832639,42833.71,Interior,"$439,461.03 ",,,1,2,,,"$212,287.50 ","$227,173.53 "
CO-1420-6828,0.136832639,42833.71,Other,"$2,775.00 ",,,1,,,,"$2,775.00 ",
CO-1420-6828,0.136832639,42833.71,Plumbing,"$148,925.19 ",,2,2,,,"$20,383.47 ","$128,541.72 ",
CO-1420-6828,0.136832639,42833.71,Site,"$454,840.99 ",,,4,2,,,"$261,839.22 ","$193,001.77 "
CO-1420-6828,0.136832639,42833.71,Specialties,"$56,766.28 ",,,,4,,,,"$56,766.28 "
CO-1420-6828,0.136832639,42833.71,Stairs and Elevators,"$44,884.75 ",,,,2,,,,"$44,884.75 "
CO-1420-6828,0.136832639,42833.71,Structure,"$15,084.78 ",1,,,,"$15,084.78 ",,,
CO-1420-7708,0.155775902,46372.64,Electrical,"$39,725.80 ",,1,1,,,"$38,850.00 ",$875.80 ,
CO-1420-7708,0.155775902,46372.64,Exterior,"$98,105.74 ",,1,,1,,"$21,457.10 ",,"$76,648.64 "
CO-1420-7708,0.155775902,46372.64,HVAC,"$762,933.87 ",1,2,1,,"$166,500.00 ","$271,950.00 ","$324,483.87 ",
CO-1420-7708,0.155775902,46372.64,Interior,"$1,216,819.54 ",,,3,8,,,"$310,093.34 ","$906,726.20 "
CO-1420-7708,0.155775902,46372.64,Plumbing,"$324,540.04 ",2,2,7,,"$222,000.00 ","$22,200.00 ","$80,340.04 ",
CO-1420-7708,0.155775902,46372.64,Roofing,"$9,593.90 ",,1,,,,"$9,593.90 ",,
CO-1420-7708,0.155775902,46372.64,Site,"$128,397.03 ",,,2,2,,,"$118,735.89 ","$9,661.14 "
CO-1420-7708,0.155775902,46372.64,Specialties,"$179,565.80 ",,,1,3,,,"$95,819.52 ","$83,746.28 "
CO-1420-8432,0.246085512,54461.55,Electrical,"$422,631.02 ",,1,4,2,,"$61,050.00 ","$312,571.26 ","$49,009.76 "
CO-1420-8432,0.246085512,54461.55,Exterior,$963.38 ,,,,1,,,,$963.38 
CO-1420-8432,0.246085512,54461.55,HVAC,"$3,310,628.90 ",1,3,4,1,"$166,500.00 ","$2,874,900.00 ","$258,103.86 ","$11,125.04 "
CO-1420-8432,0.246085512,54461.55,Interior,"$340,503.31 ",,,2,5,,,"$154,815.44 ","$185,687.87 "
CO-1420-8432,0.246085512,54461.55,Other,"$35,508.03 ",,,3,,,,"$35,508.03 ",
CO-1420-8432,0.246085512,54461.55,Plumbing,"$18,295.71 ",1,1,1,,"$7,770.00 ","$7,770.00 ","$2,755.71 ",
CO-1420-8432,0.246085512,54461.55,Site,"$104,303.08 ",,,1,3,,,"$11,530.54 ","$92,772.55 "
CO-1420-8432,0.246085512,54461.55,Specialties,"$798,534.84 ",,,,6,,,,"$798,534.84 "
CO-1420-8834,0.050317297,#N/A,Electrical,$875.80 ,,,1,,,,$875.80 ,
CO-1420-8834,0.050317297,#N/A,Exterior,"$26,266.60 ",,2,1,1,,"$12,940.82 ","$2,225.77 ","$11,100.00 "
CO-1420-8834,0.050317297,#N/A,HVAC,"$327,388.31 ",1,,1,,"$85,404.79 ",,"$241,983.52 ",
CO-1420-8834,0.050317297,#N/A,Interior,"$207,014.62 ",,1,1,1,,"$2,419.78 ","$162,337.50 ","$42,257.34 "
CO-1420-8834,0.050317297,#N/A,Other,"$2,775.00 ",,,1,,,,"$2,775.00 ",
CO-1420-8834,0.050317297,#N/A,Plumbing,"$6,743.66 ",,,,1,,,,"$6,743.66 "
CO-1420-8834,0.050317297,#N/A,Site,"$384,249.42 ",,,6,2,,,"$366,239.47 ","$18,009.95 "
CO-1420-8834,0.050317297,#N/A,Specialties,"$5,905.95 ",,,,2,,,,"$5,905.95 "
CO-1420-0148,0.109653385,40644,Electrical,"$10,281.90 ",,,1,1,,,$875.80 ,"$9,406.10 "
CO-1420-0148,0.109653385,40644,Exterior,"$146,593.59 ",,1,3,2,,"$111,000.00 ","$19,969.32 ","$15,624.27 "
CO-1420-0148,0.109653385,40644,Fire and Life Safety,"$2,686.95 ",1,,,,"$2,686.95 ",,,
CO-1420-0148,0.109653385,40644,HVAC,"$989,321.59 ",,3,,,,"$989,321.59 ",,
CO-1420-0148,0.109653385,40644,Interior,"$116,550.00 ",,,1,1,,,"$61,050.00 ","$55,500.00 "
CO-1420-0148,0.109653385,40644,Other,"$4,440.00 ",,,2,,,,"$4,440.00 ",
CO-1420-0148,0.109653385,40644,Plumbing,"$27,750.00 ",,2,,,,"$27,750.00 ",,
CO-1420-0148,0.109653385,40644,Site,"$402,730.28 ",,,5,2,,,"$373,421.56 ","$29,308.72 "
CO-1420-0148,0.109653385,40644,Specialties,"$18,068.10 ",,,1,2,,,"$5,174.91 ","$12,893.19 "
CO-1420-0148,0.109653385,40644,Structure,"$111,000.00 ",,1,,,,"$111,000.00 ",,
CO-1420-0378,0.060845666,237053.02,Electrical,"$1,731,715.03 ",,1,4,,,"$704,850.00 ","$1,026,865.03 ",
CO-1420-0378,0.060845666,237053.02,Exterior,"$103,262.27 ",,2,2,4,,"$13,720.29 ","$11,340.06 ","$78,201.92 "
CO-1420-0378,0.060845666,237053.02,Fire and Life Safety,"$2,686.95 ",1,,,,"$2,686.95 ",,,
CO-1420-0378,0.060845666,237053.02,HVAC,"$5,228,460.46 ",1,2,1,,"$494,856.25 ","$4,612,305.92 ","$121,298.29 ",
CO-1420-0378,0.060845666,237053.02,Interior,"$1,836,617.01 ",,,2,9,,,"$394,252.72 ","$1,442,364.29 "
CO-1420-0378,0.060845666,237053.02,Other,$1.75 ,1,,,,$1.75 ,,,
CO-1420-0378,0.060845666,237053.02,Plumbing,"$22,212.71 ",,1,,1,,"$11,100.00 ",,"$11,112.71 "
CO-1420-0378,0.060845666,237053.02,Site,"$216,297.29 ",,,4,1,,,"$190,949.13 ","$25,348.16 "
CO-1420-0378,0.060845666,237053.02,Specialties,"$168,952.41 ",,,2,1,,,"$147,902.37 ","$21,050.04 "
CO-1420-0378,0.060845666,237053.02,Stairs and Elevators,"$58,433.37 ",,,1,2,,,"$54,755.01 ","$3,678.36 "
CO-1420-0378,0.060845666,237053.02,Structure,"$1,511.07 ",,,,1,,,,"$1,511.07 "
CO-1420-1244,0.110465052,43487.1,Electrical,"$268,964.02 ",,2,2,,,"$92,220.59 ","$176,743.44 ",
CO-1420-1244,0.110465052,43487.1,Exterior,"$19,968.23 ",,,1,,,,"$19,968.23 ",
CO-1420-1244,0.110465052,43487.1,Fire and Life Safety,"$8,325.00 ",,,,1,,,,"$8,325.00 "
CO-1420-1244,0.110465052,43487.1,HVAC,"$525,751.61 ",2,2,1,,"$403,835.05 ","$91,386.18 ","$30,530.38 ",
CO-1420-1244,0.110465052,43487.1,Interior,"$568,042.50 ",,,2,9,,,"$225,607.50 ","$342,435.00 "
CO-1420-1244,0.110465052,43487.1,Other,"$4,440.00 ",,,2,,,,"$4,440.00 ",
CO-1420-1244,0.110465052,43487.1,Plumbing,"$5,550.00 ",,,,1,,,,"$5,550.00 "
CO-1420-1244,0.110465052,43487.1,Roofing,"$156,339.05 ",,1,,,,"$156,339.05 ",,
CO-1420-1244,0.110465052,43487.1,Site,"$427,350.00 ",,1,2,1,,"$55,500.00 ","$360,750.00 ","$11,100.00 "
CO-1420-1244,0.110465052,43487.1,Specialties,"$115,876.23 ",,,,4,,,,"$115,876.23 "
CO-1420-2288,0.070309903,129098,Electrical,"$824,617.49 ",,1,6,1,,"$333,000.00 ","$480,330.18 ","$11,287.31 "
CO-1420-2288,0.070309903,129098,Exterior,"$103,343.51 ",2,,1,1,"$68,031.26 ",,"$5,359.89 ","$29,952.36 "
CO-1420-2288,0.070309903,129098,Fire and Life Safety,"$449,920.75 ",,,1,,,,"$449,920.75 ",
CO-1420-2288,0.070309903,129098,HVAC,"$1,264,880.25 ",,2,2,1,,"$965,700.00 ","$226,860.20 ","$72,320.05 "
CO-1420-2288,0.070309903,129098,Interior,"$164,043.88 ",,,1,7,,,"$8,699.85 ","$155,344.03 "
CO-1420-2288,0.070309903,129098,Other,"$6,660.00 ",,,2,,,,"$6,660.00 ",
CO-1420-2288,0.070309903,129098,Plumbing,"$41,070.00 ",,1,1,,,"$7,770.00 ","$33,300.00 ",
CO-1420-2288,0.070309903,129098,Roofing,"$29,006.50 ",,1,,,,"$29,006.50 ",,
CO-1420-2288,0.070309903,129098,Site,"$513,295.44 ",,2,3,7,,"$14,201.26 ","$256,375.22 ","$242,718.95 "
CO-1420-2288,0.070309903,129098,Specialties,"$85,921.09 ",,,1,1,,,"$55,415.23 ","$30,505.86 "
CO-1420-2866,0.216577569,65145.9,Electrical,"$278,578.49 ",,,3,1,,,"$276,697.27 ","$1,881.22 "
CO-1420-2866,0.216577569,65145.9,Exterior,"$198,281.10 ",,2,1,,,"$186,107.48 ","$12,173.61 ",
CO-1420-2866,0.216577569,65145.9,Fire and Life Safety,"$8,236.95 ",2,,,,"$8,236.95 ",,,
CO-1420-2866,0.216577569,65145.9,HVAC,"$2,970,898.63 ",1,7,4,2,"$166,500.00 ","$1,480,637.23 ","$1,246,225.08 ","$77,536.32 "
CO-1420-2866,0.216577569,65145.9,Interior,"$1,093,082.67 ",,,3,6,,,"$125,791.44 ","$967,291.23 "
CO-1420-2866,0.216577569,65145.9,Other,"$4,440.00 ",,,2,,,,"$4,440.00 ",
CO-1420-2866,0.216577569,65145.9,Plumbing,"$94,350.00 ",,2,,,,"$94,350.00 ",,
CO-1420-2866,0.216577569,65145.9,Roofing,"$92,274.28 ",,,1,,,,"$92,274.28 ",
CO-1420-2866,0.216577569,65145.9,Site,"$882,178.94 ",,1,4,2,,"$146,520.00 ","$631,675.79 ","$103,983.15 "
CO-1420-2866,0.216577569,65145.9,Specialties,"$30,834.29 ",,,,5,,,,"$30,834.29 "
CO-1420-2866,0.216577569,65145.9,Stairs and Elevators,$333.16 ,,,,1,,,,$333.16 
CO-1420-2866,0.216577569,65145.9,Structure,"$3,713.07 ",,,,1,,,,"$3,713.07 "
CO-1420-3216,0.19195154,45919.93,Electrical,"$352,596.73 ",1,2,1,,"$277,500.00 ","$73,431.73 ","$1,665.00 ",
CO-1420-3216,0.19195154,45919.93,Exterior,"$60,868.09 ",,,1,,,,"$60,868.09 ",
CO-1420-3216,0.19195154,45919.93,HVAC,"$905,437.08 ",1,1,3,,"$166,500.00 ","$277,500.00 ","$461,437.08 ",
CO-1420-3216,0.19195154,45919.93,Interior,"$1,346,908.02 ",,,3,8,,,"$197,617.55 ","$1,149,290.47 "
CO-1420-3216,0.19195154,45919.93,Other,"$4,440.00 ",,,2,,,,"$4,440.00 ",
CO-1420-3216,0.19195154,45919.93,Plumbing,"$252,522.94 ",,3,4,,,"$94,902.94 ","$157,620.00 ",
CO-1420-3216,0.19195154,45919.93,Site,"$83,250.00 ",,,1,,,,"$83,250.00 ",
CO-1420-3216,0.19195154,45919.93,Specialties,"$500,739.68 ",,,1,6,,,"$29,532.06 ","$471,207.62 "
CO-1420-8300,0.160571825,45525.66,Electrical,"$213,350.46 ",,4,1,1,,"$203,068.56 ",$875.80 ,"$9,406.10 "
CO-1420-8300,0.160571825,45525.66,Exterior,"$147,630.00 ",,2,,,,"$147,630.00 ",,
CO-1420-8300,0.160571825,45525.66,Fire and Life Safety,"$2,686.95 ",1,,,,"$2,686.95 ",,,
CO-1420-8300,0.160571825,45525.66,HVAC,"$578,736.07 ",2,2,,,"$467,736.07 ","$111,000.00 ",,
CO-1420-8300,0.160571825,45525.66,Interior,"$1,071,602.77 ",,,1,7,,,"$154,012.50 ","$917,590.27 "
CO-1420-8300,0.160571825,45525.66,Other,"$4,440.00 ",,,2,,,,"$4,440.00 ",
CO-1420-8300,0.160571825,45525.66,Plumbing,"$243,175.74 ",,4,1,17,,"$74,370.00 ","$22,200.00 ","$146,605.74 "
CO-1420-8300,0.160571825,45525.66,Roofing,"$46,162.81 ",,1,1,,,"$27,750.00 ","$18,412.81 ",
CO-1420-8300,0.160571825,45525.66,Site,"$430,687.63 ",,,4,,,,"$430,687.63 ",
CO-1420-8300,0.160571825,45525.66,Specialties,"$164,821.67 ",,,2,4,,,"$44,989.93 ","$119,831.74 "
CO-1420-8300,0.160571825,45525.66,Stairs and Elevators,"$21,019.19 ",,,,1,,,,"$21,019.19 "
CO-1420-9058,0.240189799,44263,Electrical,"$269,823.20 ",,2,3,2,,"$123,912.83 ","$96,900.60 ","$49,009.76 "
CO-1420-9058,0.240189799,44263,Exterior,"$14,394.66 ",,,1,3,,,"$11,998.46 ","$2,396.20 "
CO-1420-9058,0.240189799,44263,HVAC,"$1,043,400.00 ",,1,,,,"$1,043,400.00 ",,
CO-1420-9058,0.240189799,44263,Interior,"$1,418,042.15 ",,,4,8,,,"$293,188.54 ","$1,124,853.61 "
CO-1420-9058,0.240189799,44263,Other,"$4,440.00 ",,,2,,,,"$4,440.00 ",
CO-1420-9058,0.240189799,44263,Plumbing,"$276,537.54 ",1,1,4,20,"$7,770.00 ","$45,099.32 ","$137,391.47 ","$86,276.75 "
CO-1420-9058,0.240189799,44263,Site,"$847,554.94 ",,,6,3,,,"$820,614.02 ","$26,940.92 "
CO-1420-9058,0.240189799,44263,Specialties,"$188,722.28 ",,2,,4,,"$77,700.00 ",,"$111,022.28 "
CO-1420-9058,0.240189799,44263,Stairs and Elevators,"$8,325.00 ",,1,,,,"$8,325.00 ",,
CO-1420-9058,0.240189799,44263,Structure,"$166,501.11 ",1,1,,,"$166,500.00 ",$1.11 ,,
CO-1420-0664,0.050963812,255560.28,Electrical,"$1,058,903.41 ",,,1,,,,"$1,058,903.41 ",
CO-1420-0664,0.050963812,255560.28,Exterior,"$2,679.95 ",,,1,,,,"$2,679.95 ",
CO-1420-0664,0.050963812,255560.28,Fire and Life Safety,"$5,373.91 ",2,,,,"$5,373.91 ",,,
CO-1420-0664,0.050963812,255560.28,HVAC,"$1,191,399.97 ",,4,,,"$61,050.00 ","$1,130,349.97 ",,
CO-1420-0664,0.050963812,255560.28,Interior,"$1,949,386.08 ",1,,1,5,"$31,402.27 ",,"$391,275.00 ","$1,526,708.82 "
CO-1420-0664,0.050963812,255560.28,Other,$1.75 ,1,,,,$1.75 ,,,
CO-1420-0664,0.050963812,255560.28,Plumbing,"$75,581.54 ",,1,2,3,,"$8,363.89 ","$7,002.90 ","$60,214.75 "
CO-1420-0664,0.050963812,255560.28,Roofing,"$111,000.00 ",1,,,,"$111,000.00 ",,,
CO-1420-0664,0.050963812,255560.28,Site,"$909,726.07 ",,,3,1,,,"$891,604.03 ","$18,122.05 "
CO-1420-0664,0.050963812,255560.28,Specialties,"$33,081.51 ",,,2,1,,,"$10,349.82 ","$22,731.69 "
CO-1420-0664,0.050963812,255560.28,Structure,"$115,233.38 ",1,,1,,"$3,503.20 ",,"$111,730.18 ",
CO-1420-0660,0.043357302,122366.58,Electrical,"$516,150.00 ",,1,1,,,"$49,950.00 ","$466,200.00 ",
CO-1420-0660,0.043357302,122366.58,Exterior,"$13,320.00 ",,,1,,,,"$13,320.00 ",
CO-1420-0660,0.043357302,122366.58,Fire and Life Safety,"$5,373.91 ",2,,,,"$5,373.91 ",,,
CO-1420-0660,0.043357302,122366.58,HVAC,"$66,600.00 ",,1,,,,"$66,600.00 ",,
CO-1420-0660,0.043357302,122366.58,Interior,"$1,073,877.84 ",,,1,2,,,"$266,400.00 ","$807,477.84 "
CO-1420-0660,0.043357302,122366.58,Other,$1.75 ,1,,,,$1.75 ,,,
CO-1420-0660,0.043357302,122366.58,Plumbing,"$67,472.08 ",,1,,,,"$67,472.08 ",,
CO-1420-0660,0.043357302,122366.58,Site,"$58,164.00 ",,,1,1,,,"$55,500.00 ","$2,664.00 "
CO-1420-0660,0.043357302,122366.58,Specialties,"$69,536.94 ",,,1,,,,"$69,536.94 ",
CO-1420-0660,0.043357302,122366.58,Structure,"$21,172.46 ",,,1,,,,"$21,172.46 ",
CO-1420-1318,0.087934966,99693.6,Electrical,"$480,698.11 ",,1,5,1,,"$1,610.94 ","$471,186.05 ","$7,901.11 "
CO-1420-1318,0.087934966,99693.6,Exterior,"$19,118.01 ",,1,,2,,"$16,079.68 ",,"$3,038.33 "
CO-1420-1318,0.087934966,99693.6,HVAC,"$1,477,861.95 ",,1,3,,,"$732,600.00 ","$745,261.95 ",
CO-1420-1318,0.087934966,99693.6,Interior,"$435,019.32 ",,,2,6,,,"$390,249.28 ","$44,770.04 "
CO-1420-1318,0.087934966,99693.6,Other,"$4,995.00 ",,,1,,,,"$4,995.00 ",
CO-1420-1318,0.087934966,99693.6,Plumbing,"$107,081.86 ",,2,,1,,"$26,403.63 ",,"$80,678.23 "
CO-1420-1318,0.087934966,99693.6,Roofing,"$9,070.38 ",1,1,2,,"$1,923.34 ","$2,986.75 ","$4,160.28 ",
CO-1420-1318,0.087934966,99693.6,Site,"$620,925.08 ",,1,2,3,,"$166,500.00 ","$378,872.05 ","$75,553.03 "
CO-1420-1318,0.087934966,99693.6,Specialties,"$299,049.85 ",,1,1,9,,"$4,440.31 ","$46,823.17 ","$247,786.37 "
CO-1420-1318,0.087934966,99693.6,Structure,"$132,714.87 ",,1,1,2,,"$55,500.00 ","$8,276.30 ","$68,938.57 "
CO-1420-3622,0.233598956,36920.25,Electrical,"$234,591.60 ",,2,5,1,,"$121,205.70 ","$107,742.25 ","$5,643.65 "
CO-1420-3622,0.233598956,36920.25,Exterior,"$293,413.87 ",,1,3,2,,"$277,500.00 ","$12,542.05 ","$3,371.82 "
CO-1420-3622,0.233598956,36920.25,HVAC,"$933,089.35 ",1,3,1,2,"$166,500.00 ","$628,665.04 ","$57,872.35 ","$80,051.97 "
CO-1420-3622,0.233598956,36920.25,Interior,"$958,156.10 ",,1,2,7,,"$164,496.25 ","$178,099.80 ","$615,560.05 "
CO-1420-3622,0.233598956,36920.25,Other,"$2,775.00 ",,,1,,,,"$2,775.00 ",
CO-1420-3622,0.233598956,36920.25,Plumbing,"$73,578.14 ",,3,,,,"$73,578.14 ",,
CO-1420-3622,0.233598956,36920.25,Roofing,"$13,813.91 ",1,,1,,"$2,428.50 ",,"$11,385.40 ",
CO-1420-3622,0.233598956,36920.25,Site,"$693,315.01 ",,2,5,7,,"$48,229.82 ","$329,122.63 ","$315,962.57 "
CO-1420-3622,0.233598956,36920.25,Specialties,"$294,610.85 ",,,1,4,,,"$222,000.00 ","$72,610.85 "
CO-1420-3622,0.233598956,36920.25,Stairs and Elevators,"$38,222.24 ",,,,3,,,,"$38,222.24 "
CO-1420-4549,0.164511961,45418.05,Electrical,"$532,297.94 ",,,5,3,,,"$237,512.88 ","$294,785.05 "
CO-1420-4549,0.164511961,45418.05,Exterior,"$10,356.54 ",,1,1,,,"$7,676.59 ","$2,679.95 ",
CO-1420-4549,0.164511961,45418.05,Fire and Life Safety,"$2,686.95 ",1,,,,"$2,686.95 ",,,
CO-1420-4549,0.164511961,45418.05,Interior,"$819,240.76 ",,,1,6,,,"$288,600.00 ","$530,640.76 "
CO-1420-4549,0.164511961,45418.05,Other,"$2,775.00 ",,,1,,,,"$2,775.00 ",
CO-1420-4549,0.164511961,45418.05,Plumbing,"$3,698.22 ",,,1,,,,"$3,698.22 ",
CO-1420-4549,0.164511961,45418.05,Site,"$959,732.93 ",,,7,7,,,"$776,884.30 ","$182,848.62 "
CO-1420-4549,0.164511961,45418.05,Specialties,"$925,919.32 ",,,,6,,,,"$925,919.32 "
CO-1420-4550,0.000124857,58511.27,Other,"$2,775.00 ",,,1,,,,"$2,775.00 ",
CO-1420-6844,0.154627869,44015.96,Electrical,"$183,516.62 ",,,2,,,,"$183,516.62 ",
CO-1420-6844,0.154627869,44015.96,Exterior,"$23,562.51 ",,,,2,,,,"$23,562.51 "
CO-1420-6844,0.154627869,44015.96,HVAC,"$388,500.00 ",,2,,,,"$388,500.00 ",,
CO-1420-6844,0.154627869,44015.96,Interior,"$1,143,966.00 ",,1,3,,,"$83,250.00 ","$1,060,716.00 ",
CO-1420-6844,0.154627869,44015.96,Other,"$2,775.00 ",,,1,,,,"$2,775.00 ",
CO-1420-6844,0.154627869,44015.96,Site,"$547,116.09 ",,,4,2,,,"$328,327.30 ","$218,788.79 "
CO-1420-6844,0.154627869,44015.96,Specialties,"$584,283.90 ",,1,,2,,"$244,200.00 ",,"$340,083.90 "
CO-1420-7282,0.127108546,29176.49,Electrical,"$3,527.72 ",,,1,,,,"$3,527.72 ",
CO-1420-7282,0.127108546,29176.49,Exterior,"$105,738.69 ",,9,1,2,,"$81,698.34 ","$6,431.87 ","$17,608.47 "
CO-1420-7282,0.127108546,29176.49,Fire and Life Safety,"$2,686.95 ",1,,,,"$2,686.95 ",,,
CO-1420-7282,0.127108546,29176.49,HVAC,"$250,086.06 ",,5,,,,"$250,086.06 ",,
CO-1420-7282,0.127108546,29176.49,Interior,"$563,203.74 ",,2,3,27,,"$32,032.38 ","$321,116.35 ","$210,055.01 "
CO-1420-7282,0.127108546,29176.49,Other,"$2,775.00 ",,,1,,,,"$2,775.00 ",
CO-1420-7282,0.127108546,29176.49,Plumbing,"$212,472.95 ",,3,3,5,,"$97,209.42 ","$56,247.39 ","$59,016.15 "
CO-1420-7282,0.127108546,29176.49,Roofing,"$74,803.92 ",6,,2,,"$59,021.92 ",,"$15,782.00 ",
CO-1420-7282,0.127108546,29176.49,Site,"$377,177.41 ",,,4,11,,,"$206,052.51 ","$171,124.90 "
CO-1420-7282,0.127108546,29176.49,Specialties,"$153,276.64 ",,,3,7,,,"$116,649.80 ","$36,626.84 "
CO-1420-7282,0.127108546,29176.49,Stairs and Elevators,"$585,976.75 ",,,,21,,,,"$585,976.75 "
CO-1420-9412,0.179979528,51616,Electrical,"$45,684.67 ",,1,3,1,,"$16,027.13 ","$29,469.41 ",$188.12 
CO-1420-9412,0.179979528,51616,Exterior,"$67,390.99 ",,3,1,3,,"$58,847.38 ","$8,066.11 ",$477.49 
CO-1420-9412,0.179979528,51616,Fire and Life Safety,"$2,686.95 ",1,,,,"$2,686.95 ",,,
CO-1420-9412,0.179979528,51616,HVAC,"$797,064.97 ",1,7,3,2,"$166,500.00 ","$483,482.43 ","$111,288.31 ","$35,794.23 "
CO-1420-9412,0.179979528,51616,Interior,"$885,362.09 ",,1,3,15,,"$22,595.64 ","$83,990.27 ","$778,776.18 "
CO-1420-9412,0.179979528,51616,Plumbing,"$135,745.30 ",,,2,5,,,"$8,765.00 ","$126,980.29 "
CO-1420-9412,0.179979528,51616,Roofing,"$251,024.96 ",,,1,,,,"$251,024.96 ",
CO-1420-9412,0.179979528,51616,Site,"$380,785.27 ",,1,2,3,,"$4,221.35 ","$366,300.00 ","$10,263.91 "
CO-1420-9412,0.179979528,51616,Specialties,"$536,557.88 ",,,1,8,,,"$6,372.32 ","$530,185.56 "
CO-1420-0952,0.08485918,46069.77,Electrical,"$83,250.00 ",,,1,,,,"$83,250.00 ",
CO-1420-0952,0.08485918,46069.77,Exterior,"$13,659.46 ",,,1,1,,,"$13,320.00 ",$339.46 
CO-1420-0952,0.08485918,46069.77,HVAC,"$1,049,166.14 ",,3,1,,,"$927,066.14 ","$122,100.00 ",
CO-1420-0952,0.08485918,46069.77,Interior,"$785,198.28 ",,,2,7,,,"$113,899.95 ","$671,298.33 "
CO-1420-0952,0.08485918,46069.77,Other,"$2,775.00 ",,,1,,,,"$2,775.00 ",
CO-1420-0952,0.08485918,46069.77,Plumbing,"$2,837.59 ",,,,1,,,,"$2,837.59 "
CO-1420-0952,0.08485918,46069.77,Site,"$49,395.00 ",,,1,,,,"$49,395.00 ",
CO-1420-0952,0.08485918,46069.77,Specialties,"$27,662.82 ",,,1,1,,,"$26,159.95 ","$1,502.87 "
CO-1420-0952,0.08485918,46069.77,Structure,"$15,950.22 ",,,,1,,,,"$15,950.22 "
CO-1420-0950,0.079253449,48681.93,Electrical,"$117,584.90 ",,1,1,1,,"$85,478.07 ","$13,294.65 ","$18,812.18 "
CO-1420-0950,0.079253449,48681.93,Exterior,"$111,000.00 ",,1,,,,"$111,000.00 ",,
CO-1420-0950,0.079253449,48681.93,Fire and Life Safety,"$2,686.95 ",1,,,,"$2,686.95 ",,,
CO-1420-0950,0.079253449,48681.93,HVAC,"$455,032.33 ",,1,,1,,"$444,000.00 ",,"$11,032.33 "
CO-1420-0950,0.079253449,48681.93,Interior,"$626,599.81 ",,,2,5,,,"$119,512.78 ","$507,087.03 "
CO-1420-0950,0.079253449,48681.93,Other,"$2,775.00 ",,,1,,,,"$2,775.00 ",
CO-1420-0950,0.079253449,48681.93,Plumbing,"$92,110.50 ",1,,1,4,"$10,427.27 ",,"$62,759.82 ","$18,923.40 "
CO-1420-0950,0.079253449,48681.93,Roofing,"$28,796.74 ",,,2,1,,,"$21,932.22 ","$6,864.52 "
CO-1420-0950,0.079253449,48681.93,Site,"$125,720.93 ",,1,2,2,,"$4,221.35 ","$72,150.00 ","$49,349.58 "
CO-1420-0950,0.079253449,48681.93,Specialties,"$28,192.36 ",,,1,1,,,"$17,857.91 ","$10,334.44 "
CO-1420-1522,0.057901543,272641.02,Electrical,"$1,369,063.58 ",1,1,3,1,"$10,068.78 ","$20,855.72 ","$1,297,624.58 ","$40,514.50 "
CO-1420-1522,0.057901543,272641.02,Exterior,"$462,777.06 ",,2,2,1,,"$360,750.00 ","$101,545.38 ",$481.68 
CO-1420-1522,0.057901543,272641.02,HVAC,"$2,305,500.44 ",,,4,1,"$87,607.84 ","$829,558.14 ","$1,365,902.42 ","$22,432.03 "
CO-1420-1522,0.057901543,272641.02,Interior,"$1,162,052.73 ",,,2,11,,,"$348,436.86 ","$813,615.87 "
CO-1420-1522,0.057901543,272641.02,Other,$1.75 ,1,,,,$1.75 ,,,
CO-1420-1522,0.057901543,272641.02,Plumbing,"$69,784.19 ",,2,1,4,,"$30,913.56 ","$3,878.04 ","$34,992.59 "
CO-1420-1522,0.057901543,272641.02,Roofing,"$96,015.00 ",2,,,,"$96,015.00 ",,,
CO-1420-1522,0.057901543,272641.02,Site,"$536,290.35 ",,,7,6,,,"$363,541.63 ","$172,748.72 "
CO-1420-1522,0.057901543,272641.02,Specialties,"$696,503.87 ",,,2,6,,,"$247,760.56 ","$448,743.31 "
CO-1420-1876,0.1113868,46543.52,Electrical,"$25,259.83 ",,,1,,,,"$25,259.83 ",
CO-1420-1876,0.1113868,46543.52,Exterior,"$103,276.50 ",,2,,1,,"$102,794.81 ",,$481.68 
CO-1420-1876,0.1113868,46543.52,HVAC,"$1,047,442.15 ",,4,4,1,,"$651,006.73 ","$390,409.36 ","$6,026.07 "
CO-1420-1876,0.1113868,46543.52,Interior,"$369,255.12 ",,,1,4,,,"$244,200.00 ","$125,055.12 "
CO-1420-1876,0.1113868,46543.52,Other,"$2,775.00 ",,,1,,,,"$2,775.00 ",
CO-1420-1876,0.1113868,46543.52,Plumbing,"$39,018.25 ",,1,2,,,"$17,070.71 ","$21,947.54 ",
CO-1420-1876,0.1113868,46543.52,Site,"$402,365.93 ",1,,5,4,"$67,611.75 ",,"$256,606.63 ","$78,147.55 "
CO-1420-1876,0.1113868,46543.52,Specialties,"$45,008.04 ",,,1,1,,,"$36,225.72 ","$8,782.32 "
CO-1420-1876,0.1113868,46543.52,Structure,"$24,828.92 ",,,1,,,,"$24,828.92 ",
CO-1420-2130,0.07924518,120276.83,Electrical,"$113,943.24 ",,1,3,2,,"$48,344.15 ","$52,977.07 ","$12,622.02 "
CO-1420-2130,0.07924518,120276.83,Exterior,"$15,846.37 ",,,,2,,,,"$15,846.37 "
CO-1420-2130,0.07924518,120276.83,HVAC,"$1,717,822.07 ",,2,5,1,,"$106,773.99 ","$1,594,301.04 ","$16,747.05 "
CO-1420-2130,0.07924518,120276.83,Interior,"$985,637.51 ",,,4,8,,,"$470,527.21 ","$515,110.30 "
CO-1420-2130,0.07924518,120276.83,Plumbing,"$113,025.67 ",,2,,3,,"$70,790.92 ",,"$42,234.76 "
CO-1420-2130,0.07924518,120276.83,Site,"$238,648.79 ",,,3,,,,"$238,648.79 ",
CO-1420-2130,0.07924518,120276.83,Specialties,"$384,007.97 ",,,1,5,,,"$5,174.91 ","$378,833.07 "
CO-1420-2130,0.07924518,120276.83,Stairs and Elevators,"$163,592.42 ",,,,2,,,,"$163,592.42 "
CO-1420-2963,0.046822475,113571.54,Electrical,"$524,380.83 ",,2,1,,,"$62,181.80 ","$462,199.03 ",
CO-1420-2963,0.046822475,113571.54,Exterior,"$111,000.00 ",,1,,,,"$111,000.00 ",,
CO-1420-2963,0.046822475,113571.54,HVAC,"$572,131.02 ",,,6,,,,"$572,131.02 ",
CO-1420-2963,0.046822475,113571.54,Interior,"$657,584.82 ",,,1,5,,,"$299,700.00 ","$357,884.82 "
CO-1420-2963,0.046822475,113571.54,Other,"$4,995.00 ",,,1,,,,"$4,995.00 ",
CO-1420-2963,0.046822475,113571.54,Plumbing,"$27,393.28 ",1,1,,1,"$10,427.27 ","$8,363.89 ",,"$8,602.11 "
CO-1420-2963,0.046822475,113571.54,Site,"$68,454.12 ",,,1,1,,,"$66,532.37 ","$1,921.75 "
CO-1420-2963,0.046822475,113571.54,Specialties,"$28,702.52 ",,,2,2,,,"$7,802.31 ","$20,900.21 "
CO-1420-6133,0.106384697,52157.75,Electrical,"$528,687.57 ",,,4,,,,"$528,687.57 ",
CO-1420-6133,0.106384697,52157.75,Exterior,"$30,697.54 ",,1,1,3,,"$10,299.41 ","$2,522.31 ","$17,875.82 "
CO-1420-6133,0.106384697,52157.75,HVAC,"$222,000.00 ",1,1,,,"$166,500.00 ","$55,500.00 ",,
CO-1420-6133,0.106384697,52157.75,Interior,"$846,952.09 ",,,1,7,,,"$104,062.50 ","$742,889.59 "
CO-1420-6133,0.106384697,52157.75,Other,"$2,776.75 ",1,,1,,$1.75 ,,"$2,775.00 ",
CO-1420-6133,0.106384697,52157.75,Plumbing,"$29,039.93 ",1,1,,,"$3,921.83 ","$25,118.10 ",,
CO-1420-6133,0.106384697,52157.75,Site,"$298,681.34 ",,,4,,,,"$298,681.34 ",
CO-1420-6133,0.106384697,52157.75,Specialties,"$134,448.99 ",,,,4,,,,"$134,448.99 "
CO-1420-6133,0.106384697,52157.75,Structure,"$110,052.86 ",1,1,,1,"$7,542.38 ","$3,503.20 ",,"$99,007.27 "
CO-1420-7780,0.078749183,53368.43,Exterior,"$76,988.09 ",,8,,6,,"$69,799.53 ",,"$7,188.56 "
CO-1420-7780,0.078749183,53368.43,Fire and Life Safety,"$2,686.95 ",1,,,,"$2,686.95 ",,,
CO-1420-7780,0.078749183,53368.43,HVAC,"$245,680.50 ",,2,1,,,"$71,698.46 ","$173,982.03 ",
CO-1420-7780,0.078749183,53368.43,Interior,"$831,876.65 ",,,1,31,,,"$104,062.50 ","$727,814.15 "
CO-1420-7780,0.078749183,53368.43,Other,"$38,327.66 ",,1,2,,,"$5,067.15 ","$33,260.51 ",
CO-1420-7780,0.078749183,53368.43,Plumbing,"$75,123.57 ",,,,8,,,,"$75,123.57 "
CO-1420-7780,0.078749183,53368.43,Roofing,"$88,000.98 ",1,2,,,"$10,585.27 ","$77,415.71 ",,
CO-1420-7780,0.078749183,53368.43,Site,"$55,455.66 ",,,,1,,,,"$55,455.66 "
CO-1420-7780,0.078749183,53368.43,Specialties,"$240,646.37 ",,,,4,,,,"$240,646.37 "
CO-1420-7780,0.078749183,53368.43,Stairs and Elevators,$840.77 ,,,,1,,,,$840.77 
CO-1420-7780,0.078749183,53368.43,Structure,"$32,009.72 ",1,,1,,"$11,100.00 ",,"$20,909.72 ",
CO-1420-8280,0.129326946,45230.39,Electrical,"$515,328.93 ",,1,3,3,,"$6,480.92 ","$446,202.55 ","$62,645.46 "
CO-1420-8280,0.129326946,45230.39,Exterior,"$13,503.08 ",,1,1,1,,"$4,790.63 ","$8,039.84 ",$672.62 
CO-1420-8280,0.129326946,45230.39,HVAC,"$891,918.94 ",,1,3,1,,"$682,650.00 ","$204,169.97 ","$5,098.97 "
CO-1420-8280,0.129326946,45230.39,Interior,"$734,766.52 ",,,2,11,,,"$329,199.28 ","$405,567.24 "
CO-1420-8280,0.129326946,45230.39,Other,"$2,775.00 ",,,1,,,,"$2,775.00 ",
CO-1420-8280,0.129326946,45230.39,Plumbing,"$21,048.97 ",,,1,2,,,"$12,191.13 ","$8,857.84 "
CO-1420-8280,0.129326946,45230.39,Site,"$329,245.24 ",,1,4,7,,"$4,221.35 ","$225,941.64 ","$99,082.24 "
CO-1420-8280,0.129326946,45230.39,Specialties,"$36,028.78 ",,,,3,,,,"$36,028.78 "
CO-1420-8280,0.129326946,45230.39,Stairs and Elevators,"$1,050.96 ",,,,1,,,,"$1,050.96 "
CO-1420-9008,0.154694019,46466.04,Electrical,"$193,921.12 ",,,3,2,,,"$192,792.38 ","$1,128.74 "
CO-1420-9008,0.154694019,46466.04,Exterior,"$5,831.95 ",,1,,2,,"$4,950.90 ",,$881.05 
CO-1420-9008,0.154694019,46466.04,HVAC,"$1,685,276.65 ",,5,5,1,,"$1,416,985.39 ","$262,265.19 ","$6,026.07 "
CO-1420-9008,0.154694019,46466.04,Interior,"$580,400.04 ",,,2,10,,,"$290,049.97 ","$290,350.07 "
CO-1420-9008,0.154694019,46466.04,Other,"$2,775.00 ",,,1,,,,"$2,775.00 ",
CO-1420-9008,0.154694019,46466.04,Plumbing,"$117,798.59 ",,1,3,1,,"$48,365.18 ","$55,946.10 ","$13,487.32 "
CO-1420-9008,0.154694019,46466.04,Roofing,"$21,170.54 ",2,,,,"$21,170.54 ",,,
CO-1420-9008,0.154694019,46466.04,Site,"$318,198.15 ",,1,3,5,,"$4,221.35 ","$233,878.73 ","$80,098.07 "
CO-1420-9008,0.154694019,46466.04,Specialties,"$27,834.05 ",,,,2,,,,"$27,834.05 "
CO-1420-1861,0.142833256,47380,Electrical,"$353,866.77 ",,4,2,1,,"$53,780.93 ","$260,850.00 ","$39,235.84 "
CO-1420-1861,0.142833256,47380,Exterior,"$16,650.00 ",,1,,,,"$16,650.00 ",,
CO-1420-1861,0.142833256,47380,Fire and Life Safety,"$2,686.95 ",1,,,,"$2,686.95 ",,,
CO-1420-1861,0.142833256,47380,HVAC,"$1,088,956.92 ",1,3,,,"$208,378.51 ","$880,578.41 ",,
CO-1420-1861,0.142833256,47380,Interior,"$701,086.87 ",,,1,7,,,"$129,037.50 ","$572,049.37 "
CO-1420-1861,0.142833256,47380,Other,"$2,775.00 ",,,1,,,,"$2,775.00 ",
CO-1420-1861,0.142833256,47380,Plumbing,"$43,381.54 ",1,1,1,,"$10,427.27 ","$27,059.59 ","$5,894.68 ",
CO-1420-1861,0.142833256,47380,Roofing,"$17,868.25 ",,1,,,,"$17,868.25 ",,
CO-1420-1861,0.142833256,47380,Site,"$480,882.23 ",,1,5,2,,"$4,221.35 ","$400,502.55 ","$76,158.32 "
CO-1420-1861,0.142833256,47380,Specialties,"$60,860.21 ",,,,3,,,,"$60,860.21 "
CO-1420-1864,0.074190606,256560,Electrical,"$1,195,511.47 ",1,4,4,2,"$49,132.37 ","$50,924.62 ","$1,063,830.04 ","$31,624.43 "
CO-1420-1864,0.074190606,256560,Exterior,"$308,792.44 ",,1,2,6,,"$111,000.00 ","$3,747.76 ","$194,044.68 "
CO-1420-1864,0.074190606,256560,HVAC,"$3,121,845.30 ",,5,5,1,"$2,036,360.78 ","$274,655.39 ","$779,738.23 ","$31,090.90 "
CO-1420-1864,0.074190606,256560,Interior,"$2,633,060.57 ",,1,6,13,,"$29,426.88 ","$1,347,996.91 ","$1,255,636.78 "
CO-1420-1864,0.074190606,256560,Other,$1.75 ,1,,,,$1.75 ,,,
CO-1420-1864,0.074190606,256560,Plumbing,"$149,055.24 ",1,1,3,5,"$10,427.27 ","$20,083.20 ","$24,398.03 ","$94,146.74 "
CO-1420-1864,0.074190606,256560,Site,"$595,204.37 ",,1,7,2,,"$35,032.00 ","$452,140.78 ","$108,031.58 "
CO-1420-1864,0.074190606,256560,Specialties,"$684,785.07 ",,2,2,9,,"$17,494.04 ","$149,535.39 ","$517,755.64 "
CO-1420-1864,0.074190606,256560,Stairs and Elevators,"$5,622.64 ",,,,2,,,,"$5,622.64 "
CO-1420-1864,0.074190606,256560,Structure,"$193,912.60 ",1,,1,,"$93,633.52 ",,"$100,279.09 ",
CO-1420-2322,0.228162991,49780.37,Electrical,"$281,746.36 ",,,1,2,,,"$234,837.15 ","$46,909.21 "
CO-1420-2322,0.228162991,49780.37,Exterior,"$55,500.00 ",,,,1,,,,"$55,500.00 "
CO-1420-2322,0.228162991,49780.37,HVAC,"$1,999,470.12 ",1,4,1,1,"$166,500.00 ","$1,736,386.28 ","$85,458.80 ","$11,125.04 "
CO-1420-2322,0.228162991,49780.37,Interior,"$560,353.42 ",,,1,4,,,"$277,500.00 ","$282,853.42 "
CO-1420-2322,0.228162991,49780.37,Other,"$2,775.00 ",,,1,,,,"$2,775.00 ",
CO-1420-2322,0.228162991,49780.37,Plumbing,"$56,675.82 ",,2,,,,"$56,675.82 ",,
CO-1420-2322,0.228162991,49780.37,Roofing,"$11,100.00 ",1,,,,"$11,100.00 ",,,
CO-1420-2322,0.228162991,49780.37,Site,"$315,618.00 ",,,3,3,,,"$194,250.00 ","$121,368.00 "
CO-1420-2322,0.228162991,49780.37,Specialties,"$844,215.05 ",,,1,6,,,"$33,300.00 ","$810,915.05 "
CO-1420-3536,0.147920448,46907.44,Electrical,"$232,328.67 ",,,4,1,,,"$206,657.61 ","$25,671.06 "
CO-1420-3536,0.147920448,46907.44,Exterior,"$172,343.04 ",,1,,2,,"$151,652.91 ","$9,435.00 ","$11,255.13 "
CO-1420-3536,0.147920448,46907.44,Fire and Life Safety,"$2,686.95 ",1,,,,"$2,686.95 ",,,
CO-1420-3536,0.147920448,46907.44,HVAC,"$1,415,537.62 ",1,4,3,,"$166,500.00 ","$674,933.26 ","$574,104.37 ",
CO-1420-3536,0.147920448,46907.44,Interior,"$886,066.81 ",,,1,3,,,"$288,600.00 ","$597,466.81 "
CO-1420-3536,0.147920448,46907.44,Other,"$2,775.00 ",,,1,,,,"$2,775.00 ",
CO-1420-3536,0.147920448,46907.44,Plumbing,"$59,301.28 ",,1,1,2,,"$22,858.37 ","$25,398.20 ","$11,044.71 "
CO-1420-3536,0.147920448,46907.44,Site,"$220,042.16 ",,,3,1,,,"$208,072.90 ","$11,969.26 "
CO-1420-3536,0.147920448,46907.44,Specialties,"$62,470.83 ",,,1,1,,,"$11,439.69 ","$51,031.14 "
CO-1420-4548,0.116047708,102013.68,Electrical,"$694,469.36 ",,3,6,1,,"$226,887.66 ","$456,294.38 ","$11,287.31 "
CO-1420-4548,0.116047708,102013.68,Exterior,"$35,947.93 ",1,1,,1,"$4,204.28 ","$27,750.00 ",,"$3,993.65 "
CO-1420-4548,0.116047708,102013.68,Fire and Life Safety,"$5,373.91 ",2,,,,"$5,373.91 ",,,
CO-1420-4548,0.116047708,102013.68,HVAC,"$1,545,497.87 ",,3,2,1,,"$1,030,763.39 ","$513,430.41 ","$1,304.06 "
CO-1420-4548,0.116047708,102013.68,Interior,"$1,371,767.12 ",1,,2,10,"$4,347.47 ",,"$381,223.99 ","$986,195.65 "
CO-1420-4548,0.116047708,102013.68,Other,"$2,775.00 ",,,1,,,,"$2,775.00 ",
CO-1420-4548,0.116047708,102013.68,Plumbing,"$68,463.81 ",1,,5,,"$3,921.83 ",,"$64,541.98 ",
CO-1420-4548,0.116047708,102013.68,Site,"$212,829.20 ",,,2,5,,,"$145,072.40 ","$67,756.80 "
CO-1420-4548,0.116047708,102013.68,Specialties,"$606,101.23 ",,,1,7,,,"$50,389.97 ","$555,711.25 "
CO-1420-4548,0.116047708,102013.68,Stairs and Elevators,$411.62 ,,,,1,,,,$411.62 
CO-1420-4548,0.116047708,102013.68,Structure,"$33,105.24 ",,,1,,,,"$33,105.24 ",
CO-1420-5036,0.137914507,48383.01,Electrical,"$122,885.20 ",,,2,,,,"$122,885.20 ",
CO-1420-5036,0.137914507,48383.01,Exterior,"$128,516.00 ",,1,,1,,"$111,000.00 ",,"$17,516.00 "
CO-1420-5036,0.137914507,48383.01,Fire and Life Safety,"$2,686.95 ",1,,,,"$2,686.95 ",,,
CO-1420-5036,0.137914507,48383.01,HVAC,"$1,019,051.97 ",,1,3,2,,"$754,800.00 ","$249,622.24 ","$14,629.73 "
CO-1420-5036,0.137914507,48383.01,Interior,"$963,174.18 ",,1,1,7,,"$38,109.49 ","$212,287.50 ","$712,777.20 "
CO-1420-5036,0.137914507,48383.01,Other,"$2,775.00 ",,,1,,,,"$2,775.00 ",
CO-1420-5036,0.137914507,48383.01,Plumbing,"$18,435.58 ",,,2,,,,"$18,435.58 ",
CO-1420-5036,0.137914507,48383.01,Site,"$324,723.77 ",,,4,2,,,"$269,042.31 ","$55,681.46 "
CO-1420-5036,0.137914507,48383.01,Specialties,"$166,446.03 ",,,,6,,,,"$166,446.03 "
CO-1420-5036,0.137914507,48383.01,Structure,"$7,215.00 ",1,,,,"$7,215.00 ",,,
CO-1420-6286,0.169226661,55701.57,Electrical,"$133,961.66 ",,,1,1,,,"$122,100.00 ","$11,861.66 "
CO-1420-6286,0.169226661,55701.57,Exterior,"$8,325.00 ",,,1,,,,"$8,325.00 ",
CO-1420-6286,0.169226661,55701.57,Fire and Life Safety,"$2,686.95 ",1,,,,"$2,686.95 ",,,
CO-1420-6286,0.169226661,55701.57,HVAC,"$1,918,438.91 ",1,2,2,1,"$166,500.00 ","$1,576,638.51 ","$166,493.07 ","$8,807.33 "
CO-1420-6286,0.169226661,55701.57,Interior,"$796,105.86 ",,1,1,4,,"$9,038.25 ","$178,987.50 ","$608,080.11 "
CO-1420-6286,0.169226661,55701.57,Other,"$2,776.75 ",1,,1,,$1.75 ,,"$2,775.00 ",
CO-1420-6286,0.169226661,55701.57,Plumbing,"$27,943.27 ",1,,1,,"$10,427.27 ",,"$17,516.00 ",
CO-1420-6286,0.169226661,55701.57,Roofing,"$56,092.04 ",1,,,1,"$55,500.00 ",,,$592.04 
CO-1420-6286,0.169226661,55701.57,Site,"$580,198.54 ",,,6,3,,,"$530,803.54 ","$49,395.00 "
CO-1420-6286,0.169226661,55701.57,Specialties,"$92,929.93 ",,,,5,,,,"$92,929.93 "
CO-1420-6286,0.169226661,55701.57,Stairs and Elevators,"$4,203.84 ",,,,1,,,,"$4,203.84 "
CO-1420-1886,0.074555496,613,Electrical,"$965,820.32 ",,1,3,1,,"$19,670.47 ","$906,914.02 ","$39,235.84 "
CO-1420-1886,0.074555496,613,Exterior,"$80,704.99 ",,6,,6,,"$62,873.70 ",,"$17,831.30 "
CO-1420-1886,0.074555496,613,Fire and Life Safety,"$13,608.18 ",,1,,,,"$13,608.18 ",,
CO-1420-1886,0.074555496,613,HVAC,"$1,411,531.60 ",,6,,,"$418,381.24 ","$989,265.36 ","$3,885.00 ",
CO-1420-1886,0.074555496,613,Interior,"$1,579,760.96 ",,,3,27,,,"$413,533.97 ","$1,166,226.98 "
CO-1420-1886,0.074555496,613,Other,"$88,245.00 ",,1,1,,,"$83,250.00 ","$4,995.00 ",
CO-1420-1886,0.074555496,613,Plumbing,"$418,543.48 ",,,4,1,,,"$272,460.06 ","$146,083.43 "
CO-1420-1886,0.074555496,613,Roofing,"$63,968.21 ",2,,,,"$63,968.21 ",,,
CO-1420-1886,0.074555496,613,Site,"$2,387,227.80 ",,,8,8,,,"$2,142,240.18 ","$244,987.62 "
CO-1420-1886,0.074555496,613,Specialties,"$622,144.84 ",,1,2,5,,"$11,100.00 ","$370,264.74 ","$240,780.10 "
CO-1420-1886,0.074555496,613,Stairs and Elevators,"$274,809.57 ",,,1,19,,,"$16,650.00 ","$258,159.57 "
CO-1420-1886,0.074555496,613,Structure,"$49,487.69 ",,,,1,,,,"$49,487.69 "
CO-1420-2616,0.104078179,199.11,Electrical,"$264,383.12 ",,,3,,,,"$264,383.12 ",
CO-1420-2616,0.104078179,199.11,Exterior,"$6,306.42 ",,1,,,,"$6,306.42 ",,
CO-1420-2616,0.104078179,199.11,HVAC,"$174,783.19 ",,1,3,,,"$15,335.05 ","$159,448.14 ",
CO-1420-2616,0.104078179,199.11,Interior,"$302,289.83 ",,,1,5,,,"$129,037.50 ","$173,252.33 "
CO-1420-2616,0.104078179,199.11,Other,"$690,975.00 ",,3,3,,,"$355,200.00 ","$335,775.00 ",
CO-1420-2616,0.104078179,199.11,Plumbing,"$15,927.16 ",1,,1,,"$10,427.27 ",,"$5,499.88 ",
CO-1420-2616,0.104078179,199.11,Roofing,"$66,097.18 ",2,,,,"$66,097.18 ",,,
CO-1420-2616,0.104078179,199.11,Site,"$501,004.65 ",,,4,2,,,"$381,137.41 ","$119,867.24 "
CO-1420-2616,0.104078179,199.11,Specialties,"$255,681.32 ",,,,2,,,,"$255,681.32 "
CO-1420-2616,0.104078179,199.11,Structure,"$3,620.34 ",,,1,,,,"$3,620.34 ",
CO-1420-9424,0.04223261,48099.82,Electrical,"$31,253.20 ",,,3,,,,"$31,253.20 ",
CO-1420-9424,0.04223261,48099.82,Exterior,"$21,019.20 ",,1,1,,,"$10,299.41 ","$10,719.79 ",
CO-1420-9424,0.04223261,48099.82,Fire and Life Safety,"$2,686.95 ",1,,,,"$2,686.95 ",,,
CO-1420-9424,0.04223261,48099.82,HVAC,"$9,938.36 ",,,,1,,,,"$9,938.36 "
CO-1420-9424,0.04223261,48099.82,Interior,"$493,672.50 ",,,1,3,,,"$104,062.50 ","$389,610.00 "
CO-1420-9424,0.04223261,48099.82,Plumbing,"$23,704.96 ",,,2,3,,,"$6,051.02 ","$17,653.94 "
CO-1420-9424,0.04223261,48099.82,Roofing,"$3,383.04 ",1,,,,"$3,383.04 ",,,
CO-1420-9424,0.04223261,48099.82,Site,"$437,075.22 ",,1,1,4,,"$48,621.35 ","$116,461.93 ","$271,991.94 "
CO-1420-9424,0.04223261,48099.82,Specialties,$802.50 ,,,1,,,,$802.50 ,
CO-1420-9424,0.04223261,48099.82,Stairs and Elevators,"$1,576.44 ",,,,1,,,,"$1,576.44 "
CO-1420-9428,0.097851207,104163.98,Electrical,"$81,623.89 ",,1,7,,,"$1,073.96 ","$80,549.94 ",
CO-1420-9428,0.097851207,104163.98,Exterior,"$48,300.35 ",,2,,9,,"$22,336.40 ",,"$25,963.95 "
CO-1420-9428,0.097851207,104163.98,HVAC,"$2,013,902.99 ",1,9,3,1,"$129,703.20 ","$1,214,090.97 ","$636,904.27 ","$33,204.55 "
CO-1420-9428,0.097851207,104163.98,Interior,"$940,033.13 ",,3,5,18,,"$117,497.31 ","$465,315.12 ","$357,220.70 "
CO-1420-9428,0.097851207,104163.98,Plumbing,"$310,684.29 ",1,1,4,2,"$147,253.50 ","$25,489.45 ","$91,634.95 ","$46,306.39 "
CO-1420-9428,0.097851207,104163.98,Site,"$1,274,418.23 ",1,1,6,4,"$9,362.31 ","$94,691.49 ","$775,171.03 ","$395,193.40 "
CO-1420-9428,0.097851207,104163.98,Specialties,"$175,144.13 ",,,2,10,,,"$15,279.21 ","$159,864.92 "
CO-1420-9428,0.097851207,104163.98,Stairs and Elevators,"$27,815.41 ",,,,3,,,,"$27,815.41 "
CO-1420-9428,0.097851207,104163.98,Structure,"$15,110.75 ",,,,1,,,,"$15,110.75 "
CO-1420-0951,0.074772285,55082.87,Electrical,"$230,010.02 ",,,2,,,,"$230,010.02 ",
CO-1420-0951,0.074772285,55082.87,Exterior,"$37,800.92 ",,,4,,,,"$37,800.92 ",
CO-1420-0951,0.074772285,55082.87,Fire and Life Safety,"$5,067.15 ",,1,,,,"$5,067.15 ",,
CO-1420-0951,0.074772285,55082.87,HVAC,"$137,614.44 ",,,1,,,,"$137,614.44 ",
CO-1420-0951,0.074772285,55082.87,Interior,"$571,678.70 ",,,2,4,,,"$104,831.52 ","$466,847.19 "
CO-1420-0951,0.074772285,55082.87,Other,"$2,775.00 ",,,1,,,,"$2,775.00 ",
CO-1420-0951,0.074772285,55082.87,Site,"$637,503.92 ",,,7,3,,,"$606,680.46 ","$30,823.47 "
CO-1420-0951,0.074772285,55082.87,Specialties,"$6,882.02 ",,,,2,,,,"$6,882.02 "
CO-1420-0951,0.074772285,55082.87,Structure,"$27,480.89 ",,1,,1,,"$10,509.60 ",,"$16,971.29 "
CO-1420-1790,0.199327934,44226.74,Electrical,"$55,500.00 ",,1,,1,,"$33,300.00 ",,"$22,200.00 "
CO-1420-1790,0.199327934,44226.74,HVAC,"$1,060,424.91 ",1,1,,,"$166,500.00 ","$893,924.91 ",,
CO-1420-1790,0.199327934,44226.74,Interior,"$274,649.91 ",,,,6,,,,"$274,649.91 "
CO-1420-1790,0.199327934,44226.74,Other,"$2,775.00 ",,,1,,,,"$2,775.00 ",
CO-1420-1790,0.199327934,44226.74,Plumbing,"$165,371.13 ",,,1,3,,,"$12,191.13 ","$153,180.00 "
CO-1420-1790,0.199327934,44226.74,Roofing,"$55,500.00 ",1,,,,"$55,500.00 ",,,
CO-1420-1790,0.199327934,44226.74,Site,"$341,459.51 ",,,1,4,,,"$83,250.00 ","$258,209.51 "
CO-1420-1790,0.199327934,44226.74,Specialties,"$1,621,895.85 ",,,,6,,,,"$1,621,895.85 "
CO-1420-2093,0.051692184,236407.06,Electrical,"$1,424,252.95 ",,2,3,3,,"$110,681.21 ","$1,203,362.84 ","$110,208.90 "
CO-1420-2093,0.051692184,236407.06,Exterior,"$105,933.46 ",,2,1,3,,"$55,500.00 ","$5,359.89 ","$45,073.57 "
CO-1420-2093,0.051692184,236407.06,HVAC,"$2,046,001.31 ",,1,1,,"$1,580,063.91 ","$343,837.40 ","$122,100.00 ",
CO-1420-2093,0.051692184,236407.06,Interior,"$2,369,472.72 ",,1,2,13,,"$29,426.88 ","$402,625.37 ","$1,937,420.47 "
CO-1420-2093,0.051692184,236407.06,Other,$1.75 ,1,,,,$1.75 ,,,
CO-1420-2093,0.051692184,236407.06,Plumbing,"$54,452.87 ",1,2,,1,"$10,427.27 ","$35,423.49 ",,"$8,602.11 "
CO-1420-2093,0.051692184,236407.06,Site,"$263,894.05 ",,1,5,,,"$33,981.04 ","$229,913.01 ",
CO-1420-2093,0.051692184,236407.06,Specialties,"$193,856.02 ",,,2,2,,,"$171,270.38 ","$22,585.64 "
CO-1420-2093,0.051692184,236407.06,Stairs and Elevators,"$11,035.08 ",,,,1,,,,"$11,035.08 "
CO-1420-6135,0.113012276,51928.44,Electrical,"$235,293.29 ",,2,1,1,,"$4,199.91 ","$212,281.21 ","$18,812.18 "
CO-1420-6135,0.113012276,51928.44,Exterior,$565.77 ,,,,1,,,,$565.77 
CO-1420-6135,0.113012276,51928.44,HVAC,"$746,184.50 ",1,1,1,2,"$166,500.00 ","$444,000.00 ","$52,548.00 ","$83,136.50 "
CO-1420-6135,0.113012276,51928.44,Interior,"$677,878.96 ",,,1,8,,,"$104,062.50 ","$573,816.46 "
CO-1420-6135,0.113012276,51928.44,Other,"$2,776.75 ",1,,1,,$1.75 ,,"$2,775.00 ",
CO-1420-6135,0.113012276,51928.44,Site,"$578,574.12 ",,,4,6,,,"$197,522.02 ","$381,052.10 "
CO-1420-6135,0.113012276,51928.44,Specialties,"$9,799.08 ",,,,1,,,,"$9,799.08 "
CO-1420-7128,0.089737572,62386,Electrical,"$221,811.86 ",,,1,1,,,"$214,687.46 ","$7,124.39 "
CO-1420-7128,0.089737572,62386,Exterior,"$68,490.19 ",,1,1,2,,"$10,299.41 ","$5,359.89 ","$52,830.88 "
CO-1420-7128,0.089737572,62386,HVAC,"$617,398.66 ",,1,1,,,"$2,221.03 ","$615,177.63 ",
CO-1420-7128,0.089737572,62386,Interior,"$404,217.34 ",,,2,8,,,"$111,506.80 ","$292,710.54 "
CO-1420-7128,0.089737572,62386,Other,$1.75 ,1,,,,$1.75 ,,,
CO-1420-7128,0.089737572,62386,Plumbing,"$14,728.32 ",1,,,1,"$10,427.27 ",,,"$4,301.05 "
CO-1420-7128,0.089737572,62386,Site,"$717,191.02 ",,,4,1,,,"$653,292.66 ","$63,898.36 "
CO-1420-7128,0.089737572,62386,Specialties,"$69,946.14 ",,,,3,,,,"$69,946.14 "
CO-1420-8381,0.085240828,133871.53,Electrical,"$662,464.88 ",,1,4,3,,"$54,649.92 ","$598,697.36 ","$9,117.61 "
CO-1420-8381,0.085240828,133871.53,Exterior,"$74,471.02 ",,1,,,,"$74,471.02 ",,
CO-1420-8381,0.085240828,133871.53,Fire and Life Safety,"$13,737.80 ",3,,,,"$13,737.80 ",,,
CO-1420-8381,0.085240828,133871.53,HVAC,"$726,320.42 ",1,1,4,1,"$5,517.54 ","$162,309.98 ","$555,884.76 ","$2,608.13 "
CO-1420-8381,0.085240828,133871.53,Interior,"$985,373.20 ",,,2,6,,,"$308,399.85 ","$676,973.35 "
CO-1420-8381,0.085240828,133871.53,Plumbing,"$20,404.39 ",,1,,1,,"$8,363.89 ",,"$12,040.49 "
CO-1420-8381,0.085240828,133871.53,Roofing,"$1,261,662.10 ",,1,1,,,"$19,042.08 ","$1,242,620.01 ",
CO-1420-8381,0.085240828,133871.53,Site,"$546,900.21 ",,1,6,,,"$6,432.32 ","$540,467.89 ",
CO-1420-8381,0.085240828,133871.53,Specialties,"$81,828.79 ",,,1,,,,"$81,828.79 ",
CO-1420-8381,0.085240828,133871.53,Stairs and Elevators,"$9,994.63 ",,,,1,,,,"$9,994.63 "
CO-1420-9490,0.088274532,47105,Electrical,"$84,687.31 ",,2,1,1,,"$53,558.04 ","$19,267.60 ","$11,861.66 "
CO-1420-9490,0.088274532,47105,HVAC,"$377,547.71 ",,,1,1,,,"$376,243.65 ","$1,304.06 "
CO-1420-9490,0.088274532,47105,Interior,"$624,992.25 ",,,3,3,,,"$494,859.67 ","$130,132.58 "
CO-1420-9490,0.088274532,47105,Plumbing,"$41,878.12 ",,2,,,,"$41,878.12 ",,
CO-1420-9490,0.088274532,47105,Site,"$609,512.68 ",,3,3,4,,"$25,407.57 ","$496,129.06 ","$87,976.05 "
CO-1420-9490,0.088274532,47105,Specialties,"$17,677.53 ",1,,1,3,"$2,616.89 ",,"$2,191.25 ","$12,869.38 "
CO-1420-0965,0.225315226,66111.49,Electrical,"$803,277.19 ",1,7,6,1,"$32,754.91 ","$281,041.22 ","$348,013.47 ","$141,467.58 "
CO-1420-0965,0.225315226,66111.49,Exterior,"$277,289.41 ",,1,4,7,,"$14,852.69 ","$32,385.46 ","$230,051.26 "
CO-1420-0965,0.225315226,66111.49,Fire and Life Safety,"$13,608.18 ",,1,,,,"$13,608.18 ",,
CO-1420-0965,0.225315226,66111.49,HVAC,"$1,695,734.98 ",,7,2,1,,"$1,476,197.88 ","$209,320.31 ","$10,216.78 "
CO-1420-0965,0.225315226,66111.49,Interior,"$1,131,574.49 ",,,3,21,,,"$156,686.32 ","$974,888.17 "
CO-1420-0965,0.225315226,66111.49,Other,"$4,995.00 ",,,1,,,,"$4,995.00 ",
CO-1420-0965,0.225315226,66111.49,Plumbing,"$35,974.28 ",,,,2,,,,"$35,974.28 "
CO-1420-0965,0.225315226,66111.49,Roofing,"$156,090.84 ",1,,1,,"$138,750.00 ",,"$17,340.84 ",
CO-1420-0965,0.225315226,66111.49,Site,"$536,362.29 ",,1,4,5,,"$1,539.39 ","$372,019.90 ","$162,803.00 "
CO-1420-0965,0.225315226,66111.49,Specialties,"$142,948.66 ",1,1,,5,"$3,853.52 ","$5,254.80 ",,"$133,840.35 "
CO-1420-0965,0.225315226,66111.49,Stairs and Elevators,"$116,244.94 ",,,,4,,,,"$116,244.94 "
CO-1420-4798,0.082457788,27222.04,Exterior,"$33,692.03 ",,3,,2,,"$24,597.72 ",,"$9,094.31 "
CO-1420-4798,0.082457788,27222.04,HVAC,"$42,774.07 ",1,,,,"$42,774.07 ",,,
CO-1420-4798,0.082457788,27222.04,Interior,"$803,016.54 ",,,1,3,,,"$1,449.97 ","$801,566.56 "
CO-1420-4798,0.082457788,27222.04,Other,"$2,775.00 ",,,1,,,,"$2,775.00 ",
CO-1420-4798,0.082457788,27222.04,Site,"$225,514.67 ",,,2,4,,,"$63,338.50 ","$162,176.17 "
CO-1420-4798,0.082457788,27222.04,Specialties,"$33,437.00 ",,1,,1,,"$28,025.60 ",,"$5,411.39 "
CO-1420-9432,0.097787431,45058.79,Electrical,"$92,054.39 ",,1,2,1,,"$8,325.00 ","$74,323.29 ","$9,406.10 "
CO-1420-9432,0.097787431,45058.79,Exterior,"$119,567.26 ",,10,,10,,"$80,205.55 ",,"$39,361.71 "
CO-1420-9432,0.097787431,45058.79,Fire and Life Safety,"$2,686.95 ",1,,,,"$2,686.95 ",,,
CO-1420-9432,0.097787431,45058.79,HVAC,"$149,795.35 ",,4,1,1,,"$30,526.30 ","$110,140.59 ","$9,128.46 "
CO-1420-9432,0.097787431,45058.79,Interior,"$456,520.17 ",,1,3,18,,"$32,190.00 ","$312,589.21 ","$111,740.96 "
CO-1420-9432,0.097787431,45058.79,Plumbing,"$165,198.62 ",,,1,4,,,"$57,627.64 ","$107,570.99 "
CO-1420-9432,0.097787431,45058.79,Roofing,"$16,239.26 ",,,1,,,,"$16,239.26 ",
CO-1420-9432,0.097787431,45058.79,Site,"$675,574.42 ",,,7,9,,,"$370,904.69 ","$304,669.73 "
CO-1420-9432,0.097787431,45058.79,Specialties,"$53,957.17 ",,,1,3,,,"$24,866.86 ","$29,090.30 "
CO-1420-9432,0.097787431,45058.79,Stairs and Elevators,"$79,820.40 ",,,,11,,,,"$79,820.40 "
CO-1420-2120,0.044116503,169557,Electrical,"$813,759.84 ",1,,6,2,"$80,522.62 ",,"$716,947.35 ","$16,289.87 "
CO-1420-2120,0.044116503,169557,Exterior,"$6,391.57 ",,,,4,,,,"$6,391.57 "
CO-1420-2120,0.044116503,169557,Fire and Life Safety,"$11,050.85 ",1,,,1,"$2,686.95 ",,,"$8,363.89 "
CO-1420-2120,0.044116503,169557,HVAC,"$43,655.52 ",,1,,5,,"$1,372.45 ",,"$42,283.07 "
CO-1420-2120,0.044116503,169557,Interior,"$523,203.81 ",,,1,6,,,"$391,275.00 ","$131,928.81 "
CO-1420-2120,0.044116503,169557,Other,$1.75 ,1,,,,$1.75 ,,,
CO-1420-2120,0.044116503,169557,Plumbing,"$132,657.86 ",,1,3,2,,"$8,363.89 ","$111,390.81 ","$12,903.16 "
CO-1420-2120,0.044116503,169557,Site,"$1,150,117.73 ",,,4,3,,"$55,500.00 ","$1,083,966.79 ","$10,650.94 "
CO-1420-2120,0.044116503,169557,Specialties,"$115,325.09 ",,1,1,1,,"$11,100.00 ","$97,358.82 ","$6,866.27 "
CO-1420-2120,0.044116503,169557,Stairs and Elevators,"$194,250.00 ",,1,,,,"$194,250.00 ",,
CO-1420-2120,0.044116503,169557,Structure,"$82,763.09 ",,,1,,,,"$82,763.09 ",
CO-1420-3088,0.15250431,55392,Electrical,"$265,479.87 ",,1,3,1,,"$38,850.00 ","$176,562.14 ","$50,067.73 "
CO-1420-3088,0.15250431,55392,Fire and Life Safety,"$2,686.95 ",1,,,,"$2,686.95 ",,,
CO-1420-3088,0.15250431,55392,HVAC,"$2,025,957.43 ",,5,3,2,,"$1,812,161.10 ","$134,059.57 ","$79,736.75 "
CO-1420-3088,0.15250431,55392,Interior,"$524,386.40 ",,,2,2,,,"$191,386.40 ","$333,000.00 "
CO-1420-3088,0.15250431,55392,Other,"$2,775.00 ",,,1,,,,"$2,775.00 ",
CO-1420-3088,0.15250431,55392,Plumbing,"$176,993.87 ",1,1,1,,"$10,427.27 ","$153,246.60 ","$13,320.00 ",
CO-1420-3088,0.15250431,55392,Roofing,"$4,995.00 ",,1,,,,"$4,995.00 ",,
CO-1420-3088,0.15250431,55392,Site,"$217,314.14 ",,,2,1,,,"$153,415.78 ","$63,898.36 "
CO-1420-3088,0.15250431,55392,Specialties,"$159,474.35 ",,,,7,,,,"$159,474.35 "
CO-1420-3201,0.101561531,49079,Electrical,"$391,494.42 ",,3,3,,,"$182,625.77 ","$208,868.66 ",
CO-1420-3201,0.101561531,49079,Exterior,"$38,862.12 ",,1,,3,,"$15,848.48 ",,"$23,013.64 "
CO-1420-3201,0.101561531,49079,Fire and Life Safety,"$2,686.95 ",1,,,,"$2,686.95 ",,,
CO-1420-3201,0.101561531,49079,HVAC,"$119,636.01 ",,,2,,,,"$119,636.01 ",
CO-1420-3201,0.101561531,49079,Interior,"$623,468.53 ",,,2,6,,,"$206,537.01 ","$416,931.52 "
CO-1420-3201,0.101561531,49079,Other,"$2,775.00 ",,,1,,,,"$2,775.00 ",
CO-1420-3201,0.101561531,49079,Plumbing,"$158,723.85 ",,,4,,,,"$158,723.85 ",
CO-1420-3201,0.101561531,49079,Site,"$239,694.93 ",,,3,2,,,"$213,545.42 ","$26,149.51 "
CO-1420-3201,0.101561531,49079,Specialties,"$240,443.01 ",1,,2,8,"$5,233.78 ",,"$10,080.47 ","$225,128.76 "
CO-1420-3201,0.101561531,49079,Stairs and Elevators,"$1,576.44 ",,,,1,,,,"$1,576.44 "
CO-1420-3201,0.101561531,49079,Structure,"$7,555.37 ",,,,1,,,,"$7,555.37 "
CO-1420-6539,0.048953437,112625,Electrical,"$77,544.38 ",,,4,,,,"$77,544.38 ",
CO-1420-6539,0.048953437,112625,Exterior,"$124,302.62 ",,2,1,,,"$111,000.00 ","$13,302.62 ",
CO-1420-6539,0.048953437,112625,HVAC,"$410,971.87 ",2,2,1,,"$306,664.14 ","$100,130.17 ","$4,177.56 ",
CO-1420-6539,0.048953437,112625,Interior,"$402,905.58 ",,,4,2,,,"$349,962.69 ","$52,942.89 "
CO-1420-6539,0.048953437,112625,Other,"$6,105.00 ",,,1,,,,"$6,105.00 ",
CO-1420-6539,0.048953437,112625,Plumbing,"$45,099.32 ",,1,,,,"$45,099.32 ",,
CO-1420-6539,0.048953437,112625,Roofing,"$43,790.00 ",,,1,,,,"$43,790.00 ",
CO-1420-6539,0.048953437,112625,Site,"$416,250.00 ",,,2,,,,"$416,250.00 ",
CO-1420-6539,0.048953437,112625,Specialties,"$122,343.66 ",,2,1,1,,"$15,478.99 ","$91,838.21 ","$15,026.45 "
CO-1420-4408,0.033262959,10709.82,Exterior,"$12,917.40 ",,,3,,,,"$12,917.40 ",
CO-1420-4408,0.033262959,10709.82,HVAC,"$55,500.00 ",,1,,,,"$55,500.00 ",,
CO-1420-4408,0.033262959,10709.82,Other,"$2,775.00 ",,,1,,,,"$2,775.00 ",
CO-1420-4408,0.033262959,10709.82,Site,"$152,688.08 ",,,1,1,,,"$111,000.00 ","$41,688.08 "
CO-1420-4408,0.033262959,10709.82,Specialties,$950.16 ,,,,1,,,,$950.16 
CO-1420-5623,0.902349684,6808,Electrical,"$3,443.18 ",,,1,,,,"$3,443.18 ",
CO-1420-5623,0.902349684,6808,Exterior,"$18,013.88 ",,,,3,,,,"$18,013.88 "
CO-1420-5623,0.902349684,6808,HVAC,"$111,000.00 ",,1,,,,"$111,000.00 ",,
CO-1420-5623,0.902349684,6808,Interior,"$454,908.01 ",,,,5,,,,"$454,908.01 "
CO-1420-5623,0.902349684,6808,Plumbing,"$36,342.37 ",,,1,1,,,"$24,114.27 ","$12,228.09 "
CO-1420-5623,0.902349684,6808,Roofing,"$1,367.21 ",,1,,,,"$1,367.21 ",,
CO-1420-5623,0.902349684,6808,Site,"$48,506.16 ",,2,2,2,,"$28,095.02 ","$9,646.33 ","$10,764.80 "
CO-1420-5623,0.902349684,6808,Specialties,"$14,812.75 ",,,,2,,,,"$14,812.75 "
CO-1420-5623,0.902349684,6808,Stairs and Elevators,"$40,619.60 ",,,,3,,,,"$40,619.60 "
CO-1420-5472,0.127987755,83680.25,Electrical,"$560,454.18 ",3,3,7,,"$199,254.91 ","$43,742.58 ","$317,456.69 ",
CO-1420-5472,0.127987755,83680.25,Exterior,"$240,122.87 ",,2,2,5,,"$132,457.10 ","$61,220.83 ","$46,444.94 "
CO-1420-5472,0.127987755,83680.25,HVAC,"$2,107,054.77 ",,8,6,,,"$1,310,497.73 ","$796,557.03 ",
CO-1420-5472,0.127987755,83680.25,Interior,"$549,967.89 ",,,2,8,,,"$258,949.64 ","$291,018.26 "
CO-1420-5472,0.127987755,83680.25,Other,"$6,660.00 ",,,2,,,,"$6,660.00 ",
CO-1420-5472,0.127987755,83680.25,Plumbing,"$70,253.08 ",1,2,,,"$7,770.00 ","$62,483.08 ",,
CO-1420-5472,0.127987755,83680.25,Site,"$188,611.33 ",,,4,5,,,"$102,392.94 ","$86,218.40 "
CO-1420-5472,0.127987755,83680.25,Specialties,"$309,297.52 ",,,2,6,,,"$166,500.00 ","$142,797.52 "
CO-1420-5472,0.127987755,83680.25,Structure,"$236,414.48 ",,,1,3,,,"$82,763.09 ","$153,651.39 "
CO-1420-0033,0.120869315,79126.72,Electrical,"$211,555.88 ",,1,2,1,,"$55,500.00 ","$148,154.76 ","$7,901.11 "
CO-1420-0033,0.120869315,79126.72,Exterior,"$144,300.00 ",,,2,,,,"$144,300.00 ",
CO-1420-0033,0.120869315,79126.72,Fire and Life Safety,"$16,650.00 ",1,,,,"$16,650.00 ",,,
CO-1420-0033,0.120869315,79126.72,Interior,"$920,070.55 ",,,1,4,,,"$1,844.79 ","$918,225.77 "
CO-1420-0033,0.120869315,79126.72,Plumbing,"$3,921.83 ",,,1,,"$3,921.83 ",,,
CO-1420-0033,0.120869315,79126.72,Roofing,"$499,500.00 ",1,,,,,,"$499,500.00 ",
CO-1420-0033,0.120869315,79126.72,Site,"$122,392.22 ",,,1,2,,,"$1,751.60 ","$120,640.62 "
CO-1420-0033,0.120869315,79126.72,Specialties,"$124,425.78 ",,,1,3,,,,"$124,425.78 "
CO-1420-0033,0.120869315,79126.72,Structure,"$37,499.05 ",,,,1,"$15,084.78 ",,,"$22,414.27 "
CO-1420-5892,0.09858066,54227,Electrical,"$125,759.18 ",1,,,,,"$63,691.68 ","$62,067.50 ",
CO-1420-5892,0.09858066,54227,Exterior,"$209,407.45 ",,2,1,2,,"$150,847.18 ","$27,973.13 ","$30,587.14 "
CO-1420-5892,0.09858066,54227,HVAC,"$1,026,046.27 ",,4,2,1,,"$801,290.41 ","$217,093.28 ","$7,662.59 "
CO-1420-5892,0.09858066,54227,Interior,"$743,817.83 ",,3,4,11,,"$3,056.54 ","$183,786.88 ","$556,974.40 "
CO-1420-5892,0.09858066,54227,Plumbing,"$6,288.24 ",,1,3,1,,,,"$6,288.24 "
CO-1420-5892,0.09858066,54227,Roofing,"$3,202.27 ",,,,,,,"$3,202.27 ",
CO-1420-5892,0.09858066,54227,Site,"$103,887.10 ",,,1,3,,,"$10,268.87 ","$93,618.23 "
CO-1420-5892,0.09858066,54227,Specialties,"$121,656.44 ",,,2,4,,"$3,552.24 ","$11,665.66 ","$106,438.54 "
0,0.015645398,#N/A,Electrical,"$35,575.88 ",,1,1,1,,"$7,019.54 ","$22,600.90 ","$5,955.44 "
0,0.015645398,#N/A,Exterior,"$552,764.60 ",,1,7,24,,"$363,911.51 ",,"$188,853.09 "
0,0.015645398,#N/A,HVAC,"$191,642.63 ",,20,,8,,"$137,683.46 ","$9,495.42 ","$44,463.76 "
0,0.015645398,#N/A,Interior,"$265,047.02 ",,9,1,27,,"$1,276.51 ","$103,549.65 ","$160,220.86 "
0,0.015645398,#N/A,Other,"$427,905.00 ",,1,7,,,"$33,300.00 ","$394,605.00 ",
0,0.015645398,#N/A,Plumbing,"$363,104.99 ",,2,4,24,,"$66,406.50 ","$230,264.75 ","$66,433.73 "
0,0.015645398,#N/A,Roofing,"$527,244.37 ",,5,15,,"$468,757.91 ",,"$58,486.47 ",
0,0.015645398,#N/A,Site,"$1,259,386.92 ",17,,4,42,,"$51,987.57 ","$138,730.31 ","$1,068,669.04 "
0,0.015645398,#N/A,Specialties,"$63,555.86 ",,2,5,14,,,,"$63,555.86 "
0,0.015645398,#N/A,Stairs and Elevators,"$4,046.18 ",,,,6,,,,"$4,046.18 "
0,0.015645398,#N/A,Structure,"$6,591.65 ",,,,,,"$2,068.57 ","$4,523.07 ",
0,0.191789384,#N/A,Interior,"$173,408.38 ",,1,1,1,,,,"$173,408.38 "
0,0.191789384,#N/A,Site,"$17,205.00 ",,,,,,"$17,205.00 ",,
0,0.191789384,#N/A,Specialties,"$2,029.22 ",,1,,,,,"$2,029.22 ",
CO-1420-8036,0.10387985,53724.19,Electrical,"$102,326.78 ",,,1,,,"$11,100.00 ","$91,226.78 ",
CO-1420-8036,0.10387985,53724.19,Exterior,"$9,990.00 ",,1,2,1,,"$4,995.00 ",,"$4,995.00 "
CO-1420-8036,0.10387985,53724.19,HVAC,"$733,099.68 ",,1,,2,,"$394,911.87 ","$13,129.99 ","$325,057.82 "
CO-1420-8036,0.10387985,53724.19,Interior,"$356,671.90 ",,3,2,6,,,"$91,575.00 ","$265,096.90 "
CO-1420-8036,0.10387985,53724.19,Other,"$2,775.00 ",,,1,,,,"$2,775.00 ",
CO-1420-8036,0.10387985,53724.19,Plumbing,"$21,681.83 ",,,1,,"$21,681.83 ",,,
CO-1420-8036,0.10387985,53724.19,Roofing,"$642,985.68 ",2,,,,,,"$642,985.68 ",
CO-1420-8036,0.10387985,53724.19,Site,"$65,777.76 ",,,1,3,,"$6,432.32 ",,"$59,345.44 "
CO-1420-8036,0.10387985,53724.19,Specialties,"$73,055.97 ",,1,,2,,,,"$73,055.97 "
CO-1420-9234,0.082796049,167444.86,Electrical,"$1,409,128.01 ",,,,1,"$377,234.18 ","$183,749.83 ","$847,391.50 ",$752.49 
CO-1420-9234,0.082796049,167444.86,Exterior,"$157,165.19 ",3,1,7,3,,"$133,052.66 ","$1,607.97 ","$22,504.56 "
CO-1420-9234,0.082796049,167444.86,HVAC,"$2,859,728.13 ",,6,1,,,"$495,879.32 ","$2,363,848.81 ",
CO-1420-9234,0.082796049,167444.86,Interior,"$600,465.71 ",,5,7,21,,,"$136,416.35 ","$464,049.36 "
CO-1420-9234,0.082796049,167444.86,Other,"$171,567.15 ",,,8,1,,,"$166,500.00 ","$5,067.15 "
CO-1420-9234,0.082796049,167444.86,Plumbing,"$54,660.42 ",,,1,1,"$5,848.59 ",,"$47,393.04 ","$1,418.79 "
CO-1420-9234,0.082796049,167444.86,Site,"$1,251,944.78 ",1,,4,2,,"$154,304.85 ","$1,029,476.73 ","$68,163.20 "
CO-1420-9234,0.082796049,167444.86,Specialties,"$190,808.61 ",,2,12,15,,"$8,757.99 ","$71,687.93 ","$110,362.69 "
CO-1420-9245,0.193350484,34593,Electrical,"$12,840.98 ",,2,2,,,,"$12,840.98 ",
CO-1420-9245,0.193350484,34593,Exterior,"$5,550.00 ",,,2,,,,,"$5,550.00 "
CO-1420-9245,0.193350484,34593,HVAC,"$682,145.09 ",,,,,,"$682,145.09 ",,
CO-1420-9245,0.193350484,34593,Interior,"$777,000.00 ",,4,,1,,,,"$777,000.00 "
CO-1420-9245,0.193350484,34593,Other,"$25,455.64 ",,,,,,,"$25,455.64 ",
CO-1420-9245,0.193350484,34593,Plumbing,"$7,770.00 ",,,2,,,"$7,770.00 ",,
CO-1420-9245,0.193350484,34593,Site,"$139,269.41 ",,1,,1,,,"$94,806.33 ","$44,463.08 "
CO-1420-9245,0.193350484,34593,Specialties,"$46,620.00 ",,,1,2,,,"$9,435.00 ","$37,185.00 "
CO-1420-9245,0.193350484,34593,Structure,"$65,461.94 ",,,1,1,,,"$37,711.94 ","$27,750.00 "
CO-1420-9999,0.027420122,33721,Electrical,"$40,999.07 ",,,,2,,"$28,078.14 ","$1,473.45 ","$11,447.49 "
CO-1420-9999,0.027420122,33721,Exterior,"$600,233.20 ",,2,1,61,,"$379,395.17 ","$76,996.83 ","$143,841.20 "
CO-1420-9999,0.027420122,33721,HVAC,"$63,223.34 ",,38,6,,,"$63,223.34 ",,
CO-1420-9999,0.027420122,33721,Interior,"$276,847.09 ",,26,,39,,"$107,104.21 ","$4,349.92 ","$165,392.95 "
CO-1420-9999,0.027420122,33721,Other,"$765,900.00 ",,3,1,,,"$321,900.00 ","$444,000.00 ",
CO-1420-9999,0.027420122,33721,Plumbing,"$146,894.04 ",,3,2,7,,"$81,119.80 ","$17,558.04 ","$48,216.20 "
CO-1420-9999,0.027420122,33721,Roofing,"$240,628.72 ",,6,6,,"$240,628.72 ",,,
CO-1420-9999,0.027420122,33721,Site,"$274,845.44 ",3,,,5,,"$122,100.00 ","$64,618.67 ","$88,126.76 "
CO-1420-9999,0.027420122,33721,Specialties,"$22,618.05 ",,1,3,5,,,,"$22,618.05 "
CO-1420-9999,0.027420122,33721,Stairs and Elevators,"$86,388.91 ",,,,30,,,,"$86,388.91 "
CO-1420-9999,0.027420122,33721,Structure,"$140,127.99 ",,,,,,,"$140,127.99 ",
CO-1420-0776,0.167318141,50555.36,Electrical,"$258,119.07 ",,,2,2,,"$176,447.85 ","$50,123.50 ","$31,547.71 "
CO-1420-0776,0.167318141,50555.36,Exterior,"$311,379.59 ",,4,1,2,"$26,525.10 ","$183,306.04 ","$93,201.39 ","$8,347.04 "
CO-1420-0776,0.167318141,50555.36,Fire and Life Safety,"$16,535.10 ",1,2,3,,"$16,535.10 ",,,
CO-1420-0776,0.167318141,50555.36,HVAC,"$745,191.54 ",2,,,1,,"$169,634.56 ","$505,295.05 ","$70,261.92 "
CO-1420-0776,0.167318141,50555.36,Interior,"$848,847.36 ",,4,3,10,,,"$10,404.51 ","$838,442.85 "
CO-1420-0776,0.167318141,50555.36,Other,"$2,775.00 ",,,1,,,,"$2,775.00 ",
CO-1420-0776,0.167318141,50555.36,Plumbing,"$277,060.53 ",,,1,2,"$10,427.27 ",,"$61,181.62 ","$205,451.63 "
CO-1420-0776,0.167318141,50555.36,Roofing,"$28,090.73 ",1,,2,,"$3,517.88 ","$24,572.85 ",,
CO-1420-0776,0.167318141,50555.36,Site,"$931,816.74 ",2,1,,4,,,"$215,414.30 ","$716,402.44 "
CO-1420-0776,0.167318141,50555.36,Specialties,"$103,003.89 ",,,7,3,,,"$52,972.75 ","$50,031.14 "
CO-1420-0776,0.167318141,50555.36,Stairs and Elevators,"$9,458.64 ",,,2,1,,,,"$9,458.64 "
CO-1420-0776,0.167318141,50555.36,Structure,"$38,850.00 ",,,,1,,,,"$38,850.00 "
CO-1420-0779,0.052673494,57315,Electrical,"$174,086.99 ",,,,,,"$63,086.99 ","$111,000.00 ",
CO-1420-0779,0.052673494,57315,Exterior,"$13,843.94 ",,2,1,,,"$4,291.42 ","$9,552.53 ",
CO-1420-0779,0.052673494,57315,HVAC,"$277,500.00 ",,1,1,1,"$166,500.00 ",,,"$111,000.00 "
CO-1420-0779,0.052673494,57315,Interior,"$277,538.56 ",1,,,2,,"$13,320.00 ","$129,037.50 ","$135,181.06 "
CO-1420-0779,0.052673494,57315,Other,"$2,775.00 ",,1,1,,,,"$2,775.00 ",
CO-1420-0779,0.052673494,57315,Roofing,"$7,662.37 ",,,1,,,,"$7,662.37 ",
CO-1420-0779,0.052673494,57315,Site,"$260,367.11 ",,,1,2,,"$49,477.14 ","$126,750.86 ","$84,139.11 "
CO-1420-0779,0.052673494,57315,Specialties,"$69,028.68 ",,2,3,2,,,,"$69,028.68 "
CO-1420-2836,0.06010365,209798,Electrical,"$1,223,346.98 ",,,,1,,"$62,949.65 ","$1,117,086.30 ","$43,311.03 "
CO-1420-2836,0.06010365,209798,Exterior,"$30,578.84 ",,2,6,1,,"$27,750.00 ",,"$2,828.84 "
CO-1420-2836,0.06010365,209798,HVAC,"$828,040.46 ",,1,,4,,"$613,072.68 ","$1,002.86 ","$213,964.92 "
CO-1420-2836,0.06010365,209798,Interior,"$1,237,500.31 ",,1,1,12,,,"$410,124.66 ","$827,375.64 "
CO-1420-2836,0.06010365,209798,Other,"$6,106.75 ",,,2,,$1.75 ,,"$6,105.00 ",
CO-1420-2836,0.06010365,209798,Plumbing,"$102,310.08 ",1,,1,1,,,"$75,335.43 ","$26,974.64 "
CO-1420-2836,0.06010365,209798,Roofing,"$434,125.26 ",,,2,,"$434,125.26 ",,,
CO-1420-2836,0.06010365,209798,Site,"$871,459.90 ",2,,,4,,"$257,860.36 ","$557,616.84 ","$55,982.71 "
CO-1420-2836,0.06010365,209798,Specialties,"$278,802.17 ",,2,6,6,,,"$46,958.67 ","$231,843.50 "
CO-1420-2836,0.06010365,209798,Stairs and Elevators,"$18,251.66 ",,,3,3,,,,"$18,251.66 "
CO-1420-2832,0.060260793,111279,Electrical,"$495,934.17 ",,,,2,,,"$490,031.98 ","$5,902.19 "
CO-1420-2832,0.060260793,111279,Exterior,"$1,445.06 ",,,4,2,,,,"$1,445.06 "
CO-1420-2832,0.060260793,111279,Fire and Life Safety,"$21,894.99 ",,,,,"$21,894.99 ",,,
CO-1420-2832,0.060260793,111279,HVAC,"$318,402.22 ",1,,,1,,"$32,522.97 ","$263,447.22 ","$22,432.03 "
CO-1420-2832,0.060260793,111279,Interior,"$1,005,651.32 ",,2,4,9,"$34,970.69 ",,"$24,649.56 ","$946,031.07 "
CO-1420-2832,0.060260793,111279,Other,"$6,660.00 ",1,,1,,,,"$6,660.00 ",
CO-1420-2832,0.060260793,111279,Plumbing,"$96,865.66 ",,,2,,,"$67,648.97 ","$29,216.69 ",
CO-1420-2832,0.060260793,111279,Site,"$508,201.59 ",,1,1,8,,"$2,575.32 ","$413,008.81 ","$92,617.46 "
CO-1420-2832,0.060260793,111279,Specialties,"$143,164.64 ",,1,6,8,,,"$5,174.91 ","$137,989.73 "
CO-1420-2832,0.060260793,111279,Stairs and Elevators,"$2,890.14 ",,,1,1,,,,"$2,890.14 "
CO-1420-2832,0.060260793,111279,Structure,"$53,737.81 ",,,,1,,,"$52,898.32 ",$839.49 
CO-1420-6804,0.102439844,37239,Electrical,"$227,767.96 ",,,1,1,,"$29,616.05 ","$189,656.64 ","$8,495.26 "
CO-1420-6804,0.102439844,37239,Exterior,"$85,416.14 ",,1,5,,,"$16,992.09 ","$68,424.05 ",
CO-1420-6804,0.102439844,37239,HVAC,"$312,558.43 ",,2,2,,,"$66,600.00 ","$245,958.43 ",
CO-1420-6804,0.102439844,37239,Interior,"$335,509.38 ",,1,2,4,,,"$250,016.98 ","$85,492.40 "
CO-1420-6804,0.102439844,37239,Other,"$2,775.00 ",,,3,,,,"$2,775.00 ",
CO-1420-6804,0.102439844,37239,Plumbing,"$18,039.73 ",,,1,,,"$18,039.73 ",,
CO-1420-6804,0.102439844,37239,Roofing,"$337,747.99 ",,1,,,"$307,107.64 ","$22,977.98 ","$7,662.37 ",
CO-1420-6804,0.102439844,37239,Site,"$322,741.85 ",2,1,1,3,"$4,685.53 ",,"$78,716.89 ","$239,339.42 "
CO-1420-6804,0.102439844,37239,Specialties,"$55,572.56 ",1,,1,3,,,,"$55,572.56 "
CO-1420-6804,0.102439844,37239,Stairs and Elevators,"$1,261.15 ",,,,1,,,,"$1,261.15 "
CO-1420-9648,0.058372863,56727.21,Electrical,"$282,351.32 ",,,,,,"$65,007.71 ","$217,343.62 ",
CO-1420-9648,0.058372863,56727.21,Exterior,"$5,162.83 ",,1,4,2,"$4,199.46 ",,,$963.37 
CO-1420-9648,0.058372863,56727.21,HVAC,"$157,442.19 ",1,,,1,,,"$148,171.32 ","$9,270.86 "
CO-1420-9648,0.058372863,56727.21,Interior,"$177,933.62 ",,,3,5,,"$27,456.33 ",,"$150,477.29 "
CO-1420-9648,0.058372863,56727.21,Plumbing,"$53,453.50 ",,1,,,,"$16,070.92 ","$37,382.58 ",
CO-1420-9648,0.058372863,56727.21,Roofing,"$618,914.18 ",,1,1,,"$2,039.86 ","$616,874.32 ",,
CO-1420-9648,0.058372863,56727.21,Site,"$280,089.72 ",1,1,,5,,,"$146,369.46 ","$133,720.26 "
CO-1420-9648,0.058372863,56727.21,Specialties,"$21,274.68 ",,,2,2,,"$1,065.68 ",,"$20,209.00 "
CO-1420-0694,0.095647488,135761.86,Electrical,"$582,909.81 ",,1,,2,,"$61,484.65 ","$511,440.88 ","$9,984.27 "
CO-1420-0694,0.095647488,135761.86,Exterior,"$91,153.95 ",,3,2,2,,"$16,622.68 ","$2,679.95 ","$71,851.32 "
CO-1420-0694,0.095647488,135761.86,Fire and Life Safety,"$5,373.91 ",,2,1,,"$5,373.91 ",,,
CO-1420-0694,0.095647488,135761.86,HVAC,"$359,137.59 ",2,,,,,"$355,200.00 ","$3,937.59 ",
CO-1420-0694,0.095647488,135761.86,Interior,"$576,229.31 ",,1,1,11,"$29,426.88 ",,"$299,700.00 ","$247,102.43 "
CO-1420-0694,0.095647488,135761.86,Other,"$4,996.75 ",1,,1,,$1.75 ,,"$4,995.00 ",
CO-1420-0694,0.095647488,135761.86,Plumbing,"$292,973.51 ",1,,1,4,,,"$123,821.29 ","$169,152.22 "
CO-1420-0694,0.095647488,135761.86,Roofing,"$962,231.28 ",,,5,,"$141,737.32 ",,"$820,493.96 ",
CO-1420-0694,0.095647488,135761.86,Site,"$1,771,513.21 ",1,,2,11,,"$74,196.87 ","$496,269.42 ","$1,201,046.92 "
CO-1420-0694,0.095647488,135761.86,Specialties,"$265,546.29 ",,2,8,6,,"$1,598.51 ","$5,174.91 ","$258,772.87 "
CO-1420-0694,0.095647488,135761.86,Structure,"$55,732.41 ",,1,1,,"$11,313.59 ","$11,313.59 ","$33,105.24 ",
CO-1420-3502,0.059557095,186972.09,Electrical,"$1,352,365.60 ",1,1,1,,,"$166,500.00 ","$1,185,865.60 ",
CO-1420-3502,0.059557095,186972.09,Exterior,"$55,500.00 ",,1,6,,,"$55,500.00 ",,
CO-1420-3502,0.059557095,186972.09,Fire and Life Safety,"$8,060.86 ",,1,,,"$8,060.86 ",,,
CO-1420-3502,0.059557095,186972.09,HVAC,"$1,405,232.59 ",3,,,,,"$1,405,232.59 ",,
CO-1420-3502,0.059557095,186972.09,Interior,"$2,428,693.41 ",,,,17,,,"$391,275.00 ","$2,037,418.41 "
CO-1420-3502,0.059557095,186972.09,Roofing,"$60,054.72 ",,,1,,"$60,054.72 ",,,
CO-1420-3502,0.059557095,186972.09,Site,"$299,234.43 ",1,,,2,,"$84,952.60 ","$190,259.89 ","$24,021.94 "
CO-1420-3502,0.059557095,186972.09,Specialties,"$10,349.82 ",,1,3,2,,,,"$10,349.82 "
CO-1420-4830,0.120286021,49472.43,Electrical,"$118,739.92 ",,,,2,,"$102,400.35 ","$1,484.60 ","$14,854.96 "
CO-1420-4830,0.120286021,49472.43,Exterior,"$83,893.25 ",,6,2,4,,"$64,803.08 ",,"$19,090.17 "
CO-1420-4830,0.120286021,49472.43,Fire and Life Safety,"$2,686.95 ",,2,,,"$2,686.95 ",,,
CO-1420-4830,0.120286021,49472.43,HVAC,"$733,402.89 ",1,,,,,"$202,881.98 ","$530,520.90 ",
CO-1420-4830,0.120286021,49472.43,Interior,"$891,661.69 ",,3,3,14,,"$114,401.36 ","$249,413.05 ","$527,847.28 "
CO-1420-4830,0.120286021,49472.43,Other,"$2,775.00 ",,1,2,,,,"$2,775.00 ",
CO-1420-4830,0.120286021,49472.43,Plumbing,"$67,453.55 ",,,1,3,,,"$16,946.73 ","$50,506.82 "
CO-1420-4830,0.120286021,49472.43,Roofing,"$10,819.80 ",,,1,,"$10,819.80 ",,,
CO-1420-4830,0.120286021,49472.43,Site,"$367,090.65 ",1,,,2,,,"$260,464.40 ","$106,626.26 "
CO-1420-4830,0.120286021,49472.43,Specialties,"$216,458.34 ",,,5,5,,"$16,650.00 ",,"$199,808.34 "
CO-1420-4830,0.120286021,49472.43,Structure,"$112,951.61 ",,1,1,,,"$99,900.00 ","$13,051.61 ",
CO-1420-5944,0.144567389,53033.99,Electrical,"$325,874.71 ",,,1,1,,"$103,373.80 ","$212,989.72 ","$9,511.19 "
CO-1420-5944,0.144567389,53033.99,Exterior,"$370,384.77 ",,2,1,1,,"$369,186.68 ",,"$1,198.09 "
CO-1420-5944,0.144567389,53033.99,HVAC,"$211,350.47 ",,5,,1,,"$89,510.98 ","$110,714.45 ","$11,125.04 "
CO-1420-5944,0.144567389,53033.99,Interior,"$1,044,412.33 ",,3,2,11,,"$31,633.89 ","$105,197.54 ","$907,580.90 "
CO-1420-5944,0.144567389,53033.99,Other,"$2,775.00 ",,1,2,,,,"$2,775.00 ",
CO-1420-5944,0.144567389,53033.99,Plumbing,"$1,352.99 ",,,1,,,"$1,352.99 ",,
CO-1420-5944,0.144567389,53033.99,Roofing,"$9,836.99 ",,1,,,"$9,836.99 ",,,
CO-1420-5944,0.144567389,53033.99,Site,"$904,247.15 ",1,,,3,,"$53,870.05 ","$780,848.37 ","$69,528.72 "
CO-1420-5944,0.144567389,53033.99,Specialties,"$33,300.00 ",,4,4,,,,,"$33,300.00 "
CO-1420-5944,0.144567389,53033.99,Stairs and Elevators,"$44,709.58 ",,,,2,,,,"$44,709.58 "
CO-1420-5944,0.144567389,53033.99,Structure,"$31,979.08 ",,,,1,,,,"$31,979.08 "
CO-1420-7238,0.054915556,51303.86,Electrical,$536.98 ,,,,,,$536.98 ,,
CO-1420-7238,0.054915556,51303.86,Exterior,"$16,184.79 ",,1,,3,,"$8,582.84 ",,"$7,601.95 "
CO-1420-7238,0.054915556,51303.86,HVAC,"$18,990.85 ",,1,,,,,"$18,990.85 ",
CO-1420-7238,0.054915556,51303.86,Interior,"$716,249.53 ",,,1,5,,"$72,306.04 ","$147,887.16 ","$496,056.32 "
CO-1420-7238,0.054915556,51303.86,Other,"$2,775.00 ",,1,2,,,,"$2,775.00 ",
CO-1420-7238,0.054915556,51303.86,Plumbing,"$10,134.30 ",,,1,,,,"$10,134.30 ",
CO-1420-7238,0.054915556,51303.86,Roofing,"$18,383.01 ",,,1,,,"$18,383.01 ",,
CO-1420-7238,0.054915556,51303.86,Site,"$258,982.21 ",,2,,4,,,"$64,721.03 ","$194,261.19 "
CO-1420-7238,0.054915556,51303.86,Specialties,"$61,753.93 ",,,4,2,,,,"$61,753.93 "
CO-1420-7238,0.054915556,51303.86,Stairs and Elevators,"$1,261.15 ",,,,1,,,,"$1,261.15 "
CO-1420-7833,0.123931479,53529.79,Electrical,"$98,265.47 ",,,,1,,"$58,418.80 ","$38,153.57 ","$1,693.09 "
CO-1420-7833,0.123931479,53529.79,Exterior,"$35,062.87 ",,2,2,1,,"$10,299.41 ","$17,548.46 ","$7,215.00 "
CO-1420-7833,0.123931479,53529.79,HVAC,"$643,581.04 ",,1,2,3,,"$72,182.38 ","$216,091.37 ","$355,307.29 "
CO-1420-7833,0.123931479,53529.79,Interior,"$851,571.55 ",,1,2,11,,,"$137,362.50 ","$714,209.05 "
CO-1420-7833,0.123931479,53529.79,Plumbing,"$82,237.61 ",,,1,1,,,"$35,032.00 ","$47,205.61 "
CO-1420-7833,0.123931479,53529.79,Roofing,"$62,917.46 ",,,1,,"$62,917.46 ",,,
CO-1420-7833,0.123931479,53529.79,Site,"$816,923.53 ",1,,,6,,,"$532,913.89 ","$284,009.64 "
CO-1420-7833,0.123931479,53529.79,Specialties,"$62,268.28 ",,,11,4,,,,"$62,268.28 "
CO-1420-7833,0.123931479,53529.79,Structure,"$3,503.20 ",,,,,"$3,503.20 ",,,
CO-1420-9342,0.102912842,44263,Electrical,"$253,965.61 ",1,,,1,,"$70,221.64 ","$171,882.31 ","$11,861.66 "
CO-1420-9342,0.102912842,44263,Exterior,"$7,491.93 ",,2,2,1,,"$4,291.42 ","$2,918.51 ",$282.01 
CO-1420-9342,0.102912842,44263,HVAC,"$707,785.63 ",,1,1,1,,"$704,029.32 ",,"$3,756.31 "
CO-1420-9342,0.102912842,44263,Interior,"$345,482.25 ",,2,,6,,"$45,191.27 ","$122,912.16 ","$177,378.81 "
CO-1420-9342,0.102912842,44263,Other,"$2,775.00 ",,1,2,,,,"$2,775.00 ",
CO-1420-9342,0.102912842,44263,Plumbing,"$11,765.49 ",,,1,,"$11,765.49 ",,,
CO-1420-9342,0.102912842,44263,Site,"$316,642.70 ",2,,,3,,"$5,289.83 ","$244,352.18 ","$67,000.69 "
CO-1420-9342,0.102912842,44263,Specialties,"$120,290.28 ",,1,5,3,,,,"$120,290.28 "
CO-1420-2194,0.094149952,52618.24,Electrical,"$254,597.31 ",,,,2,,$805.47 ,"$213,592.63 ","$40,199.22 "
CO-1420-2194,0.094149952,52618.24,Exterior,"$12,874.26 ",,1,2,,,"$12,874.26 ",,
CO-1420-2194,0.094149952,52618.24,HVAC,"$285,390.85 ",,1,,,,"$266,400.00 ","$18,990.85 ",
CO-1420-2194,0.094149952,52618.24,Interior,"$334,125.64 ",,1,1,4,,,"$169,456.46 ","$164,669.18 "
CO-1420-2194,0.094149952,52618.24,Other,"$2,776.75 ",,,3,,$1.75 ,,"$2,775.00 ",
CO-1420-2194,0.094149952,52618.24,Site,"$798,333.99 ",1,,1,1,,"$381,995.79 ","$374,650.12 ","$41,688.08 "
CO-1420-2194,0.094149952,52618.24,Specialties,"$214,906.61 ",,2,4,3,,,"$29,715.51 ","$185,191.10 "
CO-1420-2194,0.094149952,52618.24,Structure,"$28,852.35 ",,,1,1,"$15,084.78 ",,,"$13,767.57 "
CO-1420-2300,0.040959085,137501.22,Electrical,"$669,819.09 ",1,,,,,"$49,950.00 ","$619,869.09 ",
CO-1420-2300,0.040959085,137501.22,Exterior,"$37,185.00 ",,1,4,,,"$37,185.00 ",,
CO-1420-2300,0.040959085,137501.22,Fire and Life Safety,"$16,295.13 ",,1,,,"$2,686.95 ","$13,608.18 ",,
CO-1420-2300,0.040959085,137501.22,HVAC,"$111,000.00 ",1,1,,,,"$111,000.00 ",,
CO-1420-2300,0.040959085,137501.22,Interior,"$299,700.00 ",,1,,,,,"$299,700.00 ",
CO-1420-2300,0.040959085,137501.22,Other,$444.00 ,,,1,,,,$444.00 ,
CO-1420-2300,0.040959085,137501.22,Site,"$111,000.00 ",,,1,,,,"$111,000.00 ",
CO-1420-2300,0.040959085,137501.22,Specialties,"$834,429.96 ",,,2,2,,,"$85,820.43 ","$748,609.53 "
CO-1420-2300,0.040959085,137501.22,Structure,"$27,750.00 ",,,1,,,,"$27,750.00 ",
CO-1420-3025,0.092181778,40062.52,Electrical,"$281,252.39 ",,,1,,,"$61,324.07 ","$219,928.32 ",
CO-1420-3025,0.092181778,40062.52,Exterior,"$44,245.18 ",,2,3,4,,"$24,820.18 ","$2,775.00 ","$16,650.00 "
CO-1420-3025,0.092181778,40062.52,Fire and Life Safety,"$11,100.00 ",,2,1,,,"$11,100.00 ",,
CO-1420-3025,0.092181778,40062.52,HVAC,"$240,618.39 ",,1,,,"$129,618.39 ","$111,000.00 ",,
CO-1420-3025,0.092181778,40062.52,Interior,"$500,047.16 ",1,2,,10,,,"$222,000.00 ","$278,047.16 "
CO-1420-3025,0.092181778,40062.52,Other,"$2,775.00 ",,,1,,,,"$2,775.00 ",
CO-1420-3025,0.092181778,40062.52,Site,"$330,225.00 ",,,1,1,,,"$324,675.00 ","$5,550.00 "
CO-1420-3025,0.092181778,40062.52,Specialties,"$108,525.13 ",,,4,8,,,,"$108,525.13 "
CO-1420-3025,0.092181778,40062.52,Structure,"$49,657.86 ",,,,,,,"$49,657.86 ",
CO-1420-3624,0.161757716,40300.57,Electrical,"$245,986.72 ",,,1,,,"$83,250.00 ","$162,736.72 ",
CO-1420-3624,0.161757716,40300.57,Exterior,"$333,000.00 ",,1,2,,,"$333,000.00 ",,
CO-1420-3624,0.161757716,40300.57,HVAC,"$610,500.00 ",,2,,,"$388,500.00 ","$222,000.00 ",,
CO-1420-3624,0.161757716,40300.57,Interior,"$678,438.43 ",1,1,,5,,,"$301,920.00 ","$376,518.43 "
CO-1420-3624,0.161757716,40300.57,Other,"$25,435.73 ",,,1,,,,"$25,435.73 ",
CO-1420-3624,0.161757716,40300.57,Plumbing,"$181,660.48 ",,,2,1,"$9,804.59 ","$55,305.89 ","$49,950.00 ","$66,600.00 "
CO-1420-3624,0.161757716,40300.57,Roofing,"$7,662.37 ",1,2,1,,,,"$7,662.37 ",
CO-1420-3624,0.161757716,40300.57,Site,"$431,518.80 ",,,1,,,,"$431,518.80 ",
CO-1420-3624,0.161757716,40300.57,Specialties,"$60,336.89 ",,,5,2,,,"$2,616.89 ","$57,720.00 "
CO-1420-3628,0.064094982,206532.01,Electrical,"$982,280.53 ",,,1,3,"$7,761.34 ","$87,725.86 ","$861,277.75 ","$25,515.57 "
CO-1420-3628,0.064094982,206532.01,Exterior,"$55,765.70 ",1,2,5,4,,"$11,811.04 ",,"$43,954.66 "
CO-1420-3628,0.064094982,206532.01,HVAC,"$2,960,767.47 ",,3,,1,"$209,932.57 ","$2,205,633.92 ","$543,896.91 ","$1,304.06 "
CO-1420-3628,0.064094982,206532.01,Interior,"$1,266,993.11 ",,2,4,22,,"$54,912.64 ","$344,097.90 ","$867,982.56 "
CO-1420-3628,0.064094982,206532.01,Plumbing,"$89,403.63 ",,4,9,,"$10,427.27 ","$78,976.36 ",,
CO-1420-3628,0.064094982,206532.01,Roofing,"$527,654.44 ",1,2,,,"$55,500.00 ","$472,154.44 ",,
CO-1420-3628,0.064094982,206532.01,Site,"$562,706.53 ",1,2,,5,"$16,046.98 ",,"$459,326.25 ","$87,333.30 "
CO-1420-3628,0.064094982,206532.01,Specialties,"$1,004,992.35 ",2,,9,9,,"$11,100.00 ",,"$993,892.35 "
CO-1420-3628,0.064094982,206532.01,Stairs and Elevators,"$7,234.11 ",,1,,3,,,,"$7,234.11 "
CO-1420-4190,0.176527796,44399.86,Electrical,"$137,942.99 ",,,,1,,"$72,873.56 ","$25,833.59 ","$39,235.84 "
CO-1420-4190,0.176527796,44399.86,Exterior,"$8,705.44 ",,2,2,3,,,,"$8,705.44 "
CO-1420-4190,0.176527796,44399.86,HVAC,"$1,329,729.17 ",,,,2,,"$793,076.39 ","$491,558.73 ","$45,094.06 "
CO-1420-4190,0.176527796,44399.86,Interior,"$246,808.54 ",,4,4,6,,,"$190,087.50 ","$56,721.04 "
CO-1420-4190,0.176527796,44399.86,Other,"$2,775.00 ",,,2,,,,"$2,775.00 ",
CO-1420-4190,0.176527796,44399.86,Plumbing,"$43,077.10 ",,,1,,"$36,526.12 ",,"$6,550.99 ",
CO-1420-4190,0.176527796,44399.86,Roofing,"$738,676.93 ",1,,1,,,"$738,676.93 ",,
CO-1420-4190,0.176527796,44399.86,Site,"$734,746.45 ",,1,,3,,,"$650,275.52 ","$84,470.93 "
CO-1420-4190,0.176527796,44399.86,Specialties,"$17,899.87 ",,,6,3,,"$1,065.68 ",,"$16,834.19 "
CO-1420-4190,0.176527796,44399.86,Structure,"$49,657.86 ",,1,,,,,"$49,657.86 ",
CO-1420-7483,0.093919565,53635.15,Electrical,"$218,154.75 ",,,1,,,,"$218,154.75 ",
CO-1420-7483,0.093919565,53635.15,Fire and Life Safety,"$8,363.89 ",,,1,,"$8,363.89 ",,,
CO-1420-7483,0.093919565,53635.15,HVAC,"$1,363,207.43 ",1,,,2,,"$55,500.00 ","$1,255,110.10 ","$52,597.33 "
CO-1420-7483,0.093919565,53635.15,Interior,"$212,246.92 ",,1,4,7,,,"$104,062.50 ","$108,184.42 "
CO-1420-7483,0.093919565,53635.15,Other,"$2,775.00 ",,,1,,,,"$2,775.00 ",
CO-1420-7483,0.093919565,53635.15,Site,"$130,986.80 ",,,1,3,,,"$88,443.95 ","$42,542.86 "
CO-1420-7483,0.093919565,53635.15,Structure,"$10,073.84 ",,,3,1,,,,"$10,073.84 "
CO-1420-2496,0.121072216,45203.53,Electrical,"$315,748.28 ",,,,4,,"$5,342.37 ","$228,814.99 ","$81,590.92 "
CO-1420-2496,0.121072216,45203.53,Exterior,"$94,146.77 ",,1,4,2,,"$85,360.74 ",,"$8,786.03 "
CO-1420-2496,0.121072216,45203.53,Fire and Life Safety,"$2,686.95 ",,8,,,"$2,686.95 ",,,
CO-1420-2496,0.121072216,45203.53,HVAC,"$214,586.38 ",1,,,,,"$88,800.00 ","$125,786.38 ",
CO-1420-2496,0.121072216,45203.53,Interior,"$410,181.14 ",,1,2,14,,"$38,462.50 ","$121,063.87 ","$250,654.77 "
CO-1420-2496,0.121072216,45203.53,Other,"$2,775.00 ",,3,6,,,,"$2,775.00 ",
CO-1420-2496,0.121072216,45203.53,Plumbing,"$87,455.20 ",,,1,2,"$3,921.83 ",,"$14,634.62 ","$68,898.75 "
CO-1420-2496,0.121072216,45203.53,Roofing,"$151,468.20 ",1,,1,,,"$3,848.09 ","$147,620.11 ",
CO-1420-2496,0.121072216,45203.53,Site,"$249,096.63 ",,1,1,8,,"$12,742.89 ","$147,246.46 ","$89,107.28 "
CO-1420-2496,0.121072216,45203.53,Specialties,"$342,157.96 ",,1,4,11,,,"$48,541.47 ","$293,616.49 "
CO-1420-2496,0.121072216,45203.53,Stairs and Elevators,"$83,814.07 ",,,2,12,,,,"$83,814.07 "
CO-1420-4422,0.075426026,136795.51,Electrical,"$656,356.70 ",,,,3,,,"$601,086.71 ","$55,269.99 "
CO-1420-4422,0.075426026,136795.51,Exterior,"$31,539.31 ",,,6,6,,,,"$31,539.31 "
CO-1420-4422,0.075426026,136795.51,Fire and Life Safety,"$21,894.99 ",,,,,"$21,894.99 ",,,
CO-1420-4422,0.075426026,136795.51,HVAC,"$6,295,534.62 ",1,,,1,"$6,010,372.50 ","$98,354.75 ","$114,487.32 ","$72,320.05 "
CO-1420-4422,0.075426026,136795.51,Interior,"$1,367,004.95 ",,2,5,14,,,"$441,079.99 ","$925,924.96 "
CO-1420-4422,0.075426026,136795.51,Other,"$6,105.00 ",,,6,,,,"$6,105.00 ",
CO-1420-4422,0.075426026,136795.51,Plumbing,"$174,901.65 ",,,1,,"$6,549.23 ","$122,159.66 ","$46,192.75 ",
CO-1420-4422,0.075426026,136795.51,Roofing,"$317,654.43 ",1,4,4,,,"$263,188.43 ","$54,466.00 ",
CO-1420-4422,0.075426026,136795.51,Site,"$577,279.53 ",,3,1,1,"$98,459.52 ",,"$446,254.75 ","$32,565.26 "
CO-1420-4422,0.075426026,136795.51,Specialties,"$294,237.72 ",2,,3,7,,"$187,096.31 ",,"$107,141.42 "
CO-1420-4422,0.075426026,136795.51,Structure,"$37,243.39 ",,2,,,,"$24,828.92 ","$12,414.46 ",
CO-1420-5354,0.086065102,56314,Electrical,"$306,358.73 ",,1,1,1,"$32,754.91 ","$73,223.96 ","$198,874.89 ","$1,504.97 "
CO-1420-5354,0.086065102,56314,Exterior,"$17,857.13 ",1,2,1,,,,"$17,857.13 ",
CO-1420-5354,0.086065102,56314,HVAC,"$660,652.76 ",,,1,,,"$660,652.76 ",,
CO-1420-5354,0.086065102,56314,Interior,"$560,384.35 ",,4,,4,,,"$126,262.50 ","$434,121.85 "
CO-1420-5354,0.086065102,56314,Other,"$21,667.30 ",,,2,,,"$18,892.30 ","$2,775.00 ",
CO-1420-5354,0.086065102,56314,Plumbing,"$182,874.82 ",,2,1,4,,"$1,453.66 ","$9,756.41 ","$171,664.75 "
CO-1420-5354,0.086065102,56314,Site,"$110,646.53 ",,1,1,2,,,"$68,311.71 ","$42,334.82 "
CO-1420-5354,0.086065102,56314,Specialties,"$139,876.59 ",,,2,4,,,"$22,200.00 ","$117,676.59 "
CO-1420-5972,0.361070667,46523.98,Electrical,"$306,475.44 ",,,1,1,"$9,108.32 ","$49,950.00 ","$243,654.69 ","$3,762.43 "
CO-1420-5972,0.361070667,46523.98,Exterior,"$25,956.48 ",1,1,3,1,,,"$21,962.84 ","$3,993.65 "
CO-1420-5972,0.361070667,46523.98,Fire and Life Safety,"$2,686.95 ",,,2,,"$2,686.95 ",,,
CO-1420-5972,0.361070667,46523.98,HVAC,"$3,064,794.60 ",1,,,1,,"$2,957,346.22 ","$105,095.99 ","$2,352.40 "
CO-1420-5972,0.361070667,46523.98,Interior,"$1,122,811.85 ",,8,1,7,,,"$260,399.62 ","$862,412.24 "
CO-1420-5972,0.361070667,46523.98,Other,"$561,058.04 ",,,2,,,,"$561,058.04 ",
CO-1420-5972,0.361070667,46523.98,Plumbing,"$163,009.12 ",,,4,2,"$10,427.27 ","$23,095.67 ",,"$129,486.17 "
CO-1420-5972,0.361070667,46523.98,Roofing,"$446,949.97 ",1,1,,,,"$446,949.97 ",,
CO-1420-5972,0.361070667,46523.98,Site,"$768,861.58 ",,1,,6,,"$4,221.35 ","$281,226.49 ","$483,413.74 "
CO-1420-5972,0.361070667,46523.98,Specialties,"$138,701.90 ",,1,6,5,,,"$22,200.00 ","$116,501.90 "
CO-1420-5972,0.361070667,46523.98,Structure,"$117,751.30 ",,,1,1,"$3,503.20 ","$8,276.30 ",,"$105,971.79 "
CO-1420-0724,0.074969849,41599.25,Electrical,"$296,153.88 ",1,1,,4,,"$78,085.84 ","$167,983.37 ","$50,084.68 "
CO-1420-0724,0.074969849,41599.25,Exterior,"$35,854.39 ",,2,2,,,"$35,854.39 ",,
CO-1420-0724,0.074969849,41599.25,Fire and Life Safety,"$2,686.95 ",,4,,,"$2,686.95 ",,,
CO-1420-0724,0.074969849,41599.25,HVAC,"$350,737.16 ",1,,,1,"$166,500.00 ","$176,820.46 ",,"$7,416.70 "
CO-1420-0724,0.074969849,41599.25,Interior,"$238,661.50 ",1,3,,1,,"$63,267.79 ","$148,699.33 ","$26,694.38 "
CO-1420-0724,0.074969849,41599.25,Other,"$2,775.00 ",,1,2,,,,"$2,775.00 ",
CO-1420-0724,0.074969849,41599.25,Plumbing,"$88,234.75 ",,,1,6,,,"$37,014.81 ","$51,219.94 "
CO-1420-0724,0.074969849,41599.25,Roofing,$700.43 ,,,2,,,$700.43 ,,
CO-1420-0724,0.074969849,41599.25,Site,"$217,515.03 ",,1,,,,,"$217,515.03 ",
CO-1420-0724,0.074969849,41599.25,Specialties,"$72,289.90 ",,,3,2,,"$14,713.44 ",,"$57,576.47 "
CO-1420-1976,0.075828447,133164.54,Electrical,"$544,165.15 ",,2,,,,,"$544,165.15 ",
CO-1420-1976,0.075828447,133164.54,Exterior,"$287,484.12 ",,,1,1,,"$277,500.00 ",,"$9,984.12 "
CO-1420-1976,0.075828447,133164.54,HVAC,"$1,001,325.85 ",,1,,,,"$800,405.08 ","$200,920.77 ",
CO-1420-1976,0.075828447,133164.54,Interior,"$1,121,675.18 ",,4,2,6,,,"$301,149.97 ","$820,525.21 "
CO-1420-1976,0.075828447,133164.54,Plumbing,"$8,602.11 ",,,2,1,,,,"$8,602.11 "
CO-1420-1976,0.075828447,133164.54,Site,"$886,047.50 ",,,,3,"$26,904.65 ",,"$513,167.55 ","$345,975.30 "
CO-1420-1976,0.075828447,133164.54,Specialties,"$107,067.45 ",1,,3,2,,,"$76,183.12 ","$30,884.33 "
CO-1420-1976,0.075828447,133164.54,Stairs and Elevators,"$166,500.00 ",,,1,,,"$166,500.00 ",,
CO-1420-2550,0.126111672,52017.59,Electrical,"$278,640.90 ",,1,,,,"$55,282.58 ","$223,358.32 ",
CO-1420-2550,0.126111672,52017.59,Exterior,"$219,814.11 ",,2,2,1,,,"$209,395.87 ","$10,418.24 "
CO-1420-2550,0.126111672,52017.59,HVAC,"$447,009.40 ",,,2,3,,"$306,902.27 ","$109,012.07 ","$31,095.06 "
CO-1420-2550,0.126111672,52017.59,Interior,"$727,169.29 ",,3,4,8,,"$27,549.51 ","$154,012.50 ","$545,607.28 "
CO-1420-2550,0.126111672,52017.59,Other,"$2,775.00 ",,1,1,,,,"$2,775.00 ",
CO-1420-2550,0.126111672,52017.59,Plumbing,"$46,960.83 ",,,1,,,"$40,166.37 ","$6,794.45 ",
CO-1420-2550,0.126111672,52017.59,Roofing,"$128,167.60 ",,1,1,,,"$111,000.00 ","$17,167.60 ",
CO-1420-2550,0.126111672,52017.59,Site,"$350,253.03 ",,1,1,3,,"$211,593.28 ","$60,644.54 ","$78,015.21 "
CO-1420-2550,0.126111672,52017.59,Specialties,"$287,996.57 ",,1,4,10,,"$4,795.53 ","$35,235.77 ","$247,965.26 "
CO-1420-3450,0.171996752,#N/A,Electrical,"$325,073.86 ",,2,2,,,"$38,850.00 ","$286,223.86 ",
CO-1420-3450,0.171996752,#N/A,Exterior,"$179,506.47 ",,1,4,1,,"$160,161.91 ","$15,750.28 ","$3,594.28 "
CO-1420-3450,0.171996752,#N/A,Fire and Life Safety,"$2,686.95 ",,1,2,,"$2,686.95 ",,,
CO-1420-3450,0.171996752,#N/A,HVAC,"$494,027.53 ",1,,,1,,"$354,483.52 ",,"$139,544.02 "
CO-1420-3450,0.171996752,#N/A,Interior,"$677,707.71 ",,1,,5,,,"$270,286.48 ","$407,421.24 "
CO-1420-3450,0.171996752,#N/A,Other,"$2,775.00 ",,,2,,,,"$2,775.00 ",
CO-1420-3450,0.171996752,#N/A,Plumbing,"$59,706.41 ",,,1,1,,,"$9,756.41 ","$49,950.00 "
CO-1420-3450,0.171996752,#N/A,Roofing,"$207,340.93 ",,,1,,"$55,500.00 ","$19,898.17 ","$131,942.76 ",
CO-1420-3450,0.171996752,#N/A,Site,"$211,810.87 ",1,1,1,3,,,"$123,297.72 ","$88,513.14 "
CO-1420-3450,0.171996752,#N/A,Specialties,"$96,817.97 ",,,3,3,,,"$32,693.62 ","$64,124.36 "
CO-1420-3450,0.171996752,#N/A,Structure,"$111,000.00 ",,,2,,,"$111,000.00 ",,
CO-1420-4942,0.067096337,248133.07,Electrical,"$1,248,940.32 ",,2,,1,,"$40,379.20 ","$1,206,273.17 ","$2,287.94 "
CO-1420-4942,0.067096337,248133.07,Exterior,"$21,565.69 ",,2,5,2,,,,"$21,565.69 "
CO-1420-4942,0.067096337,248133.07,HVAC,"$870,228.13 ",,,,1,,"$647,185.38 ","$200,610.72 ","$22,432.03 "
CO-1420-4942,0.067096337,248133.07,Interior,"$2,089,859.03 ",,3,2,9,,"$222,000.00 ","$402,874.80 ","$1,464,984.23 "
CO-1420-4942,0.067096337,248133.07,Plumbing,"$27,689.28 ",,1,2,,,,"$27,689.28 ",
CO-1420-4942,0.067096337,248133.07,Roofing,"$714,271.87 ",,,2,,,,"$714,271.87 ",
CO-1420-4942,0.067096337,248133.07,Site,"$1,368,922.98 ",,,2,1,,"$84,952.60 ","$1,193,360.13 ","$90,610.25 "
CO-1420-4942,0.067096337,248133.07,Specialties,"$164,159.34 ",,1,2,,"$164,159.34 ",,,
CO-1420-4942,0.067096337,248133.07,Stairs and Elevators,"$3,678.36 ",3,,,2,,,,"$3,678.36 "
CO-1420-4942,0.067096337,248133.07,Structure,"$1,007.38 ",,,,1,,,,"$1,007.38 "
CO-1420-7962,0.250989071,46085.02,Electrical,"$333,471.61 ",,,,2,,"$95,339.59 ","$187,034.52 ","$51,097.50 "
CO-1420-7962,0.250989071,46085.02,HVAC,"$2,360,207.42 ",,2,3,1,,"$2,053,500.00 ","$304,147.79 ","$2,559.63 "
CO-1420-7962,0.250989071,46085.02,Interior,"$702,316.18 ",,3,2,5,,,"$191,475.00 ","$510,841.18 "
CO-1420-7962,0.250989071,46085.02,Other,"$2,775.00 ",,,1,,,,"$2,775.00 ",
CO-1420-7962,0.250989071,46085.02,Plumbing,"$72,150.00 ",,,1,,,,"$72,150.00 ",
CO-1420-7962,0.250989071,46085.02,Site,"$691,127.24 ",,,1,5,,,"$540,714.92 ","$150,412.31 "
CO-1420-7962,0.250989071,46085.02,Specialties,"$413,035.31 ",,,6,10,,,"$22,200.00 ","$390,835.31 "
CO-1420-8102,0.1456192,51793.7,Electrical,"$373,635.95 ",,,1,1,,"$85,478.07 ","$248,922.04 ","$39,235.84 "
CO-1420-8102,0.1456192,51793.7,Exterior,"$4,117.31 ",,1,2,3,,,,"$4,117.31 "
CO-1420-8102,0.1456192,51793.7,HVAC,"$785,619.72 ",,,,,"$166,500.00 ","$619,119.72 ",,
CO-1420-8102,0.1456192,51793.7,Interior,"$507,578.11 ",1,4,,5,,,"$104,062.50 ","$403,515.61 "
CO-1420-8102,0.1456192,51793.7,Other,"$2,776.75 ",,,1,,$1.75 ,,"$2,775.00 ",
CO-1420-8102,0.1456192,51793.7,Roofing,"$522,800.92 ",1,,1,,,"$3,848.09 ","$518,952.83 ",
CO-1420-8102,0.1456192,51793.7,Site,"$304,722.84 ",,1,2,4,,,"$122,100.00 ","$182,622.84 "
CO-1420-8102,0.1456192,51793.7,Specialties,"$115,588.65 ",,,1,2,,,"$39,083.52 ","$76,505.13 "
CO-1420-5222,0.217916366,40712.12,Electrical,"$218,551.94 ",,,2,1,,,"$210,056.68 ","$8,495.26 "
CO-1420-5222,0.217916366,40712.12,Exterior,"$21,263.97 ",,,3,1,,,,"$21,263.97 "
CO-1420-5222,0.217916366,40712.12,HVAC,"$2,256,099.30 ",,,,,,"$2,256,099.30 ",,
CO-1420-5222,0.217916366,40712.12,Interior,"$702,997.54 ",,2,,7,,,"$154,012.50 ","$548,985.04 "
CO-1420-5222,0.217916366,40712.12,Other,"$2,775.00 ",,,1,,,,"$2,775.00 ",
CO-1420-5222,0.217916366,40712.12,Plumbing,"$7,439.04 ",,,1,2,,,,"$7,439.04 "
CO-1420-5222,0.217916366,40712.12,Roofing,"$80,800.02 ",,,,,,"$80,800.02 ",,
CO-1420-5222,0.217916366,40712.12,Site,"$222,930.99 ",,1,,,,,"$222,930.99 ",
CO-1420-5222,0.217916366,40712.12,Specialties,"$30,166.89 ",,,2,3,,$710.44 ,,"$29,456.45 "
CO-1420-6090,0.112478423,83756.46,Electrical,"$111,875.80 ",,1,,,"$111,000.00 ",,$875.80 ,
CO-1420-6090,0.112478423,83756.46,Exterior,"$5,378.85 ",1,,1,1,,,,"$5,378.85 "
CO-1420-6090,0.112478423,83756.46,HVAC,"$468,140.66 ",,,,1,,"$455,100.00 ",,"$13,040.66 "
CO-1420-6090,0.112478423,83756.46,Interior,"$1,018,204.09 ",,2,,5,,,"$478,205.49 ","$539,998.59 "
CO-1420-6090,0.112478423,83756.46,Site,"$1,384,217.35 ",,,2,5,,,"$831,186.55 ","$553,030.80 "
CO-1420-6090,0.112478423,83756.46,Specialties,"$747,087.55 ",,,6,2,,"$12,611.52 ","$386,571.08 ","$347,904.96 "
CO-1420-6090,0.112478423,83756.46,Stairs and Elevators,"$21,321.87 ",,1,1,,,"$21,321.87 ",,
CO-1420-6090,0.112478423,83756.46,Structure,"$16,552.62 ",,2,,,,,"$16,552.62 ",
CO-1420-6806,0.157677364,33602.33,Electrical,"$430,038.66 ",,,1,1,,"$230,608.55 ","$153,082.79 ","$46,347.33 "
CO-1420-6806,0.157677364,33602.33,Exterior,"$38,892.19 ",,2,3,1,,"$35,049.17 ","$2,150.97 ","$1,692.05 "
CO-1420-6806,0.157677364,33602.33,Fire and Life Safety,"$22,200.00 ",,2,1,,"$11,100.00 ","$11,100.00 ",,
CO-1420-6806,0.157677364,33602.33,HVAC,"$663,370.00 ",1,1,,,,"$663,370.00 ",,
CO-1420-6806,0.157677364,33602.33,Interior,"$813,910.89 ",,2,,5,,,"$333,000.00 ","$480,910.89 "
CO-1420-6806,0.157677364,33602.33,Other,"$2,775.00 ",,,2,,,,"$2,775.00 ",
CO-1420-6806,0.157677364,33602.33,Plumbing,"$117,464.72 ",,,1,2,,,"$49,950.00 ","$67,514.72 "
CO-1420-6806,0.157677364,33602.33,Roofing,"$51,829.84 ",,,1,,"$51,829.84 ",,,
CO-1420-6806,0.157677364,33602.33,Site,"$349,527.37 ",1,,,4,,,"$201,427.98 ","$148,099.39 "
CO-1420-6806,0.157677364,33602.33,Specialties,"$57,429.05 ",,,6,3,,"$1,065.68 ",,"$56,363.37 "
CO-1420-6806,0.157677364,33602.33,Stairs and Elevators,"$6,340.79 ",,1,,1,,,,"$6,340.79 "
CO-1420-7114,0.089947439,214781,Electrical,"$1,588,735.63 ",,,,2,"$2,627.40 ","$1,066,724.31 ","$392,112.67 ","$127,271.25 "
CO-1420-7114,0.089947439,214781,Exterior,"$786,046.00 ",1,1,3,3,"$45,821.85 ","$499,500.00 ","$18,627.42 ","$222,096.73 "
CO-1420-7114,0.089947439,214781,Fire and Life Safety,"$11,100.00 ",1,2,1,,"$11,100.00 ",,,
CO-1420-7114,0.089947439,214781,HVAC,"$3,205,916.03 ",1,,,,"$3,055,552.50 ","$150,363.53 ",,
CO-1420-7114,0.089947439,214781,Interior,"$1,705,999.10 ",,,,12,,,"$391,275.00 ","$1,314,724.10 "
CO-1420-7114,0.089947439,214781,Plumbing,"$214,621.70 ",,,1,1,,"$30,483.00 ","$178,463.51 ","$5,675.19 "
CO-1420-7114,0.089947439,214781,Site,"$2,550,819.34 ",,4,3,3,,"$645,226.18 ","$1,806,825.18 ","$98,767.98 "
CO-1420-7114,0.089947439,214781,Specialties,"$129,128.81 ",,3,5,4,,"$67,874.49 ",,"$61,254.32 "
CO-1420-9232,0.185514228,41934.24,Electrical,"$426,410.47 ",,1,,2,"$111,000.00 ","$142,656.78 ","$113,627.40 ","$59,126.29 "
CO-1420-9232,0.185514228,41934.24,Exterior,"$8,325.00 ",1,4,3,,,"$8,325.00 ",,
CO-1420-9232,0.185514228,41934.24,Fire and Life Safety,"$16,650.00 ",,1,,,,"$16,650.00 ",,
CO-1420-9232,0.185514228,41934.24,HVAC,"$1,299,926.46 ",,1,,,"$166,500.00 ","$1,133,426.46 ",,
CO-1420-9232,0.185514228,41934.24,Interior,"$1,193,578.09 ",1,2,,6,,,"$212,287.50 ","$981,290.59 "
CO-1420-9232,0.185514228,41934.24,Other,"$2,775.00 ",,,1,,,,"$2,775.00 ",
CO-1420-9232,0.185514228,41934.24,Site,"$57,418.55 ",,,1,1,,"$4,221.35 ","$3,066.41 ","$50,130.79 "
CO-1420-9232,0.185514228,41934.24,Specialties,"$126,274.07 ",,1,2,5,,,,"$126,274.07 "
CO-1420-9328,0.167973469,51051.97,Electrical,"$399,721.57 ",,,,1,,"$174,070.46 ","$212,331.11 ","$13,320.00 "
CO-1420-9328,0.167973469,51051.97,Exterior,"$20,483.22 ",,2,2,2,,,,"$20,483.22 "
CO-1420-9328,0.167973469,51051.97,HVAC,"$1,062,755.47 ",,,,,,"$1,062,755.47 ",,
CO-1420-9328,0.167973469,51051.97,Interior,"$547,307.34 ",,4,,3,,,"$216,450.00 ","$330,857.34 "
CO-1420-9328,0.167973469,51051.97,Other,"$2,775.00 ",,,1,,,,"$2,775.00 ",
CO-1420-9328,0.167973469,51051.97,Plumbing,"$92,574.99 ",,,1,1,,,"$4,995.00 ","$87,579.99 "
CO-1420-9328,0.167973469,51051.97,Roofing,"$296,487.84 ",,,1,,,,"$296,487.84 ",
CO-1420-9328,0.167973469,51051.97,Site,"$769,851.36 ",,,1,1,,,"$713,882.48 ","$55,968.88 "
CO-1420-9328,0.167973469,51051.97,Specialties,"$119,207.68 ",,,6,7,,,,"$119,207.68 "
CO-1420-9328,0.167973469,51051.97,Structure,"$5,550.00 ",,,,,,"$5,550.00 ",,
0,0.151319654,#N/A,Electrical,"$303,422.20 ",,1,,1,,"$118,338.09 ","$183,202.89 ","$1,881.22 "
0,0.151319654,#N/A,Exterior,"$41,898.27 ",,4,2,1,,,"$9,843.99 ","$32,054.28 "
0,0.151319654,#N/A,HVAC,"$883,129.38 ",,,2,2,,"$793,682.38 ","$13,110.72 ","$76,336.28 "
0,0.151319654,#N/A,Interior,"$865,401.97 ",,3,2,5,,"$97,835.04 ","$352,697.33 ","$414,869.59 "
0,0.151319654,#N/A,Plumbing,"$10,203.06 ",,1,3,,,,"$10,203.06 ",
0,0.151319654,#N/A,Site,"$261,727.37 ",,,1,2,,,"$199,406.22 ","$62,321.15 "
0,0.151319654,#N/A,Specialties,"$207,647.00 ",,,3,6,,,,"$207,647.00 "
0,0.23378078,#N/A,Electrical,"$324,170.56 ",,,,,,"$2,233.29 ","$321,937.27 ",
0,0.23378078,#N/A,Exterior,"$8,582.84 ",,1,4,,,"$8,582.84 ",,
0,0.23378078,#N/A,Fire and Life Safety,"$2,686.95 ",,1,,,"$2,686.95 ",,,
0,0.23378078,#N/A,HVAC,"$492,414.07 ",1,,,3,,"$151,977.85 ","$122,100.00 ","$218,336.22 "
0,0.23378078,#N/A,Interior,"$1,206,345.11 ",,4,1,12,,"$3,252.93 ","$269,621.60 ","$933,470.58 "
0,0.23378078,#N/A,Other,"$58,275.00 ",,1,3,,"$27,750.00 ",,"$30,525.00 ",
0,0.23378078,#N/A,Plumbing,"$23,065.08 ",1,,2,2,,"$8,363.89 ","$5,843.34 ","$8,857.84 "
0,0.23378078,#N/A,Roofing,"$64,957.03 ",,1,1,,,,"$64,957.03 ",
0,0.23378078,#N/A,Site,"$679,204.32 ",,,1,6,,,"$575,572.92 ","$103,631.40 "
0,0.23378078,#N/A,Specialties,"$94,872.62 ",,,3,6,,"$1,065.68 ",,"$93,806.94 "
CO-1420-5758,0.070823378,69794.95,Electrical,"$145,175.80 ",,1,,,,"$33,300.00 ","$111,875.80 ",
CO-1420-5758,0.070823378,69794.95,Exterior,"$9,984.12 ",,1,2,1,,,,"$9,984.12 "
CO-1420-5758,0.070823378,69794.95,HVAC,"$628,016.00 ",,,,,"$277,500.00 ","$333,000.00 ","$17,516.00 ",
CO-1420-5758,0.070823378,69794.95,Interior,"$895,500.58 ",1,3,1,4,,,"$137,362.50 ","$758,138.08 "
CO-1420-5758,0.070823378,69794.95,Other,"$2,775.00 ",,,2,,,,"$2,775.00 ",
CO-1420-5758,0.070823378,69794.95,Roofing,"$1,813.83 ",,,1,,"$1,813.83 ",,,
CO-1420-5758,0.070823378,69794.95,Site,"$340,704.23 ",1,,,,,,"$257,454.23 ","$83,250.00 "
CO-1420-5758,0.070823378,69794.95,Specialties,"$39,501.57 ",,,2,1,,,,"$39,501.57 "
CO-1420-6470,0.121076245,91755.19,Electrical,"$269,356.92 ",,,,,,"$85,478.07 ","$183,878.85 ",
CO-1420-6470,0.121076245,91755.19,Exterior,"$303,538.58 ",,1,5,2,,"$292,875.54 ",,"$10,663.04 "
CO-1420-6470,0.121076245,91755.19,HVAC,"$1,597,617.36 ",,2,,3,,"$467,523.99 ","$1,040,881.91 ","$89,211.47 "
CO-1420-6470,0.121076245,91755.19,Interior,"$1,059,215.64 ",,2,3,3,,,"$362,137.50 ","$697,078.14 "
CO-1420-6470,0.121076245,91755.19,Other,"$4,995.00 ",,,1,,,,"$4,995.00 ",
CO-1420-6470,0.121076245,91755.19,Plumbing,"$15,401.05 ",,,1,1,,"$11,100.00 ",,"$4,301.05 "
CO-1420-6470,0.121076245,91755.19,Roofing,"$661,372.71 ",,1,,,,,"$661,372.71 ",
CO-1420-6470,0.121076245,91755.19,Site,"$490,363.52 ",,,1,5,"$3,170.39 ",,"$329,352.86 ","$157,840.27 "
CO-1420-6470,0.121076245,91755.19,Specialties,"$269,375.71 ",1,,10,6,,,,"$269,375.71 "
CO-1420-7239,0.058173603,253037,Electrical,"$1,617,556.92 ",,,,1,,"$2,800.81 ","$1,165,470.75 ","$449,285.36 "
CO-1420-7239,0.058173603,253037,Exterior,"$29,305.84 ",,1,5,1,,,"$9,563.74 ","$19,742.10 "
CO-1420-7239,0.058173603,253037,Fire and Life Safety,"$63,863.89 ",,,1,,"$55,500.00 ",,"$8,363.89 ",
CO-1420-7239,0.058173603,253037,HVAC,"$2,486,109.71 ",1,,1,1,"$231,505.65 ","$2,253,300.00 ",,"$1,304.06 "
CO-1420-7239,0.058173603,253037,Interior,"$1,795,287.80 ",,,,5,,,"$391,275.00 ","$1,404,012.80 "
CO-1420-7239,0.058173603,253037,Other,$1.75 ,,,1,,$1.75 ,,,
CO-1420-7239,0.058173603,253037,Plumbing,"$8,363.89 ",1,,,,,"$8,363.89 ",,
CO-1420-7239,0.058173603,253037,Roofing,"$11,545.84 ",,1,,,,"$11,545.84 ",,
CO-1420-7239,0.058173603,253037,Site,"$1,900,077.10 ",,1,,2,,,"$1,862,140.52 ","$37,936.58 "
CO-1420-7239,0.058173603,253037,Specialties,"$142,937.63 ",,,6,3,,"$11,100.00 ",,"$131,837.63 "
CO-1420-7239,0.058173603,253037,Stairs and Elevators,"$166,500.00 ",,1,,,,,"$166,500.00 ",
CO-1420-7239,0.058173603,253037,Structure,"$4,378.99 ",,,1,1,,,,"$4,378.99 "
CO-1420-7870,0.025047453,69882,Electrical,"$233,100.00 ",,,,,,"$55,500.00 ","$177,600.00 ",
CO-1420-7870,0.025047453,69882,Exterior,"$17,205.00 ",,1,1,,,,"$13,320.00 ","$3,885.00 "
CO-1420-7870,0.025047453,69882,HVAC,"$256,439.86 ",,,,,,"$256,439.86 ",,
CO-1420-7870,0.025047453,69882,Interior,"$107,947.50 ",,1,,,,,"$104,062.50 ","$3,885.00 "
CO-1420-7870,0.025047453,69882,Other,"$2,775.00 ",,,1,,,,"$2,775.00 ",
CO-1420-7870,0.025047453,69882,Specialties,"$49,950.00 ",,,1,1,,,,"$49,950.00 "
CO-1420-9052,0.21217722,50510.75,Electrical,"$198,433.71 ",,,,,,,"$198,433.71 ",
CO-1420-9052,0.21217722,50510.75,Exterior,"$129,772.54 ",,,4,,,"$33,210.35 ","$96,562.20 ",
CO-1420-9052,0.21217722,50510.75,HVAC,"$2,904,197.35 ",,3,4,,,"$621,600.00 ","$2,282,597.35 ",
CO-1420-9052,0.21217722,50510.75,Interior,"$623,393.08 ",,1,3,7,,,"$187,312.50 ","$436,080.58 "
CO-1420-9052,0.21217722,50510.75,Other,"$31,588.50 ",,,1,,,,"$31,588.50 ",
CO-1420-9052,0.21217722,50510.75,Plumbing,"$38,870.42 ",,,2,3,"$18,197.27 ","$7,770.00 ",,"$12,903.15 "
CO-1420-9052,0.21217722,50510.75,Roofing,"$1,371,570.36 ",2,1,,,"$549,450.00 ","$10,229.15 ","$811,891.21 ",
CO-1420-9052,0.21217722,50510.75,Site,"$61,408.69 ",1,2,3,1,,"$29,707.13 ","$22,200.00 ","$9,501.56 "
CO-1420-9052,0.21217722,50510.75,Specialties,"$98,638.03 ",,2,1,4,,,"$38,850.00 ","$59,788.03 "
CO-1420-9429,0.188720906,53379.42,Electrical,"$108,318.99 ",,,,1,,"$11,166.43 ","$95,225.80 ","$1,926.76 "
CO-1420-9429,0.188720906,53379.42,Exterior,"$107,512.40 ",,5,2,7,,"$55,368.09 ","$3,721.32 ","$48,423.00 "
CO-1420-9429,0.188720906,53379.42,Fire and Life Safety,"$2,686.95 ",,5,1,,"$2,686.95 ",,,
CO-1420-9429,0.188720906,53379.42,HVAC,"$1,297,682.49 ",1,,,2,,"$268,177.44 ","$946,059.95 ","$83,445.09 "
CO-1420-9429,0.188720906,53379.42,Interior,"$564,920.86 ",,6,2,18,,,"$129,037.50 ","$435,883.36 "
CO-1420-9429,0.188720906,53379.42,Plumbing,"$89,104.47 ",,,1,15,,"$23,310.00 ",,"$65,794.47 "
CO-1420-9429,0.188720906,53379.42,Roofing,"$850,054.87 ",,3,,,"$52,926.35 ",,"$797,128.52 ",
CO-1420-9429,0.188720906,53379.42,Site,"$722,100.03 ",5,,2,3,,,"$584,856.91 ","$137,243.12 "
CO-1420-9429,0.188720906,53379.42,Specialties,"$24,754.29 ",,,5,2,,,"$4,346.59 ","$20,407.69 "
CO-1420-0030,0.155940297,47737.1,Electrical,"$447,504.95 ",,,1,,,"$247,258.55 ","$200,246.40 ",
CO-1420-0030,0.155940297,47737.1,Exterior,"$34,725.47 ",,2,2,,,"$34,725.47 ",,
CO-1420-0030,0.155940297,47737.1,Fire and Life Safety,"$2,686.95 ",,2,,,"$2,686.95 ",,,
CO-1420-0030,0.155940297,47737.1,HVAC,"$905,830.13 ",1,,,2,"$166,500.00 ","$520,728.10 ","$169,042.92 ","$49,559.11 "
CO-1420-0030,0.155940297,47737.1,Interior,"$562,014.32 ",1,3,2,5,,,"$455,100.00 ","$106,914.32 "
CO-1420-0030,0.155940297,47737.1,Other,"$2,775.00 ",,,1,,,,"$2,775.00 ",
CO-1420-0030,0.155940297,47737.1,Plumbing,"$102,806.32 ",,,1,10,,"$22,549.66 ","$14,021.66 ","$66,235.00 "
CO-1420-0030,0.155940297,47737.1,Roofing,"$1,984.74 ",,1,2,,,"$1,984.74 ",,
CO-1420-0030,0.155940297,47737.1,Site,"$722,016.68 ",,1,,4,,"$58,377.35 ","$530,937.70 ","$132,701.63 "
CO-1420-0030,0.155940297,47737.1,Specialties,"$88,048.53 ",,1,3,1,,,"$56,055.00 ","$31,993.53 "
CO-1420-0030,0.155940297,47737.1,Stairs and Elevators,"$78,384.79 ",,,,1,"$73,130.00 ",,,"$5,254.80 "
CO-1420-0030,0.155940297,47737.1,Structure,"$10,127.74 ",1,,,1,"$7,542.38 ",,,"$2,585.36 "
CO-1420-5350,0.095408068,47741.66,Electrical,"$196,520.43 ",1,,,,,,"$196,520.43 ",
CO-1420-5350,0.095408068,47741.66,Exterior,$537.74 ,,,2,,,,$537.74 ,
CO-1420-5350,0.095408068,47741.66,HVAC,"$243,774.46 ",,,1,2,,"$179,962.61 ","$57,872.35 ","$5,939.50 "
CO-1420-5350,0.095408068,47741.66,Interior,"$1,028,509.34 ",,1,1,8,,"$20,228.66 ","$281,314.76 ","$726,965.92 "
CO-1420-5350,0.095408068,47741.66,Other,"$2,775.00 ",,1,3,,,,"$2,775.00 ",
CO-1420-5350,0.095408068,47741.66,Plumbing,"$17,120.25 ",,,1,1,,,"$11,100.00 ","$6,020.25 "
CO-1420-5350,0.095408068,47741.66,Site,"$115,884.46 ",,,1,5,,"$2,575.32 ","$69,768.16 ","$43,540.97 "
CO-1420-5350,0.095408068,47741.66,Specialties,"$41,945.56 ",,1,3,1,,,,"$41,945.56 "
CO-1420-5350,0.095408068,47741.66,Stairs and Elevators,"$5,254.80 ",,,,1,,,,"$5,254.80 "
CO-1420-5454,0.071689192,88997.05,Electrical,"$591,100.34 ",,,,1,"$111,000.00 ",,"$444,478.44 ","$35,621.90 "
CO-1420-5454,0.071689192,88997.05,Exterior,"$172,723.58 ",1,,3,,,"$172,723.58 ",,
CO-1420-5454,0.071689192,88997.05,Interior,"$984,946.50 ",,1,,8,,,"$532,526.82 ","$452,419.68 "
CO-1420-5454,0.071689192,88997.05,Other,"$4,996.75 ",,,3,,$1.75 ,,"$4,995.00 ",
CO-1420-5454,0.071689192,88997.05,Plumbing,"$33,455.56 ",1,,1,1,,,,"$33,455.56 "
CO-1420-5454,0.071689192,88997.05,Site,"$316,889.98 ",,,,1,,,"$276,280.51 ","$40,609.47 "
CO-1420-5454,0.071689192,88997.05,Specialties,"$710,618.51 ",,,6,8,,,"$411,976.29 ","$298,642.23 "
CO-1420-5454,0.071689192,88997.05,Stairs and Elevators,"$8,407.68 ",,,1,1,,,,"$8,407.68 "
CO-1420-7529,0.053763225,50544.85,Electrical,"$111,000.00 ",,,,,"$111,000.00 ",,,
CO-1420-7529,0.053763225,50544.85,Exterior,"$6,988.88 ",1,,,1,,,,"$6,988.88 "
CO-1420-7529,0.053763225,50544.85,HVAC,"$269,575.54 ",,,,,,"$255,300.00 ","$14,275.54 ",
CO-1420-7529,0.053763225,50544.85,Interior,"$462,435.39 ",,2,1,2,,"$61,875.26 ","$359,362.50 ","$41,197.63 "
CO-1420-7529,0.053763225,50544.85,Other,"$2,775.00 ",,1,4,,,,"$2,775.00 ",
CO-1420-7529,0.053763225,50544.85,Plumbing,"$11,100.00 ",,,1,,,,"$11,100.00 ",
CO-1420-7529,0.053763225,50544.85,Site,"$77,529.57 ",,,1,2,,,"$13,289.65 ","$64,239.92 "
CO-1420-7529,0.053763225,50544.85,Specialties,"$216,847.42 ",,,2,5,,,,"$216,847.42 "
CO-1420-7753,0.212416662,53755.78,Electrical,"$714,431.00 ",,,,1,"$111,000.00 ","$377,400.00 ","$221,516.07 ","$4,514.93 "
CO-1420-7753,0.212416662,53755.78,Exterior,"$5,550.00 ",1,2,2,1,,,,"$5,550.00 "
CO-1420-7753,0.212416662,53755.78,HVAC,"$882,450.00 ",,,,,"$166,500.00 ","$715,950.00 ",,
CO-1420-7753,0.212416662,53755.78,Interior,"$1,444,387.50 ",1,1,,6,,,"$215,062.50 ","$1,229,325.00 "
CO-1420-7753,0.212416662,53755.78,Other,"$2,775.00 ",,,2,,,,"$2,775.00 ",
CO-1420-7753,0.212416662,53755.78,Plumbing,"$102,886.27 ",,,1,,"$11,100.00 ","$72,804.07 ","$18,982.20 ",
CO-1420-7753,0.212416662,53755.78,Roofing,"$791,934.77 ",1,3,2,1,,,"$775,284.77 ","$16,650.00 "
CO-1420-7753,0.212416662,53755.78,Site,"$228,292.04 ",,,1,2,,,"$205,351.11 ","$22,940.93 "
CO-1420-7753,0.212416662,53755.78,Specialties,"$173,636.06 ",,,4,4,,,"$74,513.06 ","$99,123.00 "
CO-1420-8209,0.140098009,204569.2,Electrical,"$1,087,362.40 ",,,1,1,"$160,950.00 ",,"$917,917.14 ","$8,495.26 "
CO-1420-8209,0.140098009,204569.2,Exterior,"$128,426.67 ",2,,2,3,,"$111,000.00 ",,"$17,426.67 "
CO-1420-8209,0.140098009,204569.2,HVAC,"$4,861,237.91 ",,1,,3,"$803,917.50 ","$3,899,249.04 ",,"$158,071.37 "
CO-1420-8209,0.140098009,204569.2,Interior,"$2,321,939.99 ",1,6,,12,,,"$861,301.34 ","$1,460,638.65 "
CO-1420-8209,0.140098009,204569.2,Other,$1.75 ,,,3,,$1.75 ,,,
CO-1420-8209,0.140098009,204569.2,Plumbing,"$188,805.99 ",1,,,5,,"$83,122.63 ","$4,715.06 ","$100,968.31 "
CO-1420-8209,0.140098009,204569.2,Roofing,"$622,910.98 ",,2,1,1,"$277,500.00 ","$236,065.73 ",,"$109,345.25 "
CO-1420-8209,0.140098009,204569.2,Site,"$1,780,498.75 ",1,2,,3,"$1,902.24 ",,"$1,601,593.96 ","$177,002.55 "
CO-1420-8209,0.140098009,204569.2,Specialties,"$635,371.41 ",1,,6,7,"$7,847.17 ","$11,100.00 ",$63.27 ,"$616,360.98 "
CO-1420-8209,0.140098009,204569.2,Stairs and Elevators,"$177,542.16 ",1,1,1,1,,,,"$177,542.16 "
CO-1420-8209,0.140098009,204569.2,Structure,"$18,101.74 ",,,,,"$18,101.74 ",,,
CO-1420-9299,0.043933017,118666.78,Electrical,"$977,982.79 ",1,,,1,"$22,200.00 ","$183,150.00 ","$724,597.44 ","$48,035.35 "
CO-1420-9299,0.043933017,118666.78,HVAC,"$145,654.99 ",1,1,3,,"$145,654.99 ",,,
CO-1420-9299,0.043933017,118666.78,Interior,"$329,477.19 ",1,,,,,,"$329,477.19 ",
CO-1420-9299,0.043933017,118666.78,Other,"$4,996.75 ",,,2,,$1.75 ,,"$4,995.00 ",
CO-1420-9299,0.043933017,118666.78,Plumbing,"$2,636.16 ",1,,1,1,,,,"$2,636.16 "
CO-1420-9299,0.043933017,118666.78,Site,"$583,628.89 ",,,,2,,,"$557,684.67 ","$25,944.22 "
CO-1420-9299,0.043933017,118666.78,Specialties,"$100,861.24 ",,,3,,,,"$100,861.24 ",
CO-1420-9678,0.199497574,44341.28,Electrical,"$172,050.00 ",,,1,,,"$172,050.00 ",,
CO-1420-9678,0.199497574,44341.28,Exterior,"$35,373.56 ",,2,,1,,"$8,582.84 ",,"$26,790.72 "
CO-1420-9678,0.199497574,44341.28,HVAC,"$1,164,999.22 ",,1,,,"$166,500.00 ","$764,918.14 ","$233,581.09 ",
CO-1420-9678,0.199497574,44341.28,Interior,"$714,676.77 ",1,5,2,3,,,"$377,400.00 ","$337,276.77 "
CO-1420-9678,0.199497574,44341.28,Plumbing,"$16,070.92 ",,,3,,,"$16,070.92 ",,
CO-1420-9678,0.199497574,44341.28,Site,"$1,197,495.41 ",,1,,2,,,"$1,103,504.30 ","$93,991.10 "
CO-1420-9678,0.199497574,44341.28,Specialties,"$259,085.21 ",,,8,5,,,,"$259,085.21 "
CO-1420-9678,0.199497574,44341.28,Structure,"$12,414.46 ",,,,,,,"$12,414.46 ",
CO-1420-2820,0.087723171,103697.89,Electrical,"$226,147.64 ",,,1,1,,"$158,891.12 ","$57,384.50 ","$9,872.02 "
CO-1420-2820,0.087723171,103697.89,Exterior,"$111,000.00 ",,2,2,,,"$111,000.00 ",,
CO-1420-2820,0.087723171,103697.89,Fire and Life Safety,"$7,770.00 ",,1,,,"$7,770.00 ",,,
CO-1420-2820,0.087723171,103697.89,HVAC,"$731,304.46 ",1,,,1,,"$381,027.32 ","$136,565.23 ","$213,711.91 "
CO-1420-2820,0.087723171,103697.89,Interior,"$1,617,899.69 ",,5,2,10,,,"$435,573.34 ","$1,182,326.36 "
CO-1420-2820,0.087723171,103697.89,Other,"$4,995.00 ",,,2,,,,"$4,995.00 ",
CO-1420-2820,0.087723171,103697.89,Plumbing,"$19,928.78 ",,,1,,,"$7,770.00 ","$12,158.78 ",
CO-1420-2820,0.087723171,103697.89,Site,"$722,566.90 ",,1,2,5,,,"$429,451.26 ","$293,115.64 "
CO-1420-2820,0.087723171,103697.89,Specialties,"$188,064.72 ",,,5,6,,,,"$188,064.72 "
CO-1420-2820,0.087723171,103697.89,Stairs and Elevators,"$148,216.88 ",,,,1,,,"$41,691.58 ","$106,525.30 "
CO-1420-4802,0.205576997,35533.1,Electrical,"$6,480.92 ",,,1,,,"$6,480.92 ",,
CO-1420-4802,0.205576997,35533.1,Exterior,"$27,750.00 ",,1,,,,"$27,750.00 ",,
CO-1420-4802,0.205576997,35533.1,HVAC,"$1,139,590.57 ",,1,,1,"$222,000.00 ","$776,183.98 ","$134,916.98 ","$6,489.60 "
CO-1420-4802,0.205576997,35533.1,Interior,"$1,190,654.03 ",1,6,1,7,,,"$382,950.00 ","$807,704.03 "
CO-1420-4802,0.205576997,35533.1,Other,"$4,440.00 ",,,1,,,,"$4,440.00 ",
CO-1420-4802,0.205576997,35533.1,Plumbing,"$18,870.00 ",,,2,,"$7,770.00 ","$11,100.00 ",,
CO-1420-4802,0.205576997,35533.1,Roofing,"$404,040.00 ",1,1,,,"$404,040.00 ",,,
CO-1420-4802,0.205576997,35533.1,Site,"$249,727.82 ",1,,,1,,,"$222,000.00 ","$27,727.82 "
CO-1420-4802,0.205576997,35533.1,Specialties,"$82,140.00 ",,,2,3,,,,"$82,140.00 "
CO-1420-5524,0.164058546,49216.66,Electrical,"$251,473.28 ",,,,,,"$54,296.38 ","$197,176.89 ",
CO-1420-5524,0.164058546,49216.66,Exterior,"$163,790.21 ",,4,4,3,,"$137,193.48 ","$24,347.24 ","$2,249.49 "
CO-1420-5524,0.164058546,49216.66,HVAC,"$1,864,516.37 ",,7,1,,"$166,500.00 ","$1,698,016.37 ",,
CO-1420-5524,0.164058546,49216.66,Interior,"$622,786.80 ",1,7,,14,,,"$146,437.19 ","$476,349.61 "
CO-1420-5524,0.164058546,49216.66,Other,"$4,440.00 ",,,3,,,,"$4,440.00 ",
CO-1420-5524,0.164058546,49216.66,Plumbing,"$66,263.26 ",,,2,5,,"$18,870.00 ","$5,853.85 ","$41,539.41 "
CO-1420-5524,0.164058546,49216.66,Site,"$268,772.94 ",,2,1,2,,,"$258,679.98 ","$10,092.95 "
CO-1420-5524,0.164058546,49216.66,Specialties,"$79,431.87 ",,,6,4,,,"$66,858.23 ","$12,573.64 "
CO-1420-5524,0.164058546,49216.66,Stairs and Elevators,"$39,428.51 ",,,4,6,,,,"$39,428.51 "
CO-1420-9154,0.120638185,33138,Electrical,"$234,410.09 ",,,,,,"$234,410.09 ",,
CO-1420-9154,0.120638185,33138,Fire and Life Safety,"$19,336.95 ",,4,,,"$2,686.95 ","$16,650.00 ",,
CO-1420-9154,0.120638185,33138,HVAC,"$111,000.00 ",1,1,,,,"$111,000.00 ",,
CO-1420-9154,0.120638185,33138,Interior,"$714,840.00 ",,1,,7,,,"$516,150.00 ","$198,690.00 "
CO-1420-9154,0.120638185,33138,Other,"$4,440.00 ",,,2,,,,"$4,440.00 ",
CO-1420-9154,0.120638185,33138,Plumbing,"$144,300.00 ",,,2,1,"$16,650.00 ","$7,770.00 ","$111,000.00 ","$8,880.00 "
CO-1420-9154,0.120638185,33138,Site,"$446,525.35 ",1,1,1,1,,"$2,775.00 ","$440,975.35 ","$2,775.00 "
CO-1420-9154,0.120638185,33138,Specialties,"$85,631.36 ",,1,4,6,,,,"$85,631.36 "
CO-1420-6848,0.154111883,36876.64,Electrical,"$151,996.42 ",,,,,,,"$151,996.42 ",
CO-1420-6848,0.154111883,36876.64,Exterior,"$60,858.27 ",,,4,6,,"$40,361.23 ","$2,679.95 ","$17,817.09 "
CO-1420-6848,0.154111883,36876.64,Fire and Life Safety,"$11,100.00 ",,3,1,,"$11,100.00 ",,,
CO-1420-6848,0.154111883,36876.64,HVAC,"$447,125.95 ",1,,,,,"$336,366.76 ","$110,759.19 ",
CO-1420-6848,0.154111883,36876.64,Interior,"$954,479.37 ",,4,2,11,,"$83,250.00 ","$312,669.60 ","$558,559.77 "
CO-1420-6848,0.154111883,36876.64,Other,"$4,440.00 ",,1,2,,,,"$4,440.00 ",
CO-1420-6848,0.154111883,36876.64,Plumbing,"$38,417.51 ",,,2,2,,"$16,912.24 ",,"$21,505.27 "
CO-1420-6848,0.154111883,36876.64,Roofing,"$288,916.64 ",,1,,,"$134,547.24 ",,"$154,369.40 ",
CO-1420-6848,0.154111883,36876.64,Site,"$661,958.88 ",2,,2,4,,,"$602,847.08 ","$59,111.80 "
CO-1420-6848,0.154111883,36876.64,Specialties,"$11,514.03 ",,,8,3,,,,"$11,514.03 "
CO-1420-6848,0.154111883,36876.64,Stairs and Elevators,"$21,895.01 ",,,,3,,,,"$21,895.01 "
CO-1420-6848,0.154111883,36876.64,Structure,"$2,484.47 ",,,,1,,,,"$2,484.47 "
CO-1420-8223,0.072718451,111703.43,Exterior,"$4,790.63 ",,,,,,,"$4,790.63 ",
CO-1420-8223,0.072718451,111703.43,Fire and Life Safety,"$2,686.95 ",,,1,,"$2,686.95 ",,,
CO-1420-8223,0.072718451,111703.43,HVAC,"$450,309.17 ",1,,,1,"$166,500.00 ","$119,778.86 ","$161,422.18 ","$2,608.13 "
CO-1420-8223,0.072718451,111703.43,Interior,"$820,667.64 ",1,2,1,5,,,"$104,062.50 ","$716,605.14 "
CO-1420-8223,0.072718451,111703.43,Other,"$4,995.00 ",,,1,,,,"$4,995.00 ",
CO-1420-8223,0.072718451,111703.43,Plumbing,"$19,913.66 ",,,1,1,,"$8,363.89 ",,"$11,549.76 "
CO-1420-8223,0.072718451,111703.43,Roofing,"$1,205,894.04 ",,1,,,,,"$1,205,894.04 ",
CO-1420-8223,0.072718451,111703.43,Site,"$247,563.42 ",,,3,3,,,"$169,872.18 ","$77,691.24 "
CO-1420-8223,0.072718451,111703.43,Specialties,"$211,996.67 ",,,4,3,"$125,948.79 ",,,"$86,047.88 "
CO-1420-8276,0.163181395,42339.35,Electrical,"$321,491.40 ",1,,,2,"$27,750.00 ","$167,603.07 ","$86,338.12 ","$39,800.20 "
CO-1420-8276,0.163181395,42339.35,Exterior,"$16,650.00 ",1,6,4,1,,,,"$16,650.00 "
CO-1420-8276,0.163181395,42339.35,Fire and Life Safety,"$2,686.95 ",,,,,"$2,686.95 ",,,
CO-1420-8276,0.163181395,42339.35,HVAC,"$903,656.51 ",1,,,,,"$649,455.04 ","$254,201.47 ",
CO-1420-8276,0.163181395,42339.35,Interior,"$506,228.59 ",,2,3,4,,,"$166,500.00 ","$339,728.59 "
CO-1420-8276,0.163181395,42339.35,Other,"$4,440.00 ",,,1,,,,"$4,440.00 ",
CO-1420-8276,0.163181395,42339.35,Plumbing,"$176,065.59 ",,,2,1,,"$52,170.00 ","$62,845.59 ","$61,050.00 "
CO-1420-8276,0.163181395,42339.35,Roofing,"$15,046.24 ",,2,3,,"$15,046.24 ",,,
CO-1420-8276,0.163181395,42339.35,Site,"$440,572.46 ",1,,,5,"$135,223.51 ",,"$115,796.33 ","$189,552.62 "
CO-1420-8276,0.163181395,42339.35,Specialties,"$169,221.96 ",2,,5,7,,,,"$169,221.96 "
CO-1420-8276,0.163181395,42339.35,Structure,"$26,274.00 ",,,,,"$26,274.00 ",,,
CO-1420-9510,0.120293201,211306.62,Electrical,"$1,196,683.30 ",1,,,,,"$316,988.07 ","$879,695.22 ",
CO-1420-9510,0.120293201,211306.62,Exterior,"$1,109,388.35 ",,2,9,6,"$277,628.57 ","$667,417.88 ","$23,306.23 ","$141,035.67 "
CO-1420-9510,0.120293201,211306.62,HVAC,"$11,529,616.93 ",2,10,2,2,"$9,497,715.00 ","$378,721.91 ","$1,579,555.91 ","$73,624.11 "
CO-1420-9510,0.120293201,211306.62,Interior,"$3,006,182.91 ",,2,2,10,,"$32,032.38 ","$1,206,521.23 ","$1,767,629.30 "
CO-1420-9510,0.120293201,211306.62,Other,$1.75 ,,1,7,,$1.75 ,,,
CO-1420-9510,0.120293201,211306.62,Plumbing,"$118,063.46 ",1,,,,"$18,197.27 ","$66,301.92 ","$33,564.27 ",
CO-1420-9510,0.120293201,211306.62,Roofing,"$48,960.92 ",2,4,3,,,"$6,962.76 ","$41,998.16 ",
CO-1420-9510,0.120293201,211306.62,Site,"$702,907.90 ",,1,2,7,"$81,004.45 ","$145,100.49 ","$383,128.49 ","$93,674.48 "
CO-1420-9510,0.120293201,211306.62,Specialties,"$480,178.24 ",2,2,8,8,,,"$13,519.53 ","$466,658.71 "
CO-1420-9510,0.120293201,211306.62,Stairs and Elevators,"$389,103.74 ",,,2,3,,"$333,000.00 ",,"$56,103.74 "
CO-1420-9510,0.120293201,211306.62,Structure,"$138,010.09 ",,1,,,,"$127,875.79 ","$10,134.30 ",
CO-1420-9638,0.203769261,38596.03,Electrical,"$231,023.80 ",,2,1,,,"$53,423.80 ","$177,600.00 ",
CO-1420-9638,0.203769261,38596.03,Fire and Life Safety,"$2,686.95 ",,1,1,,"$2,686.95 ",,,
CO-1420-9638,0.203769261,38596.03,HVAC,"$1,146,916.09 ",1,,,1,"$222,000.00 ","$421,800.00 ","$497,090.02 ","$6,026.07 "
CO-1420-9638,0.203769261,38596.03,Interior,"$688,200.00 ",1,3,4,3,,,"$477,300.00 ","$210,900.00 "
CO-1420-9638,0.203769261,38596.03,Other,"$1,665.00 ",,,1,,,,"$1,665.00 ",
CO-1420-9638,0.203769261,38596.03,Plumbing,"$47,035.12 ",,,1,2,"$10,427.27 ",,"$27,750.00 ","$8,857.84 "
CO-1420-9638,0.203769261,38596.03,Site,"$638,227.82 ",1,,1,1,,,"$610,500.00 ","$27,727.82 "
CO-1420-9638,0.203769261,38596.03,Specialties,"$302,481.43 ",,,3,4,,,"$21,782.38 ","$280,699.04 "
CO-1420-9638,0.203769261,38596.03,Stairs and Elevators,"$7,409.27 ",,,1,1,,,,"$7,409.27 "
