AssetID,SchoolName,SystemCategory,AssetType,InstallYear,ExpectedUsefulLife,ConditionScore,ConditionSource,Quantity,Unit,UnitCost,ReplacementCost,Criticality,OverrideEOLYear,OverrideReason,Notes
AST000001,Allendale ES,Roof,Roof Membrane,,25,3,Default,1,SF,,,Medium,,,
AST000002,Allendale ES,HVAC,RTU/Boiler-Chiller (Major),,20,3,Default,1,EA,,,Medium,,,
AST000003,Allendale ES,Plumbing,Domestic Water/Fixtures (Major),,30,3,Default,1,EA,,,Medium,,,
AST000004,Allendale ES,Electrical,Switchgear/Panels (Major),,30,3,Default,1,EA,,,Medium,,,
AST000005,Allendale ES,Fire Protection,Fire Alarm/Sprinklers (Major),,25,3,Default,1,EA,,,Medium,,,
AST000006,Allendale ES,Security,Access Control/Cameras (Major),,10,3,Default,1,EA,,,Medium,,,
AST000007,Allendale ES,Envelope,Facade/Cladding (Major),,40,3,Default,1,SF,,,Medium,,,
AST000008,Allendale ES,Windows,Window Replacement,,35,3,Default,1,SF,,,Medium,,,
AST000009,Allendale ES,Interiors,Flooring/Finishes (Major),,15,3,Default,1,SF,,,Medium,,,
AST000010,Allendale ES,Lighting,Interior Lighting Upgrade,,15,3,Default,1,SF,,,Medium,,,
AST000011,Allendale ES,Site,Playground/Site Hardscape,,20,3,Default,1,EA,,,Medium,,,
AST000012,Allendale ES,Hazmat,Abatement/Remediation Allowance,,,3,Default,1,SF,,,Medium,,,
AST000013,Allendale ES,ADA,Accessibility Compliance Allowance,,,3,Default,1,SF,,,Medium,,,
AST000014,Adams ES,Roof,Roof Membrane,,25,3,Default,1,SF,,,Medium,,,
AST000015,Adams ES,HVAC,RTU/Boiler-Chiller (Major),,20,3,Default,1,EA,,,Medium,,,
AST000016,Adams ES,Plumbing,Domestic Water/Fixtures (Major),,30,3,Default,1,EA,,,Medium,,,
AST000017,Adams ES,Electrical,Switchgear/Panels (Major),,30,3,Default,1,EA,,,Medium,,,
AST000018,Adams ES,Fire Protection,Fire Alarm/Sprinklers (Major),,25,3,Default,1,EA,,,Medium,,,
AST000019,Adams ES,Security,Access Control/Cameras (Major),,10,3,Default,1,EA,,,Medium,,,
AST000020,Adams ES,Envelope,Facade/Cladding (Major),,40,3,Default,1,SF,,,Medium,,,
AST000021,Adams ES,Windows,Window Replacement,,35,3,Default,1,SF,,,Medium,,,
AST000022,Adams ES,Interiors,Flooring/Finishes (Major),,15,3,Default,1,SF,,,Medium,,,
AST000023,Adams ES,Lighting,Interior Lighting Upgrade,,15,3,Default,1,SF,,,Medium,,,
AST000024,Adams ES,Site,Playground/Site Hardscape,,20,3,Default,1,EA,,,Medium,,,
AST000025,Adams ES,Hazmat,Abatement/Remediation Allowance,,,3,Default,1,SF,,,Medium,,,
AST000026,Adams ES,ADA,Accessibility Compliance Allowance,,,3,Default,1,SF,,,Medium,,,
AST000027,Arvada K-8,Roof,Roof Membrane,,25,3,Default,1,SF,,,Medium,,,
AST000028,Arvada K-8,HVAC,RTU/Boiler-Chiller (Major),,20,3,Default,1,EA,,,Medium,,,
AST000029,Arvada K-8,Plumbing,Domestic Water/Fixtures (Major),,30,3,Default,1,EA,,,Medium,,,
AST000030,Arvada K-8,Electrical,Switchgear/Panels (Major),,30,3,Default,1,EA,,,Medium,,,
AST000031,Arvada K-8,Fire Protection,Fire Alarm/Sprinklers (Major),,25,3,Default,1,EA,,,Medium,,,
AST000032,Arvada K-8,Security,Access Control/Cameras (Major),,10,3,Default,1,EA,,,Medium,,,
AST000033,Arvada K-8,Envelope,Facade/Cladding (Major),,40,3,Default,1,SF,,,Medium,,,
AST000034,Arvada K-8,Windows,Window Replacement,,35,3,Default,1,SF,,,Medium,,,
AST000035,Arvada K-8,Interiors,Flooring/Finishes (Major),,15,3,Default,1,SF,,,Medium,,,
AST000036,Arvada K-8,Lighting,Interior Lighting Upgrade,,15,3,Default,1,SF,,,Medium,,,
AST000037,Arvada K-8,Site,Playground/Site Hardscape,,20,3,Default,1,EA,,,Medium,,,
AST000038,Arvada K-8,Hazmat,Abatement/Remediation Allowance,,,3,Default,1,SF,,,Medium,,,
AST000039,Arvada K-8,ADA,Accessibility Compliance Allowance,,,3,Default,1,SF,,,Medium,,,
AST000040,Bear Creek K-8,Roof,Roof Membrane,,25,3,Default,1,SF,,,Medium,,,
AST000041,Bear Creek K-8,HVAC,RTU/Boiler-Chiller (Major),,20,3,Default,1,EA,,,Medium,,,
AST000042,Bear Creek K-8,Plumbing,Domestic Water/Fixtures (Major),,30,3,Default,1,EA,,,Medium,,,
AST000043,Bear Creek K-8,Electrical,Switchgear/Panels (Major),,30,3,Default,1,EA,,,Medium,,,
AST000044,Bear Creek K-8,Fire Protection,Fire Alarm/Sprinklers (Major),,25,3,Default,1,EA,,,Medium,,,
AST000045,Bear Creek K-8,Security,Access Control/Cameras (Major),,10,3,Default,1,EA,,,Medium,,,
AST000046,Bear Creek K-8,Envelope,Facade/Cladding (Major),,40,3,Default,1,SF,,,Medium,,,
AST000047,Bear Creek K-8,Windows,Window Replacement,,35,3,Default,1,SF,,,Medium,,,
AST000048,Bear Creek K-8,Interiors,Flooring/Finishes (Major),,15,3,Default,1,SF,,,Medium,,,
AST000049,Bear Creek K-8,Lighting,Interior Lighting Upgrade,,15,3,Default,1,SF,,,Medium,,,
AST000050,Bear Creek K-8,Site,Playground/Site Hardscape,,20,3,Default,1,EA,,,Medium,,,
AST000051,Bear Creek K-8,Hazmat,Abatement/Remediation Allowance,,,3,Default,1,SF,,,Medium,,,
AST000052,Bear Creek K-8,ADA,Accessibility Compliance Allowance,,,3,Default,1,SF,,,Medium,,,
AST000053,Blue Heron ES,Roof,Roof Membrane,,25,3,Default,1,SF,,,Medium,,,
AST000054,Blue Heron ES,HVAC,RTU/Boiler-Chiller (Major),,20,3,Default,1,EA,,,Medium,,,
AST000055,Blue Heron ES,Plumbing,Domestic Water/Fixtures (Major),,30,3,Default,1,EA,,,Medium,,,
AST000056,Blue Heron ES,Electrical,Switchgear/Panels (Major),,30,3,Default,1,EA,,,Medium,,,
AST000057,Blue Heron ES,Fire Protection,Fire Alarm/Sprinklers (Major),,25,3,Default,1,EA,,,Medium,,,
AST000058,Blue Heron ES,Security,Access Control/Cameras (Major),,10,3,Default,1,EA,,,Medium,,,
AST000059,Blue Heron ES,Envelope,Facade/Cladding (Major),,40,3,Default,1,SF,,,Medium,,,
AST000060,Blue Heron ES,Windows,Window Replacement,,35,3,Default,1,SF,,,Medium,,,
AST000061,Blue Heron ES,Interiors,Flooring/Finishes (Major),,15,3,Default,1,SF,,,Medium,,,
AST000062,Blue Heron ES,Lighting,Interior Lighting Upgrade,,15,3,Default,1,SF,,,Medium,,,
AST000063,Blue Heron ES,Site,Playground/Site Hardscape,,20,3,Default,1,EA,,,Medium,,,
AST000064,Blue Heron ES,Hazmat,Abatement/Remediation Allowance,,,3,Default,1,SF,,,Medium,,,
AST000065,Blue Heron ES,ADA,Accessibility Compliance Allowance,,,3,Default,1,SF,,,Medium,,,
AST000066,Belmar School of Integrated Arts,Roof,Roof Membrane,,25,3,Default,1,SF,,,Medium,,,
AST000067,Belmar School of Integrated Arts,HVAC,RTU/Boiler-Chiller (Major),,20,3,Default,1,EA,,,Medium,,,
AST000068,Belmar School of Integrated Arts,Plumbing,Domestic Water/Fixtures (Major),,30,3,Default,1,EA,,,Medium,,,
AST000069,Belmar School of Integrated Arts,Electrical,Switchgear/Panels (Major),,30,3,Default,1,EA,,,Medium,,,
AST000070,Belmar School of Integrated Arts,Fire Protection,Fire Alarm/Sprinklers (Major),,25,3,Default,1,EA,,,Medium,,,
AST000071,Belmar School of Integrated Arts,Security,Access Control/Cameras (Major),,10,3,Default,1,EA,,,Medium,,,
AST000072,Belmar School of Integrated Arts,Envelope,Facade/Cladding (Major),,40,3,Default,1,SF,,,Medium,,,
AST000073,Belmar School of Integrated Arts,Windows,Window Replacement,,35,3,Default,1,SF,,,Medium,,,
AST000074,Belmar School of Integrated Arts,Interiors,Flooring/Finishes (Major),,15,3,Default,1,SF,,,Medium,,,
AST000075,Belmar School of Integrated Arts,Lighting,Interior Lighting Upgrade,,15,3,Default,1,SF,,,Medium,,,
AST000076,Belmar School of Integrated Arts,Site,Playground/Site Hardscape,,20,3,Default,1,EA,,,Medium,,,
AST000077,Belmar School of Integrated Arts,Hazmat,Abatement/Remediation Allowance,,,3,Default,1,SF,,,Medium,,,
AST000078,Belmar School of Integrated Arts,ADA,Accessibility Compliance Allowance,,,3,Default,1,SF,,,Medium,,,
AST000079,Bergen Valley ES,Roof,Roof Membrane,,25,3,Default,1,SF,,,Medium,,,
AST000080,Bergen Valley ES,HVAC,RTU/Boiler-Chiller (Major),,20,3,Default,1,EA,,,Medium,,,
AST000081,Bergen Valley ES,Plumbing,Domestic Water/Fixtures (Major),,30,3,Default,1,EA,,,Medium,,,
AST000082,Bergen Valley ES,Electrical,Switchgear/Panels (Major),,30,3,Default,1,EA,,,Medium,,,
AST000083,Bergen Valley ES,Fire Protection,Fire Alarm/Sprinklers (Major),,25,3,Default,1,EA,,,Medium,,,
AST000084,Bergen Valley ES,Security,Access Control/Cameras (Major),,10,3,Default,1,EA,,,Medium,,,
AST000085,Bergen Valley ES,Envelope,Facade/Cladding (Major),,40,3,Default,1,SF,,,Medium,,,
AST000086,Bergen Valley ES,Windows,Window Replacement,,35,3,Default,1,SF,,,Medium,,,
AST000087,Bergen Valley ES,Interiors,Flooring/Finishes (Major),,15,3,Default,1,SF,,,Medium,,,
AST000088,Bergen Valley ES,Lighting,Interior Lighting Upgrade,,15,3,Default,1,SF,,,Medium,,,
AST000089,Bergen Valley ES,Site,Playground/Site Hardscape,,20,3,Default,1,EA,,,Medium,,,
AST000090,Bergen Valley ES,Hazmat,Abatement/Remediation Allowance,,,3,Default,1,SF,,,Medium,,,
AST000091,Bergen Valley ES,ADA,Accessibility Compliance Allowance,,,3,Default,1,SF,,,Medium,,,
AST000092,Bergen Meadow ES,Roof,Roof Membrane,,25,3,Default,1,SF,,,Medium,,,
AST000093,Bergen Meadow ES,HVAC,RTU/Boiler-Chiller (Major),,20,3,Default,1,EA,,,Medium,,,
AST000094,Bergen Meadow ES,Plumbing,Domestic Water/Fixtures (Major),,30,3,Default,1,EA,,,Medium,,,
AST000095,Bergen Meadow ES,Electrical,Switchgear/Panels (Major),,30,3,Default,1,EA,,,Medium,,,
AST000096,Bergen Meadow ES,Fire Protection,Fire Alarm/Sprinklers (Major),,25,3,Default,1,EA,,,Medium,,,
AST000097,Bergen Meadow ES,Security,Access Control/Cameras (Major),,10,3,Default,1,EA,,,Medium,,,
AST000098,Bergen Meadow ES,Envelope,Facade/Cladding (Major),,40,3,Default,1,SF,,,Medium,,,
AST000099,Bergen Meadow ES,Windows,Window Replacement,,35,3,Default,1,SF,,,Medium,,,
AST000100,Bergen Meadow ES,Interiors,Flooring/Finishes (Major),,15,3,Default,1,SF,,,Medium,,,
AST000101,Bergen Meadow ES,Lighting,Interior Lighting Upgrade,,15,3,Default,1,SF,,,Medium,,,
AST000102,Bergen Meadow ES,Site,Playground/Site Hardscape,,20,3,Default,1,EA,,,Medium,,,
AST000103,Bergen Meadow ES,Hazmat,Abatement/Remediation Allowance,,,3,Default,1,SF,,,Medium,,,
AST000104,Bergen Meadow ES,ADA,Accessibility Compliance Allowance,,,3,Default,1,SF,,,Medium,,,
AST000105,Bradford K-8 South,Roof,Roof Membrane,,25,3,Default,1,SF,,,Medium,,,
AST000106,Bradford K-8 South,HVAC,RTU/Boiler-Chiller (Major),,20,3,Default,1,EA,,,Medium,,,
AST000107,Bradford K-8 South,Plumbing,Domestic Water/Fixtures (Major),,30,3,Default,1,EA,,,Medium,,,
AST000108,Bradford K-8 South,Electrical,Switchgear/Panels (Major),,30,3,Default,1,EA,,,Medium,,,
AST000109,Bradford K-8 South,Fire Protection,Fire Alarm/Sprinklers (Major),,25,3,Default,1,EA,,,Medium,,,
AST000110,Bradford K-8 South,Security,Access Control/Cameras (Major),,10,3,Default,1,EA,,,Medium,,,
AST000111,Bradford K-8 South,Envelope,Facade/Cladding (Major),,40,3,Default,1,SF,,,Medium,,,
AST000112,Bradford K-8 South,Windows,Window Replacement,,35,3,Default,1,SF,,,Medium,,,
AST000113,Bradford K-8 South,Interiors,Flooring/Finishes (Major),,15,3,Default,1,SF,,,Medium,,,
AST000114,Bradford K-8 South,Lighting,Interior Lighting Upgrade,,15,3,Default,1,SF,,,Medium,,,
AST000115,Bradford K-8 South,Site,Playground/Site Hardscape,,20,3,Default,1,EA,,,Medium,,,
AST000116,Bradford K-8 South,Hazmat,Abatement/Remediation Allowance,,,3,Default,1,SF,,,Medium,,,
AST000117,Bradford K-8 South,ADA,Accessibility Compliance Allowance,,,3,Default,1,SF,,,Medium,,,
AST000118,Campbell Preschool,Roof,Roof Membrane,,25,3,Default,1,SF,,,Medium,,,
AST000119,Campbell Preschool,HVAC,RTU/Boiler-Chiller (Major),,20,3,Default,1,EA,,,Medium,,,
AST000120,Campbell Preschool,Plumbing,Domestic Water/Fixtures (Major),,30,3,Default,1,EA,,,Medium,,,
AST000121,Campbell Preschool,Electrical,Switchgear/Panels (Major),,30,3,Default,1,EA,,,Medium,,,
AST000122,Campbell Preschool,Fire Protection,Fire Alarm/Sprinklers (Major),,25,3,Default,1,EA,,,Medium,,,
AST000123,Campbell Preschool,Security,Access Control/Cameras (Major),,10,3,Default,1,EA,,,Medium,,,
AST000124,Campbell Preschool,Envelope,Facade/Cladding (Major),,40,3,Default,1,SF,,,Medium,,,
AST000125,Campbell Preschool,Windows,Window Replacement,,35,3,Default,1,SF,,,Medium,,,
AST000126,Campbell Preschool,Interiors,Flooring/Finishes (Major),,15,3,Default,1,SF,,,Medium,,,
AST000127,Campbell Preschool,Lighting,Interior Lighting Upgrade,,15,3,Default,1,SF,,,Medium,,,
AST000128,Campbell Preschool,Site,Playground/Site Hardscape,,20,3,Default,1,EA,,,Medium,,,
AST000129,Campbell Preschool,Hazmat,Abatement/Remediation Allowance,,,3,Default,1,SF,,,Medium,,,
AST000130,Campbell Preschool,ADA,Accessibility Compliance Allowance,,,3,Default,1,SF,,,Medium,,,
AST000131,Bradford K-8 North,Roof,Roof Membrane,,25,3,Default,1,SF,,,Medium,,,
AST000132,Bradford K-8 North,HVAC,RTU/Boiler-Chiller (Major),,20,3,Default,1,EA,,,Medium,,,
AST000133,Bradford K-8 North,Plumbing,Domestic Water/Fixtures (Major),,30,3,Default,1,EA,,,Medium,,,
AST000134,Bradford K-8 North,Electrical,Switchgear/Panels (Major),,30,3,Default,1,EA,,,Medium,,,
AST000135,Bradford K-8 North,Fire Protection,Fire Alarm/Sprinklers (Major),,25,3,Default,1,EA,,,Medium,,,
AST000136,Bradford K-8 North,Security,Access Control/Cameras (Major),,10,3,Default,1,EA,,,Medium,,,
AST000137,Bradford K-8 North,Envelope,Facade/Cladding (Major),,40,3,Default,1,SF,,,Medium,,,
AST000138,Bradford K-8 North,Windows,Window Replacement,,35,3,Default,1,SF,,,Medium,,,
AST000139,Bradford K-8 North,Interiors,Flooring/Finishes (Major),,15,3,Default,1,SF,,,Medium,,,
AST000140,Bradford K-8 North,Lighting,Interior Lighting Upgrade,,15,3,Default,1,SF,,,Medium,,,
AST000141,Bradford K-8 North,Site,Playground/Site Hardscape,,20,3,Default,1,EA,,,Medium,,,
AST000142,Bradford K-8 North,Hazmat,Abatement/Remediation Allowance,,,3,Default,1,SF,,,Medium,,,
AST000143,Bradford K-8 North,ADA,Accessibility Compliance Allowance,,,3,Default,1,SF,,,Medium,,,
AST000144,Colorow ES,Roof,Roof Membrane,,25,3,Default,1,SF,,,Medium,,,
AST000145,Colorow ES,HVAC,RTU/Boiler-Chiller (Major),,20,3,Default,1,EA,,,Medium,,,
AST000146,Colorow ES,Plumbing,Domestic Water/Fixtures (Major),,30,3,Default,1,EA,,,Medium,,,
AST000147,Colorow ES,Electrical,Switchgear/Panels (Major),,30,3,Default,1,EA,,,Medium,,,
AST000148,Colorow ES,Fire Protection,Fire Alarm/Sprinklers (Major),,25,3,Default,1,EA,,,Medium,,,
AST000149,Colorow ES,Security,Access Control/Cameras (Major),,10,3,Default,1,EA,,,Medium,,,
AST000150,Colorow ES,Envelope,Facade/Cladding (Major),,40,3,Default,1,SF,,,Medium,,,
AST000151,Colorow ES,Windows,Window Replacement,,35,3,Default,1,SF,,,Medium,,,
AST000152,Colorow ES,Interiors,Flooring/Finishes (Major),,15,3,Default,1,SF,,,Medium,,,
AST000153,Colorow ES,Lighting,Interior Lighting Upgrade,,15,3,Default,1,SF,,,Medium,,,
AST000154,Colorow ES,Site,Playground/Site Hardscape,,20,3,Default,1,EA,,,Medium,,,
AST000155,Colorow ES,Hazmat,Abatement/Remediation Allowance,,,3,Default,1,SF,,,Medium,,,
AST000156,Colorow ES,ADA,Accessibility Compliance Allowance,,,3,Default,1,SF,,,Medium,,,
AST000157,Coal Creek Canyon K-8,Roof,Roof Membrane,,25,3,Default,1,SF,,,Medium,,,
AST000158,Coal Creek Canyon K-8,HVAC,RTU/Boiler-Chiller (Major),,20,3,Default,1,EA,,,Medium,,,
AST000159,Coal Creek Canyon K-8,Plumbing,Domestic Water/Fixtures (Major),,30,3,Default,1,EA,,,Medium,,,
AST000160,Coal Creek Canyon K-8,Electrical,Switchgear/Panels (Major),,30,3,Default,1,EA,,,Medium,,,
AST000161,Coal Creek Canyon K-8,Fire Protection,Fire Alarm/Sprinklers (Major),,25,3,Default,1,EA,,,Medium,,,
AST000162,Coal Creek Canyon K-8,Security,Access Control/Cameras (Major),,10,3,Default,1,EA,,,Medium,,,
AST000163,Coal Creek Canyon K-8,Envelope,Facade/Cladding (Major),,40,3,Default,1,SF,,,Medium,,,
AST000164,Coal Creek Canyon K-8,Windows,Window Replacement,,35,3,Default,1,SF,,,Medium,,,
AST000165,Coal Creek Canyon K-8,Interiors,Flooring/Finishes (Major),,15,3,Default,1,SF,,,Medium,,,
AST000166,Coal Creek Canyon K-8,Lighting,Interior Lighting Upgrade,,15,3,Default,1,SF,,,Medium,,,
AST000167,Coal Creek Canyon K-8,Site,Playground/Site Hardscape,,20,3,Default,1,EA,,,Medium,,,
AST000168,Coal Creek Canyon K-8,Hazmat,Abatement/Remediation Allowance,,,3,Default,1,SF,,,Medium,,,
AST000169,Coal Creek Canyon K-8,ADA,Accessibility Compliance Allowance,,,3,Default,1,SF,,,Medium,,,
AST000170,Columbine Hills ES,Roof,Roof Membrane,,25,3,Default,1,SF,,,Medium,,,
AST000171,Columbine Hills ES,HVAC,RTU/Boiler-Chiller (Major),,20,3,Default,1,EA,,,Medium,,,
AST000172,Columbine Hills ES,Plumbing,Domestic Water/Fixtures (Major),,30,3,Default,1,EA,,,Medium,,,
AST000173,Columbine Hills ES,Electrical,Switchgear/Panels (Major),,30,3,Default,1,EA,,,Medium,,,
AST000174,Columbine Hills ES,Fire Protection,Fire Alarm/Sprinklers (Major),,25,3,Default,1,EA,,,Medium,,,
AST000175,Columbine Hills ES,Security,Access Control/Cameras (Major),,10,3,Default,1,EA,,,Medium,,,
AST000176,Columbine Hills ES,Envelope,Facade/Cladding (Major),,40,3,Default,1,SF,,,Medium,,,
AST000177,Columbine Hills ES,Windows,Window Replacement,,35,3,Default,1,SF,,,Medium,,,
AST000178,Columbine Hills ES,Interiors,Flooring/Finishes (Major),,15,3,Default,1,SF,,,Medium,,,
AST000179,Columbine Hills ES,Lighting,Interior Lighting Upgrade,,15,3,Default,1,SF,,,Medium,,,
AST000180,Columbine Hills ES,Site,Playground/Site Hardscape,,20,3,Default,1,EA,,,Medium,,,
AST000181,Columbine Hills ES,Hazmat,Abatement/Remediation Allowance,,,3,Default,1,SF,,,Medium,,,
AST000182,Columbine Hills ES,ADA,Accessibility Compliance Allowance,,,3,Default,1,SF,,,Medium,,,
AST000183,Coronado ES,Roof,Roof Membrane,,25,3,Default,1,SF,,,Medium,,,
AST000184,Coronado ES,HVAC,RTU/Boiler-Chiller (Major),,20,3,Default,1,EA,,,Medium,,,
AST000185,Coronado ES,Plumbing,Domestic Water/Fixtures (Major),,30,3,Default,1,EA,,,Medium,,,
AST000186,Coronado ES,Electrical,Switchgear/Panels (Major),,30,3,Default,1,EA,,,Medium,,,
AST000187,Coronado ES,Fire Protection,Fire Alarm/Sprinklers (Major),,25,3,Default,1,EA,,,Medium,,,
AST000188,Coronado ES,Security,Access Control/Cameras (Major),,10,3,Default,1,EA,,,Medium,,,
AST000189,Coronado ES,Envelope,Facade/Cladding (Major),,40,3,Default,1,SF,,,Medium,,,
AST000190,Coronado ES,Windows,Window Replacement,,35,3,Default,1,SF,,,Medium,,,
AST000191,Coronado ES,Interiors,Flooring/Finishes (Major),,15,3,Default,1,SF,,,Medium,,,
AST000192,Coronado ES,Lighting,Interior Lighting Upgrade,,15,3,Default,1,SF,,,Medium,,,
AST000193,Coronado ES,Site,Playground/Site Hardscape,,20,3,Default,1,EA,,,Medium,,,
AST000194,Coronado ES,Hazmat,Abatement/Remediation Allowance,,,3,Default,1,SF,,,Medium,,,
AST000195,Coronado ES,ADA,Accessibility Compliance Allowance,,,3,Default,1,SF,,,Medium,,,
AST000196,Devinny ES,Roof,Roof Membrane,,25,3,Default,1,SF,,,Medium,,,
AST000197,Devinny ES,HVAC,RTU/Boiler-Chiller (Major),,20,3,Default,1,EA,,,Medium,,,
AST000198,Devinny ES,Plumbing,Domestic Water/Fixtures (Major),,30,3,Default,1,EA,,,Medium,,,
AST000199,Devinny ES,Electrical,Switchgear/Panels (Major),,30,3,Default,1,EA,,,Medium,,,
AST000200,Devinny ES,Fire Protection,Fire Alarm/Sprinklers (Major),,25,3,Default,1,EA,,,Medium,,,
AST000201,Devinny ES,Security,Access Control/Cameras (Major),,10,3,Default,1,EA,,,Medium,,,
AST000202,Devinny ES,Envelope,Facade/Cladding (Major),,40,3,Default,1,SF,,,Medium,,,
AST000203,Devinny ES,Windows,Window Replacement,,35,3,Default,1,SF,,,Medium,,,
AST000204,Devinny ES,Interiors,Flooring/Finishes (Major),,15,3,Default,1,SF,,,Medium,,,
AST000205,Devinny ES,Lighting,Interior Lighting Upgrade,,15,3,Default,1,SF,,,Medium,,,
AST000206,Devinny ES,Site,Playground/Site Hardscape,,20,3,Default,1,EA,,,Medium,,,
AST000207,Devinny ES,Hazmat,Abatement/Remediation Allowance,,,3,Default,1,SF,,,Medium,,,
AST000208,Devinny ES,ADA,Accessibility Compliance Allowance,,,3,Default,1,SF,,,Medium,,,
AST000209,Dutch Creek ES,Roof,Roof Membrane,,25,3,Default,1,SF,,,Medium,,,
AST000210,Dutch Creek ES,HVAC,RTU/Boiler-Chiller (Major),,20,3,Default,1,EA,,,Medium,,,
AST000211,Dutch Creek ES,Plumbing,Domestic Water/Fixtures (Major),,30,3,Default,1,EA,,,Medium,,,
AST000212,Dutch Creek ES,Electrical,Switchgear/Panels (Major),,30,3,Default,1,EA,,,Medium,,,
AST000213,Dutch Creek ES,Fire Protection,Fire Alarm/Sprinklers (Major),,25,3,Default,1,EA,,,Medium,,,
AST000214,Dutch Creek ES,Security,Access Control/Cameras (Major),,10,3,Default,1,EA,,,Medium,,,
AST000215,Dutch Creek ES,Envelope,Facade/Cladding (Major),,40,3,Default,1,SF,,,Medium,,,
AST000216,Dutch Creek ES,Windows,Window Replacement,,35,3,Default,1,SF,,,Medium,,,
AST000217,Dutch Creek ES,Interiors,Flooring/Finishes (Major),,15,3,Default,1,SF,,,Medium,,,
AST000218,Dutch Creek ES,Lighting,Interior Lighting Upgrade,,15,3,Default,1,SF,,,Medium,,,
AST000219,Dutch Creek ES,Site,Playground/Site Hardscape,,20,3,Default,1,EA,,,Medium,,,
AST000220,Dutch Creek ES,Hazmat,Abatement/Remediation Allowance,,,3,Default,1,SF,,,Medium,,,
AST000221,Dutch Creek ES,ADA,Accessibility Compliance Allowance,,,3,Default,1,SF,,,Medium,,,
AST000222,Edgewater ES,Roof,Roof Membrane,,25,3,Default,1,SF,,,Medium,,,
AST000223,Edgewater ES,HVAC,RTU/Boiler-Chiller (Major),,20,3,Default,1,EA,,,Medium,,,
AST000224,Edgewater ES,Plumbing,Domestic Water/Fixtures (Major),,30,3,Default,1,EA,,,Medium,,,
AST000225,Edgewater ES,Electrical,Switchgear/Panels (Major),,30,3,Default,1,EA,,,Medium,,,
AST000226,Edgewater ES,Fire Protection,Fire Alarm/Sprinklers (Major),,25,3,Default,1,EA,,,Medium,,,
AST000227,Edgewater ES,Security,Access Control/Cameras (Major),,10,3,Default,1,EA,,,Medium,,,
AST000228,Edgewater ES,Envelope,Facade/Cladding (Major),,40,3,Default,1,SF,,,Medium,,,
AST000229,Edgewater ES,Windows,Window Replacement,,35,3,Default,1,SF,,,Medium,,,
AST000230,Edgewater ES,Interiors,Flooring/Finishes (Major),,15,3,Default,1,SF,,,Medium,,,
AST000231,Edgewater ES,Lighting,Interior Lighting Upgrade,,15,3,Default,1,SF,,,Medium,,,
AST000232,Edgewater ES,Site,Playground/Site Hardscape,,20,3,Default,1,EA,,,Medium,,,
AST000233,Edgewater ES,Hazmat,Abatement/Remediation Allowance,,,3,Default,1,SF,,,Medium,,,
AST000234,Edgewater ES,ADA,Accessibility Compliance Allowance,,,3,Default,1,SF,,,Medium,,,
AST000235,Eiber ES,Roof,Roof Membrane,,25,3,Default,1,SF,,,Medium,,,
AST000236,Eiber ES,HVAC,RTU/Boiler-Chiller (Major),,20,3,Default,1,EA,,,Medium,,,
AST000237,Eiber ES,Plumbing,Domestic Water/Fixtures (Major),,30,3,Default,1,EA,,,Medium,,,
AST000238,Eiber ES,Electrical,Switchgear/Panels (Major),,30,3,Default,1,EA,,,Medium,,,
AST000239,Eiber ES,Fire Protection,Fire Alarm/Sprinklers (Major),,25,3,Default,1,EA,,,Medium,,,
AST000240,Eiber ES,Security,Access Control/Cameras (Major),,10,3,Default,1,EA,,,Medium,,,
AST000241,Eiber ES,Envelope,Facade/Cladding (Major),,40,3,Default,1,SF,,,Medium,,,
AST000242,Eiber ES,Windows,Window Replacement,,35,3,Default,1,SF,,,Medium,,,
AST000243,Eiber ES,Interiors,Flooring/Finishes (Major),,15,3,Default,1,SF,,,Medium,,,
AST000244,Eiber ES,Lighting,Interior Lighting Upgrade,,15,3,Default,1,SF,,,Medium,,,
AST000245,Eiber ES,Site,Playground/Site Hardscape,,20,3,Default,1,EA,,,Medium,,,
AST000246,Eiber ES,Hazmat,Abatement/Remediation Allowance,,,3,Default,1,SF,,,Medium,,,
AST000247,Eiber ES,ADA,Accessibility Compliance Allowance,,,3,Default,1,SF,,,Medium,,,
AST000248,Elk Creek ES,Roof,Roof Membrane,,25,3,Default,1,SF,,,Medium,,,
AST000249,Elk Creek ES,HVAC,RTU/Boiler-Chiller (Major),,20,3,Default,1,EA,,,Medium,,,
AST000250,Elk Creek ES,Plumbing,Domestic Water/Fixtures (Major),,30,3,Default,1,EA,,,Medium,,,
AST000251,Elk Creek ES,Electrical,Switchgear/Panels (Major),,30,3,Default,1,EA,,,Medium,,,
AST000252,Elk Creek ES,Fire Protection,Fire Alarm/Sprinklers (Major),,25,3,Default,1,EA,,,Medium,,,
AST000253,Elk Creek ES,Security,Access Control/Cameras (Major),,10,3,Default,1,EA,,,Medium,,,
AST000254,Elk Creek ES,Envelope,Facade/Cladding (Major),,40,3,Default,1,SF,,,Medium,,,
AST000255,Elk Creek ES,Windows,Window Replacement,,35,3,Default,1,SF,,,Medium,,,
AST000256,Elk Creek ES,Interiors,Flooring/Finishes (Major),,15,3,Default,1,SF,,,Medium,,,
AST000257,Elk Creek ES,Lighting,Interior Lighting Upgrade,,15,3,Default,1,SF,,,Medium,,,
AST000258,Elk Creek ES,Site,Playground/Site Hardscape,,20,3,Default,1,EA,,,Medium,,,
AST000259,Elk Creek ES,Hazmat,Abatement/Remediation Allowance,,,3,Default,1,SF,,,Medium,,,
AST000260,Elk Creek ES,ADA,Accessibility Compliance Allowance,,,3,Default,1,SF,,,Medium,,,
AST000261,Emory ES,Roof,Roof Membrane,,25,3,Default,1,SF,,,Medium,,,
AST000262,Emory ES,HVAC,RTU/Boiler-Chiller (Major),,20,3,Default,1,EA,,,Medium,,,
AST000263,Emory ES,Plumbing,Domestic Water/Fixtures (Major),,30,3,Default,1,EA,,,Medium,,,
AST000264,Emory ES,Electrical,Switchgear/Panels (Major),,30,3,Default,1,EA,,,Medium,,,
AST000265,Emory ES,Fire Protection,Fire Alarm/Sprinklers (Major),,25,3,Default,1,EA,,,Medium,,,
AST000266,Emory ES,Security,Access Control/Cameras (Major),,10,3,Default,1,EA,,,Medium,,,
AST000267,Emory ES,Envelope,Facade/Cladding (Major),,40,3,Default,1,SF,,,Medium,,,
AST000268,Emory ES,Windows,Window Replacement,,35,3,Default,1,SF,,,Medium,,,
AST000269,Emory ES,Interiors,Flooring/Finishes (Major),,15,3,Default,1,SF,,,Medium,,,
AST000270,Emory ES,Lighting,Interior Lighting Upgrade,,15,3,Default,1,SF,,,Medium,,,
AST000271,Emory ES,Site,Playground/Site Hardscape,,20,3,Default,1,EA,,,Medium,,,
AST000272,Emory ES,Hazmat,Abatement/Remediation Allowance,,,3,Default,1,SF,,,Medium,,,
AST000273,Emory ES,ADA,Accessibility Compliance Allowance,,,3,Default,1,SF,,,Medium,,,
AST000274,Fairmount ES,Roof,Roof Membrane,,25,3,Default,1,SF,,,Medium,,,
AST000275,Fairmount ES,HVAC,RTU/Boiler-Chiller (Major),,20,3,Default,1,EA,,,Medium,,,
AST000276,Fairmount ES,Plumbing,Domestic Water/Fixtures (Major),,30,3,Default,1,EA,,,Medium,,,
AST000277,Fairmount ES,Electrical,Switchgear/Panels (Major),,30,3,Default,1,EA,,,Medium,,,
AST000278,Fairmount ES,Fire Protection,Fire Alarm/Sprinklers (Major),,25,3,Default,1,EA,,,Medium,,,
AST000279,Fairmount ES,Security,Access Control/Cameras (Major),,10,3,Default,1,EA,,,Medium,,,
AST000280,Fairmount ES,Envelope,Facade/Cladding (Major),,40,3,Default,1,SF,,,Medium,,,
AST000281,Fairmount ES,Windows,Window Replacement,,35,3,Default,1,SF,,,Medium,,,
AST000282,Fairmount ES,Interiors,Flooring/Finishes (Major),,15,3,Default,1,SF,,,Medium,,,
AST000283,Fairmount ES,Lighting,Interior Lighting Upgrade,,15,3,Default,1,SF,,,Medium,,,
AST000284,Fairmount ES,Site,Playground/Site Hardscape,,20,3,Default,1,EA,,,Medium,,,
AST000285,Fairmount ES,Hazmat,Abatement/Remediation Allowance,,,3,Default,1,SF,,,Medium,,,
AST000286,Fairmount ES,ADA,Accessibility Compliance Allowance,,,3,Default,1,SF,,,Medium,,,
AST000287,Fitzmorris ES,Roof,Roof Membrane,,25,3,Default,1,SF,,,Medium,,,
AST000288,Fitzmorris ES,HVAC,RTU/Boiler-Chiller (Major),,20,3,Default,1,EA,,,Medium,,,
AST000289,Fitzmorris ES,Plumbing,Domestic Water/Fixtures (Major),,30,3,Default,1,EA,,,Medium,,,
AST000290,Fitzmorris ES,Electrical,Switchgear/Panels (Major),,30,3,Default,1,EA,,,Medium,,,
AST000291,Fitzmorris ES,Fire Protection,Fire Alarm/Sprinklers (Major),,25,3,Default,1,EA,,,Medium,,,
AST000292,Fitzmorris ES,Security,Access Control/Cameras (Major),,10,3,Default,1,EA,,,Medium,,,
AST000293,Fitzmorris ES,Envelope,Facade/Cladding (Major),,40,3,Default,1,SF,,,Medium,,,
AST000294,Fitzmorris ES,Windows,Window Replacement,,35,3,Default,1,SF,,,Medium,,,
AST000295,Fitzmorris ES,Interiors,Flooring/Finishes (Major),,15,3,Default,1,SF,,,Medium,,,
AST000296,Fitzmorris ES,Lighting,Interior Lighting Upgrade,,15,3,Default,1,SF,,,Medium,,,
AST000297,Fitzmorris ES,Site,Playground/Site Hardscape,,20,3,Default,1,EA,,,Medium,,,
AST000298,Fitzmorris ES,Hazmat,Abatement/Remediation Allowance,,,3,Default,1,SF,,,Medium,,,
AST000299,Fitzmorris ES,ADA,Accessibility Compliance Allowance,,,3,Default,1,SF,,,Medium,,,
AST000300,Foothills ES,Roof,Roof Membrane,,25,3,Default,1,SF,,,Medium,,,
AST000301,Foothills ES,HVAC,RTU/Boiler-Chiller (Major),,20,3,Default,1,EA,,,Medium,,,
AST000302,Foothills ES,Plumbing,Domestic Water/Fixtures (Major),,30,3,Default,1,EA,,,Medium,,,
AST000303,Foothills ES,Electrical,Switchgear/Panels (Major),,30,3,Default,1,EA,,,Medium,,,
AST000304,Foothills ES,Fire Protection,Fire Alarm/Sprinklers (Major),,25,3,Default,1,EA,,,Medium,,,
AST000305,Foothills ES,Security,Access Control/Cameras (Major),,10,3,Default,1,EA,,,Medium,,,
AST000306,Foothills ES,Envelope,Facade/Cladding (Major),,40,3,Default,1,SF,,,Medium,,,
AST000307,Foothills ES,Windows,Window Replacement,,35,3,Default,1,SF,,,Medium,,,
AST000308,Foothills ES,Interiors,Flooring/Finishes (Major),,15,3,Default,1,SF,,,Medium,,,
AST000309,Foothills ES,Lighting,Interior Lighting Upgrade,,15,3,Default,1,SF,,,Medium,,,
AST000310,Foothills ES,Site,Playground/Site Hardscape,,20,3,Default,1,EA,,,Medium,,,
AST000311,Foothills ES,Hazmat,Abatement/Remediation Allowance,,,3,Default,1,SF,,,Medium,,,
AST000312,Foothills ES,ADA,Accessibility Compliance Allowance,,,3,Default,1,SF,,,Medium,,,
AST000313,Foster Dual Language PK-8,Roof,Roof Membrane,,25,3,Default,1,SF,,,Medium,,,
AST000314,Foster Dual Language PK-8,HVAC,RTU/Boiler-Chiller (Major),,20,3,Default,1,EA,,,Medium,,,
AST000315,Foster Dual Language PK-8,Plumbing,Domestic Water/Fixtures (Major),,30,3,Default,1,EA,,,Medium,,,
AST000316,Foster Dual Language PK-8,Electrical,Switchgear/Panels (Major),,30,3,Default,1,EA,,,Medium,,,
AST000317,Foster Dual Language PK-8,Fire Protection,Fire Alarm/Sprinklers (Major),,25,3,Default,1,EA,,,Medium,,,
AST000318,Foster Dual Language PK-8,Security,Access Control/Cameras (Major),,10,3,Default,1,EA,,,Medium,,,
AST000319,Foster Dual Language PK-8,Envelope,Facade/Cladding (Major),,40,3,Default,1,SF,,,Medium,,,
AST000320,Foster Dual Language PK-8,Windows,Window Replacement,,35,3,Default,1,SF,,,Medium,,,
AST000321,Foster Dual Language PK-8,Interiors,Flooring/Finishes (Major),,15,3,Default,1,SF,,,Medium,,,
AST000322,Foster Dual Language PK-8,Lighting,Interior Lighting Upgrade,,15,3,Default,1,SF,,,Medium,,,
AST000323,Foster Dual Language PK-8,Site,Playground/Site Hardscape,,20,3,Default,1,EA,,,Medium,,,
AST000324,Foster Dual Language PK-8,Hazmat,Abatement/Remediation Allowance,,,3,Default,1,SF,,,Medium,,,
AST000325,Foster Dual Language PK-8,ADA,Accessibility Compliance Allowance,,,3,Default,1,SF,,,Medium,,,
AST000326,Fremont ES,Roof,Roof Membrane,,25,3,Default,1,SF,,,Medium,,,
AST000327,Fremont ES,HVAC,RTU/Boiler-Chiller (Major),,20,3,Default,1,EA,,,Medium,,,
AST000328,Fremont ES,Plumbing,Domestic Water/Fixtures (Major),,30,3,Default,1,EA,,,Medium,,,
AST000329,Fremont ES,Electrical,Switchgear/Panels (Major),,30,3,Default,1,EA,,,Medium,,,
AST000330,Fremont ES,Fire Protection,Fire Alarm/Sprinklers (Major),,25,3,Default,1,EA,,,Medium,,,
AST000331,Fremont ES,Security,Access Control/Cameras (Major),,10,3,Default,1,EA,,,Medium,,,
AST000332,Fremont ES,Envelope,Facade/Cladding (Major),,40,3,Default,1,SF,,,Medium,,,
AST000333,Fremont ES,Windows,Window Replacement,,35,3,Default,1,SF,,,Medium,,,
AST000334,Fremont ES,Interiors,Flooring/Finishes (Major),,15,3,Default,1,SF,,,Medium,,,
AST000335,Fremont ES,Lighting,Interior Lighting Upgrade,,15,3,Default,1,SF,,,Medium,,,
AST000336,Fremont ES,Site,Playground/Site Hardscape,,20,3,Default,1,EA,,,Medium,,,
AST000337,Fremont ES,Hazmat,Abatement/Remediation Allowance,,,3,Default,1,SF,,,Medium,,,
AST000338,Fremont ES,ADA,Accessibility Compliance Allowance,,,3,Default,1,SF,,,Medium,,,
AST000339,Anderson Preschool,Roof,Roof Membrane,,25,3,Default,1,SF,,,Medium,,,
AST000340,Anderson Preschool,HVAC,RTU/Boiler-Chiller (Major),,20,3,Default,1,EA,,,Medium,,,
AST000341,Anderson Preschool,Plumbing,Domestic Water/Fixtures (Major),,30,3,Default,1,EA,,,Medium,,,
AST000342,Anderson Preschool,Electrical,Switchgear/Panels (Major),,30,3,Default,1,EA,,,Medium,,,
AST000343,Anderson Preschool,Fire Protection,Fire Alarm/Sprinklers (Major),,25,3,Default,1,EA,,,Medium,,,
AST000344,Anderson Preschool,Security,Access Control/Cameras (Major),,10,3,Default,1,EA,,,Medium,,,
AST000345,Anderson Preschool,Envelope,Facade/Cladding (Major),,40,3,Default,1,SF,,,Medium,,,
AST000346,Anderson Preschool,Windows,Window Replacement,,35,3,Default,1,SF,,,Medium,,,
AST000347,Anderson Preschool,Interiors,Flooring/Finishes (Major),,15,3,Default,1,SF,,,Medium,,,
AST000348,Anderson Preschool,Lighting,Interior Lighting Upgrade,,15,3,Default,1,SF,,,Medium,,,
AST000349,Anderson Preschool,Site,Playground/Site Hardscape,,20,3,Default,1,EA,,,Medium,,,
AST000350,Anderson Preschool,Hazmat,Abatement/Remediation Allowance,,,3,Default,1,SF,,,Medium,,,
AST000351,Anderson Preschool,ADA,Accessibility Compliance Allowance,,,3,Default,1,SF,,,Medium,,,
AST000352,Glennon Heights ES,Roof,Roof Membrane,,25,3,Default,1,SF,,,Medium,,,
AST000353,Glennon Heights ES,HVAC,RTU/Boiler-Chiller (Major),,20,3,Default,1,EA,,,Medium,,,
AST000354,Glennon Heights ES,Plumbing,Domestic Water/Fixtures (Major),,30,3,Default,1,EA,,,Medium,,,
AST000355,Glennon Heights ES,Electrical,Switchgear/Panels (Major),,30,3,Default,1,EA,,,Medium,,,
AST000356,Glennon Heights ES,Fire Protection,Fire Alarm/Sprinklers (Major),,25,3,Default,1,EA,,,Medium,,,
AST000357,Glennon Heights ES,Security,Access Control/Cameras (Major),,10,3,Default,1,EA,,,Medium,,,
AST000358,Glennon Heights ES,Envelope,Facade/Cladding (Major),,40,3,Default,1,SF,,,Medium,,,
AST000359,Glennon Heights ES,Windows,Window Replacement,,35,3,Default,1,SF,,,Medium,,,
AST000360,Glennon Heights ES,Interiors,Flooring/Finishes (Major),,15,3,Default,1,SF,,,Medium,,,
AST000361,Glennon Heights ES,Lighting,Interior Lighting Upgrade,,15,3,Default,1,SF,,,Medium,,,
AST000362,Glennon Heights ES,Site,Playground/Site Hardscape,,20,3,Default,1,EA,,,Medium,,,
AST000363,Glennon Heights ES,Hazmat,Abatement/Remediation Allowance,,,3,Default,1,SF,,,Medium,,,
AST000364,Glennon Heights ES,ADA,Accessibility Compliance Allowance,,,3,Default,1,SF,,,Medium,,,
AST000365,Governor's Ranch ES,Roof,Roof Membrane,,25,3,Default,1,SF,,,Medium,,,
AST000366,Governor's Ranch ES,HVAC,RTU/Boiler-Chiller (Major),,20,3,Default,1,EA,,,Medium,,,
AST000367,Governor's Ranch ES,Plumbing,Domestic Water/Fixtures (Major),,30,3,Default,1,EA,,,Medium,,,
AST000368,Governor's Ranch ES,Electrical,Switchgear/Panels (Major),,30,3,Default,1,EA,,,Medium,,,
AST000369,Governor's Ranch ES,Fire Protection,Fire Alarm/Sprinklers (Major),,25,3,Default,1,EA,,,Medium,,,
AST000370,Governor's Ranch ES,Security,Access Control/Cameras (Major),,10,3,Default,1,EA,,,Medium,,,
AST000371,Governor's Ranch ES,Envelope,Facade/Cladding (Major),,40,3,Default,1,SF,,,Medium,,,
AST000372,Governor's Ranch ES,Windows,Window Replacement,,35,3,Default,1,SF,,,Medium,,,
AST000373,Governor's Ranch ES,Interiors,Flooring/Finishes (Major),,15,3,Default,1,SF,,,Medium,,,
AST000374,Governor's Ranch ES,Lighting,Interior Lighting Upgrade,,15,3,Default,1,SF,,,Medium,,,
AST000375,Governor's Ranch ES,Site,Playground/Site Hardscape,,20,3,Default,1,EA,,,Medium,,,
AST000376,Governor's Ranch ES,Hazmat,Abatement/Remediation Allowance,,,3,Default,1,SF,,,Medium,,,
AST000377,Governor's Ranch ES,ADA,Accessibility Compliance Allowance,,,3,Default,1,SF,,,Medium,,,
AST000378,Green Gables ES,Roof,Roof Membrane,,25,3,Default,1,SF,,,Medium,,,
AST000379,Green Gables ES,HVAC,RTU/Boiler-Chiller (Major),,20,3,Default,1,EA,,,Medium,,,
AST000380,Green Gables ES,Plumbing,Domestic Water/Fixtures (Major),,30,3,Default,1,EA,,,Medium,,,
AST000381,Green Gables ES,Electrical,Switchgear/Panels (Major),,30,3,Default,1,EA,,,Medium,,,
AST000382,Green Gables ES,Fire Protection,Fire Alarm/Sprinklers (Major),,25,3,Default,1,EA,,,Medium,,,
AST000383,Green Gables ES,Security,Access Control/Cameras (Major),,10,3,Default,1,EA,,,Medium,,,
AST000384,Green Gables ES,Envelope,Facade/Cladding (Major),,40,3,Default,1,SF,,,Medium,,,
AST000385,Green Gables ES,Windows,Window Replacement,,35,3,Default,1,SF,,,Medium,,,
AST000386,Green Gables ES,Interiors,Flooring/Finishes (Major),,15,3,Default,1,SF,,,Medium,,,
AST000387,Green Gables ES,Lighting,Interior Lighting Upgrade,,15,3,Default,1,SF,,,Medium,,,
AST000388,Green Gables ES,Site,Playground/Site Hardscape,,20,3,Default,1,EA,,,Medium,,,
AST000389,Green Gables ES,Hazmat,Abatement/Remediation Allowance,,,3,Default,1,SF,,,Medium,,,
AST000390,Green Gables ES,ADA,Accessibility Compliance Allowance,,,3,Default,1,SF,,,Medium,,,
AST000391,Green Mountain ES,Roof,Roof Membrane,,25,3,Default,1,SF,,,Medium,,,
AST000392,Green Mountain ES,HVAC,RTU/Boiler-Chiller (Major),,20,3,Default,1,EA,,,Medium,,,
AST000393,Green Mountain ES,Plumbing,Domestic Water/Fixtures (Major),,30,3,Default,1,EA,,,Medium,,,
AST000394,Green Mountain ES,Electrical,Switchgear/Panels (Major),,30,3,Default,1,EA,,,Medium,,,
AST000395,Green Mountain ES,Fire Protection,Fire Alarm/Sprinklers (Major),,25,3,Default,1,EA,,,Medium,,,
AST000396,Green Mountain ES,Security,Access Control/Cameras (Major),,10,3,Default,1,EA,,,Medium,,,
AST000397,Green Mountain ES,Envelope,Facade/Cladding (Major),,40,3,Default,1,SF,,,Medium,,,
AST000398,Green Mountain ES,Windows,Window Replacement,,35,3,Default,1,SF,,,Medium,,,
AST000399,Green Mountain ES,Interiors,Flooring/Finishes (Major),,15,3,Default,1,SF,,,Medium,,,
AST000400,Green Mountain ES,Lighting,Interior Lighting Upgrade,,15,3,Default,1,SF,,,Medium,,,
AST000401,Green Mountain ES,Site,Playground/Site Hardscape,,20,3,Default,1,EA,,,Medium,,,
AST000402,Green Mountain ES,Hazmat,Abatement/Remediation Allowance,,,3,Default,1,SF,,,Medium,,,
AST000403,Green Mountain ES,ADA,Accessibility Compliance Allowance,,,3,Default,1,SF,,,Medium,,,
AST000404,Hackberry Hill ES,Roof,Roof Membrane,,25,3,Default,1,SF,,,Medium,,,
AST000405,Hackberry Hill ES,HVAC,RTU/Boiler-Chiller (Major),,20,3,Default,1,EA,,,Medium,,,
AST000406,Hackberry Hill ES,Plumbing,Domestic Water/Fixtures (Major),,30,3,Default,1,EA,,,Medium,,,
AST000407,Hackberry Hill ES,Electrical,Switchgear/Panels (Major),,30,3,Default,1,EA,,,Medium,,,
AST000408,Hackberry Hill ES,Fire Protection,Fire Alarm/Sprinklers (Major),,25,3,Default,1,EA,,,Medium,,,
AST000409,Hackberry Hill ES,Security,Access Control/Cameras (Major),,10,3,Default,1,EA,,,Medium,,,
AST000410,Hackberry Hill ES,Envelope,Facade/Cladding (Major),,40,3,Default,1,SF,,,Medium,,,
AST000411,Hackberry Hill ES,Windows,Window Replacement,,35,3,Default,1,SF,,,Medium,,,
AST000412,Hackberry Hill ES,Interiors,Flooring/Finishes (Major),,15,3,Default,1,SF,,,Medium,,,
AST000413,Hackberry Hill ES,Lighting,Interior Lighting Upgrade,,15,3,Default,1,SF,,,Medium,,,
AST000414,Hackberry Hill ES,Site,Playground/Site Hardscape,,20,3,Default,1,EA,,,Medium,,,
AST000415,Hackberry Hill ES,Hazmat,Abatement/Remediation Allowance,,,3,Default,1,SF,,,Medium,,,
AST000416,Hackberry Hill ES,ADA,Accessibility Compliance Allowance,,,3,Default,1,SF,,,Medium,,,
AST000417,Hutchinson ES,Roof,Roof Membrane,,25,3,Default,1,SF,,,Medium,,,
AST000418,Hutchinson ES,HVAC,RTU/Boiler-Chiller (Major),,20,3,Default,1,EA,,,Medium,,,
AST000419,Hutchinson ES,Plumbing,Domestic Water/Fixtures (Major),,30,3,Default,1,EA,,,Medium,,,
AST000420,Hutchinson ES,Electrical,Switchgear/Panels (Major),,30,3,Default,1,EA,,,Medium,,,
AST000421,Hutchinson ES,Fire Protection,Fire Alarm/Sprinklers (Major),,25,3,Default,1,EA,,,Medium,,,
AST000422,Hutchinson ES,Security,Access Control/Cameras (Major),,10,3,Default,1,EA,,,Medium,,,
AST000423,Hutchinson ES,Envelope,Facade/Cladding (Major),,40,3,Default,1,SF,,,Medium,,,
AST000424,Hutchinson ES,Windows,Window Replacement,,35,3,Default,1,SF,,,Medium,,,
AST000425,Hutchinson ES,Interiors,Flooring/Finishes (Major),,15,3,Default,1,SF,,,Medium,,,
AST000426,Hutchinson ES,Lighting,Interior Lighting Upgrade,,15,3,Default,1,SF,,,Medium,,,
AST000427,Hutchinson ES,Site,Playground/Site Hardscape,,20,3,Default,1,EA,,,Medium,,,
AST000428,Hutchinson ES,Hazmat,Abatement/Remediation Allowance,,,3,Default,1,SF,,,Medium,,,
AST000429,Hutchinson ES,ADA,Accessibility Compliance Allowance,,,3,Default,1,SF,,,Medium,,,
AST000430,Irwin Preschool,Roof,Roof Membrane,,25,3,Default,1,SF,,,Medium,,,
AST000431,Irwin Preschool,HVAC,RTU/Boiler-Chiller (Major),,20,3,Default,1,EA,,,Medium,,,
AST000432,Irwin Preschool,Plumbing,Domestic Water/Fixtures (Major),,30,3,Default,1,EA,,,Medium,,,
AST000433,Irwin Preschool,Electrical,Switchgear/Panels (Major),,30,3,Default,1,EA,,,Medium,,,
AST000434,Irwin Preschool,Fire Protection,Fire Alarm/Sprinklers (Major),,25,3,Default,1,EA,,,Medium,,,
AST000435,Irwin Preschool,Security,Access Control/Cameras (Major),,10,3,Default,1,EA,,,Medium,,,
AST000436,Irwin Preschool,Envelope,Facade/Cladding (Major),,40,3,Default,1,SF,,,Medium,,,
AST000437,Irwin Preschool,Windows,Window Replacement,,35,3,Default,1,SF,,,Medium,,,
AST000438,Irwin Preschool,Interiors,Flooring/Finishes (Major),,15,3,Default,1,SF,,,Medium,,,
AST000439,Irwin Preschool,Lighting,Interior Lighting Upgrade,,15,3,Default,1,SF,,,Medium,,,
AST000440,Irwin Preschool,Site,Playground/Site Hardscape,,20,3,Default,1,EA,,,Medium,,,
AST000441,Irwin Preschool,Hazmat,Abatement/Remediation Allowance,,,3,Default,1,SF,,,Medium,,,
AST000442,Irwin Preschool,ADA,Accessibility Compliance Allowance,,,3,Default,1,SF,,,Medium,,,
AST000443,Sheridan Green ES,Roof,Roof Membrane,,25,3,Default,1,SF,,,Medium,,,
AST000444,Sheridan Green ES,HVAC,RTU/Boiler-Chiller (Major),,20,3,Default,1,EA,,,Medium,,,
AST000445,Sheridan Green ES,Plumbing,Domestic Water/Fixtures (Major),,30,3,Default,1,EA,,,Medium,,,
AST000446,Sheridan Green ES,Electrical,Switchgear/Panels (Major),,30,3,Default,1,EA,,,Medium,,,
AST000447,Sheridan Green ES,Fire Protection,Fire Alarm/Sprinklers (Major),,25,3,Default,1,EA,,,Medium,,,
AST000448,Sheridan Green ES,Security,Access Control/Cameras (Major),,10,3,Default,1,EA,,,Medium,,,
AST000449,Sheridan Green ES,Envelope,Facade/Cladding (Major),,40,3,Default,1,SF,,,Medium,,,
AST000450,Sheridan Green ES,Windows,Window Replacement,,35,3,Default,1,SF,,,Medium,,,
AST000451,Sheridan Green ES,Interiors,Flooring/Finishes (Major),,15,3,Default,1,SF,,,Medium,,,
AST000452,Sheridan Green ES,Lighting,Interior Lighting Upgrade,,15,3,Default,1,SF,,,Medium,,,
AST000453,Sheridan Green ES,Site,Playground/Site Hardscape,,20,3,Default,1,EA,,,Medium,,,
AST000454,Sheridan Green ES,Hazmat,Abatement/Remediation Allowance,,,3,Default,1,SF,,,Medium,,,
AST000455,Sheridan Green ES,ADA,Accessibility Compliance Allowance,,,3,Default,1,SF,,,Medium,,,
AST000456,Kendallvue ES,Roof,Roof Membrane,,25,3,Default,1,SF,,,Medium,,,
AST000457,Kendallvue ES,HVAC,RTU/Boiler-Chiller (Major),,20,3,Default,1,EA,,,Medium,,,
AST000458,Kendallvue ES,Plumbing,Domestic Water/Fixtures (Major),,30,3,Default,1,EA,,,Medium,,,
AST000459,Kendallvue ES,Electrical,Switchgear/Panels (Major),,30,3,Default,1,EA,,,Medium,,,
AST000460,Kendallvue ES,Fire Protection,Fire Alarm/Sprinklers (Major),,25,3,Default,1,EA,,,Medium,,,
AST000461,Kendallvue ES,Security,Access Control/Cameras (Major),,10,3,Default,1,EA,,,Medium,,,
AST000462,Kendallvue ES,Envelope,Facade/Cladding (Major),,40,3,Default,1,SF,,,Medium,,,
AST000463,Kendallvue ES,Windows,Window Replacement,,35,3,Default,1,SF,,,Medium,,,
AST000464,Kendallvue ES,Interiors,Flooring/Finishes (Major),,15,3,Default,1,SF,,,Medium,,,
AST000465,Kendallvue ES,Lighting,Interior Lighting Upgrade,,15,3,Default,1,SF,,,Medium,,,
AST000466,Kendallvue ES,Site,Playground/Site Hardscape,,20,3,Default,1,EA,,,Medium,,,
AST000467,Kendallvue ES,Hazmat,Abatement/Remediation Allowance,,,3,Default,1,SF,,,Medium,,,
AST000468,Kendallvue ES,ADA,Accessibility Compliance Allowance,,,3,Default,1,SF,,,Medium,,,
AST000469,Kendrick Lakes ES,Roof,Roof Membrane,,25,3,Default,1,SF,,,Medium,,,
AST000470,Kendrick Lakes ES,HVAC,RTU/Boiler-Chiller (Major),,20,3,Default,1,EA,,,Medium,,,
AST000471,Kendrick Lakes ES,Plumbing,Domestic Water/Fixtures (Major),,30,3,Default,1,EA,,,Medium,,,
AST000472,Kendrick Lakes ES,Electrical,Switchgear/Panels (Major),,30,3,Default,1,EA,,,Medium,,,
AST000473,Kendrick Lakes ES,Fire Protection,Fire Alarm/Sprinklers (Major),,25,3,Default,1,EA,,,Medium,,,
AST000474,Kendrick Lakes ES,Security,Access Control/Cameras (Major),,10,3,Default,1,EA,,,Medium,,,
AST000475,Kendrick Lakes ES,Envelope,Facade/Cladding (Major),,40,3,Default,1,SF,,,Medium,,,
AST000476,Kendrick Lakes ES,Windows,Window Replacement,,35,3,Default,1,SF,,,Medium,,,
AST000477,Kendrick Lakes ES,Interiors,Flooring/Finishes (Major),,15,3,Default,1,SF,,,Medium,,,
AST000478,Kendrick Lakes ES,Lighting,Interior Lighting Upgrade,,15,3,Default,1,SF,,,Medium,,,
AST000479,Kendrick Lakes ES,Site,Playground/Site Hardscape,,20,3,Default,1,EA,,,Medium,,,
AST000480,Kendrick Lakes ES,Hazmat,Abatement/Remediation Allowance,,,3,Default,1,SF,,,Medium,,,
AST000481,Kendrick Lakes ES,ADA,Accessibility Compliance Allowance,,,3,Default,1,SF,,,Medium,,,
AST000482,Kullerstrand ES,Roof,Roof Membrane,,25,3,Default,1,SF,,,Medium,,,
AST000483,Kullerstrand ES,HVAC,RTU/Boiler-Chiller (Major),,20,3,Default,1,EA,,,Medium,,,
AST000484,Kullerstrand ES,Plumbing,Domestic Water/Fixtures (Major),,30,3,Default,1,EA,,,Medium,,,
AST000485,Kullerstrand ES,Electrical,Switchgear/Panels (Major),,30,3,Default,1,EA,,,Medium,,,
AST000486,Kullerstrand ES,Fire Protection,Fire Alarm/Sprinklers (Major),,25,3,Default,1,EA,,,Medium,,,
AST000487,Kullerstrand ES,Security,Access Control/Cameras (Major),,10,3,Default,1,EA,,,Medium,,,
AST000488,Kullerstrand ES,Envelope,Facade/Cladding (Major),,40,3,Default,1,SF,,,Medium,,,
AST000489,Kullerstrand ES,Windows,Window Replacement,,35,3,Default,1,SF,,,Medium,,,
AST000490,Kullerstrand ES,Interiors,Flooring/Finishes (Major),,15,3,Default,1,SF,,,Medium,,,
AST000491,Kullerstrand ES,Lighting,Interior Lighting Upgrade,,15,3,Default,1,SF,,,Medium,,,
AST000492,Kullerstrand ES,Site,Playground/Site Hardscape,,20,3,Default,1,EA,,,Medium,,,
AST000493,Kullerstrand ES,Hazmat,Abatement/Remediation Allowance,,,3,Default,1,SF,,,Medium,,,
AST000494,Kullerstrand ES,ADA,Accessibility Compliance Allowance,,,3,Default,1,SF,,,Medium,,,
AST000495,Kyffin ES,Roof,Roof Membrane,,25,3,Default,1,SF,,,Medium,,,
AST000496,Kyffin ES,HVAC,RTU/Boiler-Chiller (Major),,20,3,Default,1,EA,,,Medium,,,
AST000497,Kyffin ES,Plumbing,Domestic Water/Fixtures (Major),,30,3,Default,1,EA,,,Medium,,,
AST000498,Kyffin ES,Electrical,Switchgear/Panels (Major),,30,3,Default,1,EA,,,Medium,,,
AST000499,Kyffin ES,Fire Protection,Fire Alarm/Sprinklers (Major),,25,3,Default,1,EA,,,Medium,,,
AST000500,Kyffin ES,Security,Access Control/Cameras (Major),,10,3,Default,1,EA,,,Medium,,,
AST000501,Kyffin ES,Envelope,Facade/Cladding (Major),,40,3,Default,1,SF,,,Medium,,,
AST000502,Kyffin ES,Windows,Window Replacement,,35,3,Default,1,SF,,,Medium,,,
AST000503,Kyffin ES,Interiors,Flooring/Finishes (Major),,15,3,Default,1,SF,,,Medium,,,
AST000504,Kyffin ES,Lighting,Interior Lighting Upgrade,,15,3,Default,1,SF,,,Medium,,,
AST000505,Kyffin ES,Site,Playground/Site Hardscape,,20,3,Default,1,EA,,,Medium,,,
AST000506,Kyffin ES,Hazmat,Abatement/Remediation Allowance,,,3,Default,1,SF,,,Medium,,,
AST000507,Kyffin ES,ADA,Accessibility Compliance Allowance,,,3,Default,1,SF,,,Medium,,,
AST000508,Lasley ES,Roof,Roof Membrane,,25,3,Default,1,SF,,,Medium,,,
AST000509,Lasley ES,HVAC,RTU/Boiler-Chiller (Major),,20,3,Default,1,EA,,,Medium,,,
AST000510,Lasley ES,Plumbing,Domestic Water/Fixtures (Major),,30,3,Default,1,EA,,,Medium,,,
AST000511,Lasley ES,Electrical,Switchgear/Panels (Major),,30,3,Default,1,EA,,,Medium,,,
AST000512,Lasley ES,Fire Protection,Fire Alarm/Sprinklers (Major),,25,3,Default,1,EA,,,Medium,,,
AST000513,Lasley ES,Security,Access Control/Cameras (Major),,10,3,Default,1,EA,,,Medium,,,
AST000514,Lasley ES,Envelope,Facade/Cladding (Major),,40,3,Default,1,SF,,,Medium,,,
AST000515,Lasley ES,Windows,Window Replacement,,35,3,Default,1,SF,,,Medium,,,
AST000516,Lasley ES,Interiors,Flooring/Finishes (Major),,15,3,Default,1,SF,,,Medium,,,
AST000517,Lasley ES,Lighting,Interior Lighting Upgrade,,15,3,Default,1,SF,,,Medium,,,
AST000518,Lasley ES,Site,Playground/Site Hardscape,,20,3,Default,1,EA,,,Medium,,,
AST000519,Lasley ES,Hazmat,Abatement/Remediation Allowance,,,3,Default,1,SF,,,Medium,,,
AST000520,Lasley ES,ADA,Accessibility Compliance Allowance,,,3,Default,1,SF,,,Medium,,,
AST000521,Lawrence ES,Roof,Roof Membrane,,25,3,Default,1,SF,,,Medium,,,
AST000522,Lawrence ES,HVAC,RTU/Boiler-Chiller (Major),,20,3,Default,1,EA,,,Medium,,,
AST000523,Lawrence ES,Plumbing,Domestic Water/Fixtures (Major),,30,3,Default,1,EA,,,Medium,,,
AST000524,Lawrence ES,Electrical,Switchgear/Panels (Major),,30,3,Default,1,EA,,,Medium,,,
AST000525,Lawrence ES,Fire Protection,Fire Alarm/Sprinklers (Major),,25,3,Default,1,EA,,,Medium,,,
AST000526,Lawrence ES,Security,Access Control/Cameras (Major),,10,3,Default,1,EA,,,Medium,,,
AST000527,Lawrence ES,Envelope,Facade/Cladding (Major),,40,3,Default,1,SF,,,Medium,,,
AST000528,Lawrence ES,Windows,Window Replacement,,35,3,Default,1,SF,,,Medium,,,
AST000529,Lawrence ES,Interiors,Flooring/Finishes (Major),,15,3,Default,1,SF,,,Medium,,,
AST000530,Lawrence ES,Lighting,Interior Lighting Upgrade,,15,3,Default,1,SF,,,Medium,,,
AST000531,Lawrence ES,Site,Playground/Site Hardscape,,20,3,Default,1,EA,,,Medium,,,
AST000532,Lawrence ES,Hazmat,Abatement/Remediation Allowance,,,3,Default,1,SF,,,Medium,,,
AST000533,Lawrence ES,ADA,Accessibility Compliance Allowance,,,3,Default,1,SF,,,Medium,,,
AST000534,Leawood ES,Roof,Roof Membrane,,25,3,Default,1,SF,,,Medium,,,
AST000535,Leawood ES,HVAC,RTU/Boiler-Chiller (Major),,20,3,Default,1,EA,,,Medium,,,
AST000536,Leawood ES,Plumbing,Domestic Water/Fixtures (Major),,30,3,Default,1,EA,,,Medium,,,
AST000537,Leawood ES,Electrical,Switchgear/Panels (Major),,30,3,Default,1,EA,,,Medium,,,
AST000538,Leawood ES,Fire Protection,Fire Alarm/Sprinklers (Major),,25,3,Default,1,EA,,,Medium,,,
AST000539,Leawood ES,Security,Access Control/Cameras (Major),,10,3,Default,1,EA,,,Medium,,,
AST000540,Leawood ES,Envelope,Facade/Cladding (Major),,40,3,Default,1,SF,,,Medium,,,
AST000541,Leawood ES,Windows,Window Replacement,,35,3,Default,1,SF,,,Medium,,,
AST000542,Leawood ES,Interiors,Flooring/Finishes (Major),,15,3,Default,1,SF,,,Medium,,,
AST000543,Leawood ES,Lighting,Interior Lighting Upgrade,,15,3,Default,1,SF,,,Medium,,,
AST000544,Leawood ES,Site,Playground/Site Hardscape,,20,3,Default,1,EA,,,Medium,,,
AST000545,Leawood ES,Hazmat,Abatement/Remediation Allowance,,,3,Default,1,SF,,,Medium,,,
AST000546,Leawood ES,ADA,Accessibility Compliance Allowance,,,3,Default,1,SF,,,Medium,,,
AST000547,Little ES,Roof,Roof Membrane,,25,3,Default,1,SF,,,Medium,,,
AST000548,Little ES,HVAC,RTU/Boiler-Chiller (Major),,20,3,Default,1,EA,,,Medium,,,
AST000549,Little ES,Plumbing,Domestic Water/Fixtures (Major),,30,3,Default,1,EA,,,Medium,,,
AST000550,Little ES,Electrical,Switchgear/Panels (Major),,30,3,Default,1,EA,,,Medium,,,
AST000551,Little ES,Fire Protection,Fire Alarm/Sprinklers (Major),,25,3,Default,1,EA,,,Medium,,,
AST000552,Little ES,Security,Access Control/Cameras (Major),,10,3,Default,1,EA,,,Medium,,,
AST000553,Little ES,Envelope,Facade/Cladding (Major),,40,3,Default,1,SF,,,Medium,,,
AST000554,Little ES,Windows,Window Replacement,,35,3,Default,1,SF,,,Medium,,,
AST000555,Little ES,Interiors,Flooring/Finishes (Major),,15,3,Default,1,SF,,,Medium,,,
AST000556,Little ES,Lighting,Interior Lighting Upgrade,,15,3,Default,1,SF,,,Medium,,,
AST000557,Little ES,Site,Playground/Site Hardscape,,20,3,Default,1,EA,,,Medium,,,
AST000558,Little ES,Hazmat,Abatement/Remediation Allowance,,,3,Default,1,SF,,,Medium,,,
AST000559,Little ES,ADA,Accessibility Compliance Allowance,,,3,Default,1,SF,,,Medium,,,
AST000560,Lukas ES,Roof,Roof Membrane,,25,3,Default,1,SF,,,Medium,,,
AST000561,Lukas ES,HVAC,RTU/Boiler-Chiller (Major),,20,3,Default,1,EA,,,Medium,,,
AST000562,Lukas ES,Plumbing,Domestic Water/Fixtures (Major),,30,3,Default,1,EA,,,Medium,,,
AST000563,Lukas ES,Electrical,Switchgear/Panels (Major),,30,3,Default,1,EA,,,Medium,,,
AST000564,Lukas ES,Fire Protection,Fire Alarm/Sprinklers (Major),,25,3,Default,1,EA,,,Medium,,,
AST000565,Lukas ES,Security,Access Control/Cameras (Major),,10,3,Default,1,EA,,,Medium,,,
AST000566,Lukas ES,Envelope,Facade/Cladding (Major),,40,3,Default,1,SF,,,Medium,,,
AST000567,Lukas ES,Windows,Window Replacement,,35,3,Default,1,SF,,,Medium,,,
AST000568,Lukas ES,Interiors,Flooring/Finishes (Major),,15,3,Default,1,SF,,,Medium,,,
AST000569,Lukas ES,Lighting,Interior Lighting Upgrade,,15,3,Default,1,SF,,,Medium,,,
AST000570,Lukas ES,Site,Playground/Site Hardscape,,20,3,Default,1,EA,,,Medium,,,
AST000571,Lukas ES,Hazmat,Abatement/Remediation Allowance,,,3,Default,1,SF,,,Medium,,,
AST000572,Lukas ES,ADA,Accessibility Compliance Allowance,,,3,Default,1,SF,,,Medium,,,
AST000573,Lumberg ES,Roof,Roof Membrane,,25,3,Default,1,SF,,,Medium,,,
AST000574,Lumberg ES,HVAC,RTU/Boiler-Chiller (Major),,20,3,Default,1,EA,,,Medium,,,
AST000575,Lumberg ES,Plumbing,Domestic Water/Fixtures (Major),,30,3,Default,1,EA,,,Medium,,,
AST000576,Lumberg ES,Electrical,Switchgear/Panels (Major),,30,3,Default,1,EA,,,Medium,,,
AST000577,Lumberg ES,Fire Protection,Fire Alarm/Sprinklers (Major),,25,3,Default,1,EA,,,Medium,,,
AST000578,Lumberg ES,Security,Access Control/Cameras (Major),,10,3,Default,1,EA,,,Medium,,,
AST000579,Lumberg ES,Envelope,Facade/Cladding (Major),,40,3,Default,1,SF,,,Medium,,,
AST000580,Lumberg ES,Windows,Window Replacement,,35,3,Default,1,SF,,,Medium,,,
AST000581,Lumberg ES,Interiors,Flooring/Finishes (Major),,15,3,Default,1,SF,,,Medium,,,
AST000582,Lumberg ES,Lighting,Interior Lighting Upgrade,,15,3,Default,1,SF,,,Medium,,,
AST000583,Lumberg ES,Site,Playground/Site Hardscape,,20,3,Default,1,EA,,,Medium,,,
AST000584,Lumberg ES,Hazmat,Abatement/Remediation Allowance,,,3,Default,1,SF,,,Medium,,,
AST000585,Lumberg ES,ADA,Accessibility Compliance Allowance,,,3,Default,1,SF,,,Medium,,,
AST000586,Maple Grove ES,Roof,Roof Membrane,,25,3,Default,1,SF,,,Medium,,,
AST000587,Maple Grove ES,HVAC,RTU/Boiler-Chiller (Major),,20,3,Default,1,EA,,,Medium,,,
AST000588,Maple Grove ES,Plumbing,Domestic Water/Fixtures (Major),,30,3,Default,1,EA,,,Medium,,,
AST000589,Maple Grove ES,Electrical,Switchgear/Panels (Major),,30,3,Default,1,EA,,,Medium,,,
AST000590,Maple Grove ES,Fire Protection,Fire Alarm/Sprinklers (Major),,25,3,Default,1,EA,,,Medium,,,
AST000591,Maple Grove ES,Security,Access Control/Cameras (Major),,10,3,Default,1,EA,,,Medium,,,
AST000592,Maple Grove ES,Envelope,Facade/Cladding (Major),,40,3,Default,1,SF,,,Medium,,,
AST000593,Maple Grove ES,Windows,Window Replacement,,35,3,Default,1,SF,,,Medium,,,
AST000594,Maple Grove ES,Interiors,Flooring/Finishes (Major),,15,3,Default,1,SF,,,Medium,,,
AST000595,Maple Grove ES,Lighting,Interior Lighting Upgrade,,15,3,Default,1,SF,,,Medium,,,
AST000596,Maple Grove ES,Site,Playground/Site Hardscape,,20,3,Default,1,EA,,,Medium,,,
AST000597,Maple Grove ES,Hazmat,Abatement/Remediation Allowance,,,3,Default,1,SF,,,Medium,,,
AST000598,Maple Grove ES,ADA,Accessibility Compliance Allowance,,,3,Default,1,SF,,,Medium,,,
AST000599,Marshdale ES,Roof,Roof Membrane,,25,3,Default,1,SF,,,Medium,,,
AST000600,Marshdale ES,HVAC,RTU/Boiler-Chiller (Major),,20,3,Default,1,EA,,,Medium,,,
AST000601,Marshdale ES,Plumbing,Domestic Water/Fixtures (Major),,30,3,Default,1,EA,,,Medium,,,
AST000602,Marshdale ES,Electrical,Switchgear/Panels (Major),,30,3,Default,1,EA,,,Medium,,,
AST000603,Marshdale ES,Fire Protection,Fire Alarm/Sprinklers (Major),,25,3,Default,1,EA,,,Medium,,,
AST000604,Marshdale ES,Security,Access Control/Cameras (Major),,10,3,Default,1,EA,,,Medium,,,
AST000605,Marshdale ES,Envelope,Facade/Cladding (Major),,40,3,Default,1,SF,,,Medium,,,
AST000606,Marshdale ES,Windows,Window Replacement,,35,3,Default,1,SF,,,Medium,,,
AST000607,Marshdale ES,Interiors,Flooring/Finishes (Major),,15,3,Default,1,SF,,,Medium,,,
AST000608,Marshdale ES,Lighting,Interior Lighting Upgrade,,15,3,Default,1,SF,,,Medium,,,
AST000609,Marshdale ES,Site,Playground/Site Hardscape,,20,3,Default,1,EA,,,Medium,,,
AST000610,Marshdale ES,Hazmat,Abatement/Remediation Allowance,,,3,Default,1,SF,,,Medium,,,
AST000611,Marshdale ES,ADA,Accessibility Compliance Allowance,,,3,Default,1,SF,,,Medium,,,
AST000612,Frank DeAngelis Center,Roof,Roof Membrane,,25,3,Default,1,SF,,,Medium,,,
AST000613,Frank DeAngelis Center,HVAC,RTU/Boiler-Chiller (Major),,20,3,Default,1,EA,,,Medium,,,
AST000614,Frank DeAngelis Center,Plumbing,Domestic Water/Fixtures (Major),,30,3,Default,1,EA,,,Medium,,,
AST000615,Frank DeAngelis Center,Electrical,Switchgear/Panels (Major),,30,3,Default,1,EA,,,Medium,,,
AST000616,Frank DeAngelis Center,Fire Protection,Fire Alarm/Sprinklers (Major),,25,3,Default,1,EA,,,Medium,,,
AST000617,Frank DeAngelis Center,Security,Access Control/Cameras (Major),,10,3,Default,1,EA,,,Medium,,,
AST000618,Frank DeAngelis Center,Envelope,Facade/Cladding (Major),,40,3,Default,1,SF,,,Medium,,,
AST000619,Frank DeAngelis Center,Windows,Window Replacement,,35,3,Default,1,SF,,,Medium,,,
AST000620,Frank DeAngelis Center,Interiors,Flooring/Finishes (Major),,15,3,Default,1,SF,,,Medium,,,
AST000621,Frank DeAngelis Center,Lighting,Interior Lighting Upgrade,,15,3,Default,1,SF,,,Medium,,,
AST000622,Frank DeAngelis Center,Site,Playground/Site Hardscape,,20,3,Default,1,EA,,,Medium,,,
AST000623,Frank DeAngelis Center,Hazmat,Abatement/Remediation Allowance,,,3,Default,1,SF,,,Medium,,,
AST000624,Frank DeAngelis Center,ADA,Accessibility Compliance Allowance,,,3,Default,1,SF,,,Medium,,,
AST000625,Meiklejohn ES,Roof,Roof Membrane,,25,3,Default,1,SF,,,Medium,,,
AST000626,Meiklejohn ES,HVAC,RTU/Boiler-Chiller (Major),,20,3,Default,1,EA,,,Medium,,,
AST000627,Meiklejohn ES,Plumbing,Domestic Water/Fixtures (Major),,30,3,Default,1,EA,,,Medium,,,
AST000628,Meiklejohn ES,Electrical,Switchgear/Panels (Major),,30,3,Default,1,EA,,,Medium,,,
AST000629,Meiklejohn ES,Fire Protection,Fire Alarm/Sprinklers (Major),,25,3,Default,1,EA,,,Medium,,,
AST000630,Meiklejohn ES,Security,Access Control/Cameras (Major),,10,3,Default,1,EA,,,Medium,,,
AST000631,Meiklejohn ES,Envelope,Facade/Cladding (Major),,40,3,Default,1,SF,,,Medium,,,
AST000632,Meiklejohn ES,Windows,Window Replacement,,35,3,Default,1,SF,,,Medium,,,
AST000633,Meiklejohn ES,Interiors,Flooring/Finishes (Major),,15,3,Default,1,SF,,,Medium,,,
AST000634,Meiklejohn ES,Lighting,Interior Lighting Upgrade,,15,3,Default,1,SF,,,Medium,,,
AST000635,Meiklejohn ES,Site,Playground/Site Hardscape,,20,3,Default,1,EA,,,Medium,,,
AST000636,Meiklejohn ES,Hazmat,Abatement/Remediation Allowance,,,3,Default,1,SF,,,Medium,,,
AST000637,Meiklejohn ES,ADA,Accessibility Compliance Allowance,,,3,Default,1,SF,,,Medium,,,
AST000638,Mitchell ES,Roof,Roof Membrane,,25,3,Default,1,SF,,,Medium,,,
AST000639,Mitchell ES,HVAC,RTU/Boiler-Chiller (Major),,20,3,Default,1,EA,,,Medium,,,
AST000640,Mitchell ES,Plumbing,Domestic Water/Fixtures (Major),,30,3,Default,1,EA,,,Medium,,,
AST000641,Mitchell ES,Electrical,Switchgear/Panels (Major),,30,3,Default,1,EA,,,Medium,,,
AST000642,Mitchell ES,Fire Protection,Fire Alarm/Sprinklers (Major),,25,3,Default,1,EA,,,Medium,,,
AST000643,Mitchell ES,Security,Access Control/Cameras (Major),,10,3,Default,1,EA,,,Medium,,,
AST000644,Mitchell ES,Envelope,Facade/Cladding (Major),,40,3,Default,1,SF,,,Medium,,,
AST000645,Mitchell ES,Windows,Window Replacement,,35,3,Default,1,SF,,,Medium,,,
AST000646,Mitchell ES,Interiors,Flooring/Finishes (Major),,15,3,Default,1,SF,,,Medium,,,
AST000647,Mitchell ES,Lighting,Interior Lighting Upgrade,,15,3,Default,1,SF,,,Medium,,,
AST000648,Mitchell ES,Site,Playground/Site Hardscape,,20,3,Default,1,EA,,,Medium,,,
AST000649,Mitchell ES,Hazmat,Abatement/Remediation Allowance,,,3,Default,1,SF,,,Medium,,,
AST000650,Mitchell ES,ADA,Accessibility Compliance Allowance,,,3,Default,1,SF,,,Medium,,,
AST000651,Molholm ES,Roof,Roof Membrane,,25,3,Default,1,SF,,,Medium,,,
AST000652,Molholm ES,HVAC,RTU/Boiler-Chiller (Major),,20,3,Default,1,EA,,,Medium,,,
AST000653,Molholm ES,Plumbing,Domestic Water/Fixtures (Major),,30,3,Default,1,EA,,,Medium,,,
AST000654,Molholm ES,Electrical,Switchgear/Panels (Major),,30,3,Default,1,EA,,,Medium,,,
AST000655,Molholm ES,Fire Protection,Fire Alarm/Sprinklers (Major),,25,3,Default,1,EA,,,Medium,,,
AST000656,Molholm ES,Security,Access Control/Cameras (Major),,10,3,Default,1,EA,,,Medium,,,
AST000657,Molholm ES,Envelope,Facade/Cladding (Major),,40,3,Default,1,SF,,,Medium,,,
AST000658,Molholm ES,Windows,Window Replacement,,35,3,Default,1,SF,,,Medium,,,
AST000659,Molholm ES,Interiors,Flooring/Finishes (Major),,15,3,Default,1,SF,,,Medium,,,
AST000660,Molholm ES,Lighting,Interior Lighting Upgrade,,15,3,Default,1,SF,,,Medium,,,
AST000661,Molholm ES,Site,Playground/Site Hardscape,,20,3,Default,1,EA,,,Medium,,,
AST000662,Molholm ES,Hazmat,Abatement/Remediation Allowance,,,3,Default,1,SF,,,Medium,,,
AST000663,Molholm ES,ADA,Accessibility Compliance Allowance,,,3,Default,1,SF,,,Medium,,,
AST000664,Mortensen ES,Roof,Roof Membrane,,25,3,Default,1,SF,,,Medium,,,
AST000665,Mortensen ES,HVAC,RTU/Boiler-Chiller (Major),,20,3,Default,1,EA,,,Medium,,,
AST000666,Mortensen ES,Plumbing,Domestic Water/Fixtures (Major),,30,3,Default,1,EA,,,Medium,,,
AST000667,Mortensen ES,Electrical,Switchgear/Panels (Major),,30,3,Default,1,EA,,,Medium,,,
AST000668,Mortensen ES,Fire Protection,Fire Alarm/Sprinklers (Major),,25,3,Default,1,EA,,,Medium,,,
AST000669,Mortensen ES,Security,Access Control/Cameras (Major),,10,3,Default,1,EA,,,Medium,,,
AST000670,Mortensen ES,Envelope,Facade/Cladding (Major),,40,3,Default,1,SF,,,Medium,,,
AST000671,Mortensen ES,Windows,Window Replacement,,35,3,Default,1,SF,,,Medium,,,
AST000672,Mortensen ES,Interiors,Flooring/Finishes (Major),,15,3,Default,1,SF,,,Medium,,,
AST000673,Mortensen ES,Lighting,Interior Lighting Upgrade,,15,3,Default,1,SF,,,Medium,,,
AST000674,Mortensen ES,Site,Playground/Site Hardscape,,20,3,Default,1,EA,,,Medium,,,
AST000675,Mortensen ES,Hazmat,Abatement/Remediation Allowance,,,3,Default,1,SF,,,Medium,,,
AST000676,Mortensen ES,ADA,Accessibility Compliance Allowance,,,3,Default,1,SF,,,Medium,,,
AST000677,Mount Carbon ES,Roof,Roof Membrane,,25,3,Default,1,SF,,,Medium,,,
AST000678,Mount Carbon ES,HVAC,RTU/Boiler-Chiller (Major),,20,3,Default,1,EA,,,Medium,,,
AST000679,Mount Carbon ES,Plumbing,Domestic Water/Fixtures (Major),,30,3,Default,1,EA,,,Medium,,,
AST000680,Mount Carbon ES,Electrical,Switchgear/Panels (Major),,30,3,Default,1,EA,,,Medium,,,
AST000681,Mount Carbon ES,Fire Protection,Fire Alarm/Sprinklers (Major),,25,3,Default,1,EA,,,Medium,,,
AST000682,Mount Carbon ES,Security,Access Control/Cameras (Major),,10,3,Default,1,EA,,,Medium,,,
AST000683,Mount Carbon ES,Envelope,Facade/Cladding (Major),,40,3,Default,1,SF,,,Medium,,,
AST000684,Mount Carbon ES,Windows,Window Replacement,,35,3,Default,1,SF,,,Medium,,,
AST000685,Mount Carbon ES,Interiors,Flooring/Finishes (Major),,15,3,Default,1,SF,,,Medium,,,
AST000686,Mount Carbon ES,Lighting,Interior Lighting Upgrade,,15,3,Default,1,SF,,,Medium,,,
AST000687,Mount Carbon ES,Site,Playground/Site Hardscape,,20,3,Default,1,EA,,,Medium,,,
AST000688,Mount Carbon ES,Hazmat,Abatement/Remediation Allowance,,,3,Default,1,SF,,,Medium,,,
AST000689,Mount Carbon ES,ADA,Accessibility Compliance Allowance,,,3,Default,1,SF,,,Medium,,,
AST000690,Normandy ES,Roof,Roof Membrane,,25,3,Default,1,SF,,,Medium,,,
AST000691,Normandy ES,HVAC,RTU/Boiler-Chiller (Major),,20,3,Default,1,EA,,,Medium,,,
AST000692,Normandy ES,Plumbing,Domestic Water/Fixtures (Major),,30,3,Default,1,EA,,,Medium,,,
AST000693,Normandy ES,Electrical,Switchgear/Panels (Major),,30,3,Default,1,EA,,,Medium,,,
AST000694,Normandy ES,Fire Protection,Fire Alarm/Sprinklers (Major),,25,3,Default,1,EA,,,Medium,,,
AST000695,Normandy ES,Security,Access Control/Cameras (Major),,10,3,Default,1,EA,,,Medium,,,
AST000696,Normandy ES,Envelope,Facade/Cladding (Major),,40,3,Default,1,SF,,,Medium,,,
AST000697,Normandy ES,Windows,Window Replacement,,35,3,Default,1,SF,,,Medium,,,
AST000698,Normandy ES,Interiors,Flooring/Finishes (Major),,15,3,Default,1,SF,,,Medium,,,
AST000699,Normandy ES,Lighting,Interior Lighting Upgrade,,15,3,Default,1,SF,,,Medium,,,
AST000700,Normandy ES,Site,Playground/Site Hardscape,,20,3,Default,1,EA,,,Medium,,,
AST000701,Normandy ES,Hazmat,Abatement/Remediation Allowance,,,3,Default,1,SF,,,Medium,,,
AST000702,Normandy ES,ADA,Accessibility Compliance Allowance,,,3,Default,1,SF,,,Medium,,,
AST000703,20th & Hoyt,Roof,Roof Membrane,,25,3,Default,1,SF,,,Medium,,,
AST000704,20th & Hoyt,HVAC,RTU/Boiler-Chiller (Major),,20,3,Default,1,EA,,,Medium,,,
AST000705,20th & Hoyt,Plumbing,Domestic Water/Fixtures (Major),,30,3,Default,1,EA,,,Medium,,,
AST000706,20th & Hoyt,Electrical,Switchgear/Panels (Major),,30,3,Default,1,EA,,,Medium,,,
AST000707,20th & Hoyt,Fire Protection,Fire Alarm/Sprinklers (Major),,25,3,Default,1,EA,,,Medium,,,
AST000708,20th & Hoyt,Security,Access Control/Cameras (Major),,10,3,Default,1,EA,,,Medium,,,
AST000709,20th & Hoyt,Envelope,Facade/Cladding (Major),,40,3,Default,1,SF,,,Medium,,,
AST000710,20th & Hoyt,Windows,Window Replacement,,35,3,Default,1,SF,,,Medium,,,
AST000711,20th & Hoyt,Interiors,Flooring/Finishes (Major),,15,3,Default,1,SF,,,Medium,,,
AST000712,20th & Hoyt,Lighting,Interior Lighting Upgrade,,15,3,Default,1,SF,,,Medium,,,
AST000713,20th & Hoyt,Site,Playground/Site Hardscape,,20,3,Default,1,EA,,,Medium,,,
AST000714,20th & Hoyt,Hazmat,Abatement/Remediation Allowance,,,3,Default,1,SF,,,Medium,,,
AST000715,20th & Hoyt,ADA,Accessibility Compliance Allowance,,,3,Default,1,SF,,,Medium,,,
AST000716,Parr ES,Roof,Roof Membrane,,25,3,Default,1,SF,,,Medium,,,
AST000717,Parr ES,HVAC,RTU/Boiler-Chiller (Major),,20,3,Default,1,EA,,,Medium,,,
AST000718,Parr ES,Plumbing,Domestic Water/Fixtures (Major),,30,3,Default,1,EA,,,Medium,,,
AST000719,Parr ES,Electrical,Switchgear/Panels (Major),,30,3,Default,1,EA,,,Medium,,,
AST000720,Parr ES,Fire Protection,Fire Alarm/Sprinklers (Major),,25,3,Default,1,EA,,,Medium,,,
AST000721,Parr ES,Security,Access Control/Cameras (Major),,10,3,Default,1,EA,,,Medium,,,
AST000722,Parr ES,Envelope,Facade/Cladding (Major),,40,3,Default,1,SF,,,Medium,,,
AST000723,Parr ES,Windows,Window Replacement,,35,3,Default,1,SF,,,Medium,,,
AST000724,Parr ES,Interiors,Flooring/Finishes (Major),,15,3,Default,1,SF,,,Medium,,,
AST000725,Parr ES,Lighting,Interior Lighting Upgrade,,15,3,Default,1,SF,,,Medium,,,
AST000726,Parr ES,Site,Playground/Site Hardscape,,20,3,Default,1,EA,,,Medium,,,
AST000727,Parr ES,Hazmat,Abatement/Remediation Allowance,,,3,Default,1,SF,,,Medium,,,
AST000728,Parr ES,ADA,Accessibility Compliance Allowance,,,3,Default,1,SF,,,Medium,,,
AST000729,Parmalee ES,Roof,Roof Membrane,,25,3,Default,1,SF,,,Medium,,,
AST000730,Parmalee ES,HVAC,RTU/Boiler-Chiller (Major),,20,3,Default,1,EA,,,Medium,,,
AST000731,Parmalee ES,Plumbing,Domestic Water/Fixtures (Major),,30,3,Default,1,EA,,,Medium,,,
AST000732,Parmalee ES,Electrical,Switchgear/Panels (Major),,30,3,Default,1,EA,,,Medium,,,
AST000733,Parmalee ES,Fire Protection,Fire Alarm/Sprinklers (Major),,25,3,Default,1,EA,,,Medium,,,
AST000734,Parmalee ES,Security,Access Control/Cameras (Major),,10,3,Default,1,EA,,,Medium,,,
AST000735,Parmalee ES,Envelope,Facade/Cladding (Major),,40,3,Default,1,SF,,,Medium,,,
AST000736,Parmalee ES,Windows,Window Replacement,,35,3,Default,1,SF,,,Medium,,,
AST000737,Parmalee ES,Interiors,Flooring/Finishes (Major),,15,3,Default,1,SF,,,Medium,,,
AST000738,Parmalee ES,Lighting,Interior Lighting Upgrade,,15,3,Default,1,SF,,,Medium,,,
AST000739,Parmalee ES,Site,Playground/Site Hardscape,,20,3,Default,1,EA,,,Medium,,,
AST000740,Parmalee ES,Hazmat,Abatement/Remediation Allowance,,,3,Default,1,SF,,,Medium,,,
AST000741,Parmalee ES,ADA,Accessibility Compliance Allowance,,,3,Default,1,SF,,,Medium,,,
AST000742,Patterson International School,Roof,Roof Membrane,,25,3,Default,1,SF,,,Medium,,,
AST000743,Patterson International School,HVAC,RTU/Boiler-Chiller (Major),,20,3,Default,1,EA,,,Medium,,,
AST000744,Patterson International School,Plumbing,Domestic Water/Fixtures (Major),,30,3,Default,1,EA,,,Medium,,,
AST000745,Patterson International School,Electrical,Switchgear/Panels (Major),,30,3,Default,1,EA,,,Medium,,,
AST000746,Patterson International School,Fire Protection,Fire Alarm/Sprinklers (Major),,25,3,Default,1,EA,,,Medium,,,
AST000747,Patterson International School,Security,Access Control/Cameras (Major),,10,3,Default,1,EA,,,Medium,,,
AST000748,Patterson International School,Envelope,Facade/Cladding (Major),,40,3,Default,1,SF,,,Medium,,,
AST000749,Patterson International School,Windows,Window Replacement,,35,3,Default,1,SF,,,Medium,,,
AST000750,Patterson International School,Interiors,Flooring/Finishes (Major),,15,3,Default,1,SF,,,Medium,,,
AST000751,Patterson International School,Lighting,Interior Lighting Upgrade,,15,3,Default,1,SF,,,Medium,,,
AST000752,Patterson International School,Site,Playground/Site Hardscape,,20,3,Default,1,EA,,,Medium,,,
AST000753,Patterson International School,Hazmat,Abatement/Remediation Allowance,,,3,Default,1,SF,,,Medium,,,
AST000754,Patterson International School,ADA,Accessibility Compliance Allowance,,,3,Default,1,SF,,,Medium,,,
AST000755,Patterson Cottages,Roof,Roof Membrane,,25,3,Default,1,SF,,,Medium,,,
AST000756,Patterson Cottages,HVAC,RTU/Boiler-Chiller (Major),,20,3,Default,1,EA,,,Medium,,,
AST000757,Patterson Cottages,Plumbing,Domestic Water/Fixtures (Major),,30,3,Default,1,EA,,,Medium,,,
AST000758,Patterson Cottages,Electrical,Switchgear/Panels (Major),,30,3,Default,1,EA,,,Medium,,,
AST000759,Patterson Cottages,Fire Protection,Fire Alarm/Sprinklers (Major),,25,3,Default,1,EA,,,Medium,,,
AST000760,Patterson Cottages,Security,Access Control/Cameras (Major),,10,3,Default,1,EA,,,Medium,,,
AST000761,Patterson Cottages,Envelope,Facade/Cladding (Major),,40,3,Default,1,SF,,,Medium,,,
AST000762,Patterson Cottages,Windows,Window Replacement,,35,3,Default,1,SF,,,Medium,,,
AST000763,Patterson Cottages,Interiors,Flooring/Finishes (Major),,15,3,Default,1,SF,,,Medium,,,
AST000764,Patterson Cottages,Lighting,Interior Lighting Upgrade,,15,3,Default,1,SF,,,Medium,,,
AST000765,Patterson Cottages,Site,Playground/Site Hardscape,,20,3,Default,1,EA,,,Medium,,,
AST000766,Patterson Cottages,Hazmat,Abatement/Remediation Allowance,,,3,Default,1,SF,,,Medium,,,
AST000767,Patterson Cottages,ADA,Accessibility Compliance Allowance,,,3,Default,1,SF,,,Medium,,,
AST000768,Peak Expeditionary School at Pennington,Roof,Roof Membrane,,25,3,Default,1,SF,,,Medium,,,
AST000769,Peak Expeditionary School at Pennington,HVAC,RTU/Boiler-Chiller (Major),,20,3,Default,1,EA,,,Medium,,,
AST000770,Peak Expeditionary School at Pennington,Plumbing,Domestic Water/Fixtures (Major),,30,3,Default,1,EA,,,Medium,,,
AST000771,Peak Expeditionary School at Pennington,Electrical,Switchgear/Panels (Major),,30,3,Default,1,EA,,,Medium,,,
AST000772,Peak Expeditionary School at Pennington,Fire Protection,Fire Alarm/Sprinklers (Major),,25,3,Default,1,EA,,,Medium,,,
AST000773,Peak Expeditionary School at Pennington,Security,Access Control/Cameras (Major),,10,3,Default,1,EA,,,Medium,,,
AST000774,Peak Expeditionary School at Pennington,Envelope,Facade/Cladding (Major),,40,3,Default,1,SF,,,Medium,,,
AST000775,Peak Expeditionary School at Pennington,Windows,Window Replacement,,35,3,Default,1,SF,,,Medium,,,
AST000776,Peak Expeditionary School at Pennington,Interiors,Flooring/Finishes (Major),,15,3,Default,1,SF,,,Medium,,,
AST000777,Peak Expeditionary School at Pennington,Lighting,Interior Lighting Upgrade,,15,3,Default,1,SF,,,Medium,,,
AST000778,Peak Expeditionary School at Pennington,Site,Playground/Site Hardscape,,20,3,Default,1,EA,,,Medium,,,
AST000779,Peak Expeditionary School at Pennington,Hazmat,Abatement/Remediation Allowance,,,3,Default,1,SF,,,Medium,,,
AST000780,Peak Expeditionary School at Pennington,ADA,Accessibility Compliance Allowance,,,3,Default,1,SF,,,Medium,,,
AST000781,Peck ES,Roof,Roof Membrane,,25,3,Default,1,SF,,,Medium,,,
AST000782,Peck ES,HVAC,RTU/Boiler-Chiller (Major),,20,3,Default,1,EA,,,Medium,,,
AST000783,Peck ES,Plumbing,Domestic Water/Fixtures (Major),,30,3,Default,1,EA,,,Medium,,,
AST000784,Peck ES,Electrical,Switchgear/Panels (Major),,30,3,Default,1,EA,,,Medium,,,
AST000785,Peck ES,Fire Protection,Fire Alarm/Sprinklers (Major),,25,3,Default,1,EA,,,Medium,,,
AST000786,Peck ES,Security,Access Control/Cameras (Major),,10,3,Default,1,EA,,,Medium,,,
AST000787,Peck ES,Envelope,Facade/Cladding (Major),,40,3,Default,1,SF,,,Medium,,,
AST000788,Peck ES,Windows,Window Replacement,,35,3,Default,1,SF,,,Medium,,,
AST000789,Peck ES,Interiors,Flooring/Finishes (Major),,15,3,Default,1,SF,,,Medium,,,
AST000790,Peck ES,Lighting,Interior Lighting Upgrade,,15,3,Default,1,SF,,,Medium,,,
AST000791,Peck ES,Site,Playground/Site Hardscape,,20,3,Default,1,EA,,,Medium,,,
AST000792,Peck ES,Hazmat,Abatement/Remediation Allowance,,,3,Default,1,SF,,,Medium,,,
AST000793,Peck ES,ADA,Accessibility Compliance Allowance,,,3,Default,1,SF,,,Medium,,,
AST000794,Peiffer ES,Roof,Roof Membrane,,25,3,Default,1,SF,,,Medium,,,
AST000795,Peiffer ES,HVAC,RTU/Boiler-Chiller (Major),,20,3,Default,1,EA,,,Medium,,,
AST000796,Peiffer ES,Plumbing,Domestic Water/Fixtures (Major),,30,3,Default,1,EA,,,Medium,,,
AST000797,Peiffer ES,Electrical,Switchgear/Panels (Major),,30,3,Default,1,EA,,,Medium,,,
AST000798,Peiffer ES,Fire Protection,Fire Alarm/Sprinklers (Major),,25,3,Default,1,EA,,,Medium,,,
AST000799,Peiffer ES,Security,Access Control/Cameras (Major),,10,3,Default,1,EA,,,Medium,,,
AST000800,Peiffer ES,Envelope,Facade/Cladding (Major),,40,3,Default,1,SF,,,Medium,,,
AST000801,Peiffer ES,Windows,Window Replacement,,35,3,Default,1,SF,,,Medium,,,
AST000802,Peiffer ES,Interiors,Flooring/Finishes (Major),,15,3,Default,1,SF,,,Medium,,,
AST000803,Peiffer ES,Lighting,Interior Lighting Upgrade,,15,3,Default,1,SF,,,Medium,,,
AST000804,Peiffer ES,Site,Playground/Site Hardscape,,20,3,Default,1,EA,,,Medium,,,
AST000805,Peiffer ES,Hazmat,Abatement/Remediation Allowance,,,3,Default,1,SF,,,Medium,,,
AST000806,Peiffer ES,ADA,Accessibility Compliance Allowance,,,3,Default,1,SF,,,Medium,,,
AST000807,Free Horizon Montessori,Roof,Roof Membrane,,25,3,Default,1,SF,,,Medium,,,
AST000808,Free Horizon Montessori,HVAC,RTU/Boiler-Chiller (Major),,20,3,Default,1,EA,,,Medium,,,
AST000809,Free Horizon Montessori,Plumbing,Domestic Water/Fixtures (Major),,30,3,Default,1,EA,,,Medium,,,
AST000810,Free Horizon Montessori,Electrical,Switchgear/Panels (Major),,30,3,Default,1,EA,,,Medium,,,
AST000811,Free Horizon Montessori,Fire Protection,Fire Alarm/Sprinklers (Major),,25,3,Default,1,EA,,,Medium,,,
AST000812,Free Horizon Montessori,Security,Access Control/Cameras (Major),,10,3,Default,1,EA,,,Medium,,,
AST000813,Free Horizon Montessori,Envelope,Facade/Cladding (Major),,40,3,Default,1,SF,,,Medium,,,
AST000814,Free Horizon Montessori,Windows,Window Replacement,,35,3,Default,1,SF,,,Medium,,,
AST000815,Free Horizon Montessori,Interiors,Flooring/Finishes (Major),,15,3,Default,1,SF,,,Medium,,,
AST000816,Free Horizon Montessori,Lighting,Interior Lighting Upgrade,,15,3,Default,1,SF,,,Medium,,,
AST000817,Free Horizon Montessori,Site,Playground/Site Hardscape,,20,3,Default,1,EA,,,Medium,,,
AST000818,Free Horizon Montessori,Hazmat,Abatement/Remediation Allowance,,,3,Default,1,SF,,,Medium,,,
AST000819,Free Horizon Montessori,ADA,Accessibility Compliance Allowance,,,3,Default,1,SF,,,Medium,,,
AST000820,Powderhorn ES,Roof,Roof Membrane,,25,3,Default,1,SF,,,Medium,,,
AST000821,Powderhorn ES,HVAC,RTU/Boiler-Chiller (Major),,20,3,Default,1,EA,,,Medium,,,
AST000822,Powderhorn ES,Plumbing,Domestic Water/Fixtures (Major),,30,3,Default,1,EA,,,Medium,,,
AST000823,Powderhorn ES,Electrical,Switchgear/Panels (Major),,30,3,Default,1,EA,,,Medium,,,
AST000824,Powderhorn ES,Fire Protection,Fire Alarm/Sprinklers (Major),,25,3,Default,1,EA,,,Medium,,,
AST000825,Powderhorn ES,Security,Access Control/Cameras (Major),,10,3,Default,1,EA,,,Medium,,,
AST000826,Powderhorn ES,Envelope,Facade/Cladding (Major),,40,3,Default,1,SF,,,Medium,,,
AST000827,Powderhorn ES,Windows,Window Replacement,,35,3,Default,1,SF,,,Medium,,,
AST000828,Powderhorn ES,Interiors,Flooring/Finishes (Major),,15,3,Default,1,SF,,,Medium,,,
AST000829,Powderhorn ES,Lighting,Interior Lighting Upgrade,,15,3,Default,1,SF,,,Medium,,,
AST000830,Powderhorn ES,Site,Playground/Site Hardscape,,20,3,Default,1,EA,,,Medium,,,
AST000831,Powderhorn ES,Hazmat,Abatement/Remediation Allowance,,,3,Default,1,SF,,,Medium,,,
AST000832,Powderhorn ES,ADA,Accessibility Compliance Allowance,,,3,Default,1,SF,,,Medium,,,
AST000833,Prospect Valley ES,Roof,Roof Membrane,,25,3,Default,1,SF,,,Medium,,,
AST000834,Prospect Valley ES,HVAC,RTU/Boiler-Chiller (Major),,20,3,Default,1,EA,,,Medium,,,
AST000835,Prospect Valley ES,Plumbing,Domestic Water/Fixtures (Major),,30,3,Default,1,EA,,,Medium,,,
AST000836,Prospect Valley ES,Electrical,Switchgear/Panels (Major),,30,3,Default,1,EA,,,Medium,,,
AST000837,Prospect Valley ES,Fire Protection,Fire Alarm/Sprinklers (Major),,25,3,Default,1,EA,,,Medium,,,
AST000838,Prospect Valley ES,Security,Access Control/Cameras (Major),,10,3,Default,1,EA,,,Medium,,,
AST000839,Prospect Valley ES,Envelope,Facade/Cladding (Major),,40,3,Default,1,SF,,,Medium,,,
AST000840,Prospect Valley ES,Windows,Window Replacement,,35,3,Default,1,SF,,,Medium,,,
AST000841,Prospect Valley ES,Interiors,Flooring/Finishes (Major),,15,3,Default,1,SF,,,Medium,,,
AST000842,Prospect Valley ES,Lighting,Interior Lighting Upgrade,,15,3,Default,1,SF,,,Medium,,,
AST000843,Prospect Valley ES,Site,Playground/Site Hardscape,,20,3,Default,1,EA,,,Medium,,,
AST000844,Prospect Valley ES,Hazmat,Abatement/Remediation Allowance,,,3,Default,1,SF,,,Medium,,,
AST000845,Prospect Valley ES,ADA,Accessibility Compliance Allowance,,,3,Default,1,SF,,,Medium,,,
AST000846,Applewood Cottages,Roof,Roof Membrane,,25,3,Default,1,SF,,,Medium,,,
AST000847,Applewood Cottages,HVAC,RTU/Boiler-Chiller (Major),,20,3,Default,1,EA,,,Medium,,,
AST000848,Applewood Cottages,Plumbing,Domestic Water/Fixtures (Major),,30,3,Default,1,EA,,,Medium,,,
AST000849,Applewood Cottages,Electrical,Switchgear/Panels (Major),,30,3,Default,1,EA,,,Medium,,,
AST000850,Applewood Cottages,Fire Protection,Fire Alarm/Sprinklers (Major),,25,3,Default,1,EA,,,Medium,,,
AST000851,Applewood Cottages,Security,Access Control/Cameras (Major),,10,3,Default,1,EA,,,Medium,,,
AST000852,Applewood Cottages,Envelope,Facade/Cladding (Major),,40,3,Default,1,SF,,,Medium,,,
AST000853,Applewood Cottages,Windows,Window Replacement,,35,3,Default,1,SF,,,Medium,,,
AST000854,Applewood Cottages,Interiors,Flooring/Finishes (Major),,15,3,Default,1,SF,,,Medium,,,
AST000855,Applewood Cottages,Lighting,Interior Lighting Upgrade,,15,3,Default,1,SF,,,Medium,,,
AST000856,Applewood Cottages,Site,Playground/Site Hardscape,,20,3,Default,1,EA,,,Medium,,,
AST000857,Applewood Cottages,Hazmat,Abatement/Remediation Allowance,,,3,Default,1,SF,,,Medium,,,
AST000858,Applewood Cottages,ADA,Accessibility Compliance Allowance,,,3,Default,1,SF,,,Medium,,,
AST000859,Ralston ES,Roof,Roof Membrane,,25,3,Default,1,SF,,,Medium,,,
AST000860,Ralston ES,HVAC,RTU/Boiler-Chiller (Major),,20,3,Default,1,EA,,,Medium,,,
AST000861,Ralston ES,Plumbing,Domestic Water/Fixtures (Major),,30,3,Default,1,EA,,,Medium,,,
AST000862,Ralston ES,Electrical,Switchgear/Panels (Major),,30,3,Default,1,EA,,,Medium,,,
AST000863,Ralston ES,Fire Protection,Fire Alarm/Sprinklers (Major),,25,3,Default,1,EA,,,Medium,,,
AST000864,Ralston ES,Security,Access Control/Cameras (Major),,10,3,Default,1,EA,,,Medium,,,
AST000865,Ralston ES,Envelope,Facade/Cladding (Major),,40,3,Default,1,SF,,,Medium,,,
AST000866,Ralston ES,Windows,Window Replacement,,35,3,Default,1,SF,,,Medium,,,
AST000867,Ralston ES,Interiors,Flooring/Finishes (Major),,15,3,Default,1,SF,,,Medium,,,
AST000868,Ralston ES,Lighting,Interior Lighting Upgrade,,15,3,Default,1,SF,,,Medium,,,
AST000869,Ralston ES,Site,Playground/Site Hardscape,,20,3,Default,1,EA,,,Medium,,,
AST000870,Ralston ES,Hazmat,Abatement/Remediation Allowance,,,3,Default,1,SF,,,Medium,,,
AST000871,Ralston ES,ADA,Accessibility Compliance Allowance,,,3,Default,1,SF,,,Medium,,,
AST000872,Red Rocks ES,Roof,Roof Membrane,,25,3,Default,1,SF,,,Medium,,,
AST000873,Red Rocks ES,HVAC,RTU/Boiler-Chiller (Major),,20,3,Default,1,EA,,,Medium,,,
AST000874,Red Rocks ES,Plumbing,Domestic Water/Fixtures (Major),,30,3,Default,1,EA,,,Medium,,,
AST000875,Red Rocks ES,Electrical,Switchgear/Panels (Major),,30,3,Default,1,EA,,,Medium,,,
AST000876,Red Rocks ES,Fire Protection,Fire Alarm/Sprinklers (Major),,25,3,Default,1,EA,,,Medium,,,
AST000877,Red Rocks ES,Security,Access Control/Cameras (Major),,10,3,Default,1,EA,,,Medium,,,
AST000878,Red Rocks ES,Envelope,Facade/Cladding (Major),,40,3,Default,1,SF,,,Medium,,,
AST000879,Red Rocks ES,Windows,Window Replacement,,35,3,Default,1,SF,,,Medium,,,
AST000880,Red Rocks ES,Interiors,Flooring/Finishes (Major),,15,3,Default,1,SF,,,Medium,,,
AST000881,Red Rocks ES,Lighting,Interior Lighting Upgrade,,15,3,Default,1,SF,,,Medium,,,
AST000882,Red Rocks ES,Site,Playground/Site Hardscape,,20,3,Default,1,EA,,,Medium,,,
AST000883,Red Rocks ES,Hazmat,Abatement/Remediation Allowance,,,3,Default,1,SF,,,Medium,,,
AST000884,Red Rocks ES,ADA,Accessibility Compliance Allowance,,,3,Default,1,SF,,,Medium,,,
AST000885,Rooney Ranch ES,Roof,Roof Membrane,,25,3,Default,1,SF,,,Medium,,,
AST000886,Rooney Ranch ES,HVAC,RTU/Boiler-Chiller (Major),,20,3,Default,1,EA,,,Medium,,,
AST000887,Rooney Ranch ES,Plumbing,Domestic Water/Fixtures (Major),,30,3,Default,1,EA,,,Medium,,,
AST000888,Rooney Ranch ES,Electrical,Switchgear/Panels (Major),,30,3,Default,1,EA,,,Medium,,,
AST000889,Rooney Ranch ES,Fire Protection,Fire Alarm/Sprinklers (Major),,25,3,Default,1,EA,,,Medium,,,
AST000890,Rooney Ranch ES,Security,Access Control/Cameras (Major),,10,3,Default,1,EA,,,Medium,,,
AST000891,Rooney Ranch ES,Envelope,Facade/Cladding (Major),,40,3,Default,1,SF,,,Medium,,,
AST000892,Rooney Ranch ES,Windows,Window Replacement,,35,3,Default,1,SF,,,Medium,,,
AST000893,Rooney Ranch ES,Interiors,Flooring/Finishes (Major),,15,3,Default,1,SF,,,Medium,,,
AST000894,Rooney Ranch ES,Lighting,Interior Lighting Upgrade,,15,3,Default,1,SF,,,Medium,,,
AST000895,Rooney Ranch ES,Site,Playground/Site Hardscape,,20,3,Default,1,EA,,,Medium,,,
AST000896,Rooney Ranch ES,Hazmat,Abatement/Remediation Allowance,,,3,Default,1,SF,,,Medium,,,
AST000897,Rooney Ranch ES,ADA,Accessibility Compliance Allowance,,,3,Default,1,SF,,,Medium,,,
AST000898,Stott ES,Roof,Roof Membrane,,25,3,Default,1,SF,,,Medium,,,
AST000899,Stott ES,HVAC,RTU/Boiler-Chiller (Major),,20,3,Default,1,EA,,,Medium,,,
AST000900,Stott ES,Plumbing,Domestic Water/Fixtures (Major),,30,3,Default,1,EA,,,Medium,,,
AST000901,Stott ES,Electrical,Switchgear/Panels (Major),,30,3,Default,1,EA,,,Medium,,,
AST000902,Stott ES,Fire Protection,Fire Alarm/Sprinklers (Major),,25,3,Default,1,EA,,,Medium,,,
AST000903,Stott ES,Security,Access Control/Cameras (Major),,10,3,Default,1,EA,,,Medium,,,
AST000904,Stott ES,Envelope,Facade/Cladding (Major),,40,3,Default,1,SF,,,Medium,,,
AST000905,Stott ES,Windows,Window Replacement,,35,3,Default,1,SF,,,Medium,,,
AST000906,Stott ES,Interiors,Flooring/Finishes (Major),,15,3,Default,1,SF,,,Medium,,,
AST000907,Stott ES,Lighting,Interior Lighting Upgrade,,15,3,Default,1,SF,,,Medium,,,
AST000908,Stott ES,Site,Playground/Site Hardscape,,20,3,Default,1,EA,,,Medium,,,
AST000909,Stott ES,Hazmat,Abatement/Remediation Allowance,,,3,Default,1,SF,,,Medium,,,
AST000910,Stott ES,ADA,Accessibility Compliance Allowance,,,3,Default,1,SF,,,Medium,,,
AST000911,Ryan ES,Roof,Roof Membrane,,25,3,Default,1,SF,,,Medium,,,
AST000912,Ryan ES,HVAC,RTU/Boiler-Chiller (Major),,20,3,Default,1,EA,,,Medium,,,
AST000913,Ryan ES,Plumbing,Domestic Water/Fixtures (Major),,30,3,Default,1,EA,,,Medium,,,
AST000914,Ryan ES,Electrical,Switchgear/Panels (Major),,30,3,Default,1,EA,,,Medium,,,
AST000915,Ryan ES,Fire Protection,Fire Alarm/Sprinklers (Major),,25,3,Default,1,EA,,,Medium,,,
AST000916,Ryan ES,Security,Access Control/Cameras (Major),,10,3,Default,1,EA,,,Medium,,,
AST000917,Ryan ES,Envelope,Facade/Cladding (Major),,40,3,Default,1,SF,,,Medium,,,
AST000918,Ryan ES,Windows,Window Replacement,,35,3,Default,1,SF,,,Medium,,,
AST000919,Ryan ES,Interiors,Flooring/Finishes (Major),,15,3,Default,1,SF,,,Medium,,,
AST000920,Ryan ES,Lighting,Interior Lighting Upgrade,,15,3,Default,1,SF,,,Medium,,,
AST000921,Ryan ES,Site,Playground/Site Hardscape,,20,3,Default,1,EA,,,Medium,,,
AST000922,Ryan ES,Hazmat,Abatement/Remediation Allowance,,,3,Default,1,SF,,,Medium,,,
AST000923,Ryan ES,ADA,Accessibility Compliance Allowance,,,3,Default,1,SF,,,Medium,,,
AST000924,Secrest ES,Roof,Roof Membrane,,25,3,Default,1,SF,,,Medium,,,
AST000925,Secrest ES,HVAC,RTU/Boiler-Chiller (Major),,20,3,Default,1,EA,,,Medium,,,
AST000926,Secrest ES,Plumbing,Domestic Water/Fixtures (Major),,30,3,Default,1,EA,,,Medium,,,
AST000927,Secrest ES,Electrical,Switchgear/Panels (Major),,30,3,Default,1,EA,,,Medium,,,
AST000928,Secrest ES,Fire Protection,Fire Alarm/Sprinklers (Major),,25,3,Default,1,EA,,,Medium,,,
AST000929,Secrest ES,Security,Access Control/Cameras (Major),,10,3,Default,1,EA,,,Medium,,,
AST000930,Secrest ES,Envelope,Facade/Cladding (Major),,40,3,Default,1,SF,,,Medium,,,
AST000931,Secrest ES,Windows,Window Replacement,,35,3,Default,1,SF,,,Medium,,,
AST000932,Secrest ES,Interiors,Flooring/Finishes (Major),,15,3,Default,1,SF,,,Medium,,,
AST000933,Secrest ES,Lighting,Interior Lighting Upgrade,,15,3,Default,1,SF,,,Medium,,,
AST000934,Secrest ES,Site,Playground/Site Hardscape,,20,3,Default,1,EA,,,Medium,,,
AST000935,Secrest ES,Hazmat,Abatement/Remediation Allowance,,,3,Default,1,SF,,,Medium,,,
AST000936,Secrest ES,ADA,Accessibility Compliance Allowance,,,3,Default,1,SF,,,Medium,,,
AST000937,Secrest Cottage B,Roof,Roof Membrane,,25,3,Default,1,SF,,,Medium,,,
AST000938,Secrest Cottage B,HVAC,RTU/Boiler-Chiller (Major),,20,3,Default,1,EA,,,Medium,,,
AST000939,Secrest Cottage B,Plumbing,Domestic Water/Fixtures (Major),,30,3,Default,1,EA,,,Medium,,,
AST000940,Secrest Cottage B,Electrical,Switchgear/Panels (Major),,30,3,Default,1,EA,,,Medium,,,
AST000941,Secrest Cottage B,Fire Protection,Fire Alarm/Sprinklers (Major),,25,3,Default,1,EA,,,Medium,,,
AST000942,Secrest Cottage B,Security,Access Control/Cameras (Major),,10,3,Default,1,EA,,,Medium,,,
AST000943,Secrest Cottage B,Envelope,Facade/Cladding (Major),,40,3,Default,1,SF,,,Medium,,,
AST000944,Secrest Cottage B,Windows,Window Replacement,,35,3,Default,1,SF,,,Medium,,,
AST000945,Secrest Cottage B,Interiors,Flooring/Finishes (Major),,15,3,Default,1,SF,,,Medium,,,
AST000946,Secrest Cottage B,Lighting,Interior Lighting Upgrade,,15,3,Default,1,SF,,,Medium,,,
AST000947,Secrest Cottage B,Site,Playground/Site Hardscape,,20,3,Default,1,EA,,,Medium,,,
AST000948,Secrest Cottage B,Hazmat,Abatement/Remediation Allowance,,,3,Default,1,SF,,,Medium,,,
AST000949,Secrest Cottage B,ADA,Accessibility Compliance Allowance,,,3,Default,1,SF,,,Medium,,,
AST000950,Semper ES,Roof,Roof Membrane,,25,3,Default,1,SF,,,Medium,,,
AST000951,Semper ES,HVAC,RTU/Boiler-Chiller (Major),,20,3,Default,1,EA,,,Medium,,,
AST000952,Semper ES,Plumbing,Domestic Water/Fixtures (Major),,30,3,Default,1,EA,,,Medium,,,
AST000953,Semper ES,Electrical,Switchgear/Panels (Major),,30,3,Default,1,EA,,,Medium,,,
AST000954,Semper ES,Fire Protection,Fire Alarm/Sprinklers (Major),,25,3,Default,1,EA,,,Medium,,,
AST000955,Semper ES,Security,Access Control/Cameras (Major),,10,3,Default,1,EA,,,Medium,,,
AST000956,Semper ES,Envelope,Facade/Cladding (Major),,40,3,Default,1,SF,,,Medium,,,
AST000957,Semper ES,Windows,Window Replacement,,35,3,Default,1,SF,,,Medium,,,
AST000958,Semper ES,Interiors,Flooring/Finishes (Major),,15,3,Default,1,SF,,,Medium,,,
AST000959,Semper ES,Lighting,Interior Lighting Upgrade,,15,3,Default,1,SF,,,Medium,,,
AST000960,Semper ES,Site,Playground/Site Hardscape,,20,3,Default,1,EA,,,Medium,,,
AST000961,Semper ES,Hazmat,Abatement/Remediation Allowance,,,3,Default,1,SF,,,Medium,,,
AST000962,Semper ES,ADA,Accessibility Compliance Allowance,,,3,Default,1,SF,,,Medium,,,
AST000963,Shaffer ES,Roof,Roof Membrane,,25,3,Default,1,SF,,,Medium,,,
AST000964,Shaffer ES,HVAC,RTU/Boiler-Chiller (Major),,20,3,Default,1,EA,,,Medium,,,
AST000965,Shaffer ES,Plumbing,Domestic Water/Fixtures (Major),,30,3,Default,1,EA,,,Medium,,,
AST000966,Shaffer ES,Electrical,Switchgear/Panels (Major),,30,3,Default,1,EA,,,Medium,,,
AST000967,Shaffer ES,Fire Protection,Fire Alarm/Sprinklers (Major),,25,3,Default,1,EA,,,Medium,,,
AST000968,Shaffer ES,Security,Access Control/Cameras (Major),,10,3,Default,1,EA,,,Medium,,,
AST000969,Shaffer ES,Envelope,Facade/Cladding (Major),,40,3,Default,1,SF,,,Medium,,,
AST000970,Shaffer ES,Windows,Window Replacement,,35,3,Default,1,SF,,,Medium,,,
AST000971,Shaffer ES,Interiors,Flooring/Finishes (Major),,15,3,Default,1,SF,,,Medium,,,
AST000972,Shaffer ES,Lighting,Interior Lighting Upgrade,,15,3,Default,1,SF,,,Medium,,,
AST000973,Shaffer ES,Site,Playground/Site Hardscape,,20,3,Default,1,EA,,,Medium,,,
AST000974,Shaffer ES,Hazmat,Abatement/Remediation Allowance,,,3,Default,1,SF,,,Medium,,,
AST000975,Shaffer ES,ADA,Accessibility Compliance Allowance,,,3,Default,1,SF,,,Medium,,,
AST000976,Shelton ES,Roof,Roof Membrane,,25,3,Default,1,SF,,,Medium,,,
AST000977,Shelton ES,HVAC,RTU/Boiler-Chiller (Major),,20,3,Default,1,EA,,,Medium,,,
AST000978,Shelton ES,Plumbing,Domestic Water/Fixtures (Major),,30,3,Default,1,EA,,,Medium,,,
AST000979,Shelton ES,Electrical,Switchgear/Panels (Major),,30,3,Default,1,EA,,,Medium,,,
AST000980,Shelton ES,Fire Protection,Fire Alarm/Sprinklers (Major),,25,3,Default,1,EA,,,Medium,,,
AST000981,Shelton ES,Security,Access Control/Cameras (Major),,10,3,Default,1,EA,,,Medium,,,
AST000982,Shelton ES,Envelope,Facade/Cladding (Major),,40,3,Default,1,SF,,,Medium,,,
AST000983,Shelton ES,Windows,Window Replacement,,35,3,Default,1,SF,,,Medium,,,
AST000984,Shelton ES,Interiors,Flooring/Finishes (Major),,15,3,Default,1,SF,,,Medium,,,
AST000985,Shelton ES,Lighting,Interior Lighting Upgrade,,15,3,Default,1,SF,,,Medium,,,
AST000986,Shelton ES,Site,Playground/Site Hardscape,,20,3,Default,1,EA,,,Medium,,,
AST000987,Shelton ES,Hazmat,Abatement/Remediation Allowance,,,3,Default,1,SF,,,Medium,,,
AST000988,Shelton ES,ADA,Accessibility Compliance Allowance,,,3,Default,1,SF,,,Medium,,,
AST000989,Sierra ES,Roof,Roof Membrane,,25,3,Default,1,SF,,,Medium,,,
AST000990,Sierra ES,HVAC,RTU/Boiler-Chiller (Major),,20,3,Default,1,EA,,,Medium,,,
AST000991,Sierra ES,Plumbing,Domestic Water/Fixtures (Major),,30,3,Default,1,EA,,,Medium,,,
AST000992,Sierra ES,Electrical,Switchgear/Panels (Major),,30,3,Default,1,EA,,,Medium,,,
AST000993,Sierra ES,Fire Protection,Fire Alarm/Sprinklers (Major),,25,3,Default,1,EA,,,Medium,,,
AST000994,Sierra ES,Security,Access Control/Cameras (Major),,10,3,Default,1,EA,,,Medium,,,
AST000995,Sierra ES,Envelope,Facade/Cladding (Major),,40,3,Default,1,SF,,,Medium,,,
AST000996,Sierra ES,Windows,Window Replacement,,35,3,Default,1,SF,,,Medium,,,
AST000997,Sierra ES,Interiors,Flooring/Finishes (Major),,15,3,Default,1,SF,,,Medium,,,
AST000998,Sierra ES,Lighting,Interior Lighting Upgrade,,15,3,Default,1,SF,,,Medium,,,
AST000999,Sierra ES,Site,Playground/Site Hardscape,,20,3,Default,1,EA,,,Medium,,,
AST001000,Sierra ES,Hazmat,Abatement/Remediation Allowance,,,3,Default,1,SF,,,Medium,,,
AST001001,Sierra ES,ADA,Accessibility Compliance Allowance,,,3,Default,1,SF,,,Medium,,,
AST001002,Slater ES,Roof,Roof Membrane,,25,3,Default,1,SF,,,Medium,,,
AST001003,Slater ES,HVAC,RTU/Boiler-Chiller (Major),,20,3,Default,1,EA,,,Medium,,,
AST001004,Slater ES,Plumbing,Domestic Water/Fixtures (Major),,30,3,Default,1,EA,,,Medium,,,
AST001005,Slater ES,Electrical,Switchgear/Panels (Major),,30,3,Default,1,EA,,,Medium,,,
AST001006,Slater ES,Fire Protection,Fire Alarm/Sprinklers (Major),,25,3,Default,1,EA,,,Medium,,,
AST001007,Slater ES,Security,Access Control/Cameras (Major),,10,3,Default,1,EA,,,Medium,,,
AST001008,Slater ES,Envelope,Facade/Cladding (Major),,40,3,Default,1,SF,,,Medium,,,
AST001009,Slater ES,Windows,Window Replacement,,35,3,Default,1,SF,,,Medium,,,
AST001010,Slater ES,Interiors,Flooring/Finishes (Major),,15,3,Default,1,SF,,,Medium,,,
AST001011,Slater ES,Lighting,Interior Lighting Upgrade,,15,3,Default,1,SF,,,Medium,,,
AST001012,Slater ES,Site,Playground/Site Hardscape,,20,3,Default,1,EA,,,Medium,,,
AST001013,Slater ES,Hazmat,Abatement/Remediation Allowance,,,3,Default,1,SF,,,Medium,,,
AST001014,Slater ES,ADA,Accessibility Compliance Allowance,,,3,Default,1,SF,,,Medium,,,
AST001015,Deane ES,Roof,Roof Membrane,,25,3,Default,1,SF,,,Medium,,,
AST001016,Deane ES,HVAC,RTU/Boiler-Chiller (Major),,20,3,Default,1,EA,,,Medium,,,
AST001017,Deane ES,Plumbing,Domestic Water/Fixtures (Major),,30,3,Default,1,EA,,,Medium,,,
AST001018,Deane ES,Electrical,Switchgear/Panels (Major),,30,3,Default,1,EA,,,Medium,,,
AST001019,Deane ES,Fire Protection,Fire Alarm/Sprinklers (Major),,25,3,Default,1,EA,,,Medium,,,
AST001020,Deane ES,Security,Access Control/Cameras (Major),,10,3,Default,1,EA,,,Medium,,,
AST001021,Deane ES,Envelope,Facade/Cladding (Major),,40,3,Default,1,SF,,,Medium,,,
AST001022,Deane ES,Windows,Window Replacement,,35,3,Default,1,SF,,,Medium,,,
AST001023,Deane ES,Interiors,Flooring/Finishes (Major),,15,3,Default,1,SF,,,Medium,,,
AST001024,Deane ES,Lighting,Interior Lighting Upgrade,,15,3,Default,1,SF,,,Medium,,,
AST001025,Deane ES,Site,Playground/Site Hardscape,,20,3,Default,1,EA,,,Medium,,,
AST001026,Deane ES,Hazmat,Abatement/Remediation Allowance,,,3,Default,1,SF,,,Medium,,,
AST001027,Deane ES,ADA,Accessibility Compliance Allowance,,,3,Default,1,SF,,,Medium,,,
AST001028,South Lakewood ES,Roof,Roof Membrane,,25,3,Default,1,SF,,,Medium,,,
AST001029,South Lakewood ES,HVAC,RTU/Boiler-Chiller (Major),,20,3,Default,1,EA,,,Medium,,,
AST001030,South Lakewood ES,Plumbing,Domestic Water/Fixtures (Major),,30,3,Default,1,EA,,,Medium,,,
AST001031,South Lakewood ES,Electrical,Switchgear/Panels (Major),,30,3,Default,1,EA,,,Medium,,,
AST001032,South Lakewood ES,Fire Protection,Fire Alarm/Sprinklers (Major),,25,3,Default,1,EA,,,Medium,,,
AST001033,South Lakewood ES,Security,Access Control/Cameras (Major),,10,3,Default,1,EA,,,Medium,,,
AST001034,South Lakewood ES,Envelope,Facade/Cladding (Major),,40,3,Default,1,SF,,,Medium,,,
AST001035,South Lakewood ES,Windows,Window Replacement,,35,3,Default,1,SF,,,Medium,,,
AST001036,South Lakewood ES,Interiors,Flooring/Finishes (Major),,15,3,Default,1,SF,,,Medium,,,
AST001037,South Lakewood ES,Lighting,Interior Lighting Upgrade,,15,3,Default,1,SF,,,Medium,,,
AST001038,South Lakewood ES,Site,Playground/Site Hardscape,,20,3,Default,1,EA,,,Medium,,,
AST001039,South Lakewood ES,Hazmat,Abatement/Remediation Allowance,,,3,Default,1,SF,,,Medium,,,
AST001040,South Lakewood ES,ADA,Accessibility Compliance Allowance,,,3,Default,1,SF,,,Medium,,,
AST001041,Rose Stein International ES,Roof,Roof Membrane,,25,3,Default,1,SF,,,Medium,,,
AST001042,Rose Stein International ES,HVAC,RTU/Boiler-Chiller (Major),,20,3,Default,1,EA,,,Medium,,,
AST001043,Rose Stein International ES,Plumbing,Domestic Water/Fixtures (Major),,30,3,Default,1,EA,,,Medium,,,
AST001044,Rose Stein International ES,Electrical,Switchgear/Panels (Major),,30,3,Default,1,EA,,,Medium,,,
AST001045,Rose Stein International ES,Fire Protection,Fire Alarm/Sprinklers (Major),,25,3,Default,1,EA,,,Medium,,,
AST001046,Rose Stein International ES,Security,Access Control/Cameras (Major),,10,3,Default,1,EA,,,Medium,,,
AST001047,Rose Stein International ES,Envelope,Facade/Cladding (Major),,40,3,Default,1,SF,,,Medium,,,
AST001048,Rose Stein International ES,Windows,Window Replacement,,35,3,Default,1,SF,,,Medium,,,
AST001049,Rose Stein International ES,Interiors,Flooring/Finishes (Major),,15,3,Default,1,SF,,,Medium,,,
AST001050,Rose Stein International ES,Lighting,Interior Lighting Upgrade,,15,3,Default,1,SF,,,Medium,,,
AST001051,Rose Stein International ES,Site,Playground/Site Hardscape,,20,3,Default,1,EA,,,Medium,,,
AST001052,Rose Stein International ES,Hazmat,Abatement/Remediation Allowance,,,3,Default,1,SF,,,Medium,,,
AST001053,Rose Stein International ES,ADA,Accessibility Compliance Allowance,,,3,Default,1,SF,,,Medium,,,
AST001054,Stein Cottages,Roof,Roof Membrane,,25,3,Default,1,SF,,,Medium,,,
AST001055,Stein Cottages,HVAC,RTU/Boiler-Chiller (Major),,20,3,Default,1,EA,,,Medium,,,
AST001056,Stein Cottages,Plumbing,Domestic Water/Fixtures (Major),,30,3,Default,1,EA,,,Medium,,,
AST001057,Stein Cottages,Electrical,Switchgear/Panels (Major),,30,3,Default,1,EA,,,Medium,,,
AST001058,Stein Cottages,Fire Protection,Fire Alarm/Sprinklers (Major),,25,3,Default,1,EA,,,Medium,,,
AST001059,Stein Cottages,Security,Access Control/Cameras (Major),,10,3,Default,1,EA,,,Medium,,,
AST001060,Stein Cottages,Envelope,Facade/Cladding (Major),,40,3,Default,1,SF,,,Medium,,,
AST001061,Stein Cottages,Windows,Window Replacement,,35,3,Default,1,SF,,,Medium,,,
AST001062,Stein Cottages,Interiors,Flooring/Finishes (Major),,15,3,Default,1,SF,,,Medium,,,
AST001063,Stein Cottages,Lighting,Interior Lighting Upgrade,,15,3,Default,1,SF,,,Medium,,,
AST001064,Stein Cottages,Site,Playground/Site Hardscape,,20,3,Default,1,EA,,,Medium,,,
AST001065,Stein Cottages,Hazmat,Abatement/Remediation Allowance,,,3,Default,1,SF,,,Medium,,,
AST001066,Stein Cottages,ADA,Accessibility Compliance Allowance,,,3,Default,1,SF,,,Medium,,,
AST001067,Stober ES,Roof,Roof Membrane,,25,3,Default,1,SF,,,Medium,,,
AST001068,Stober ES,HVAC,RTU/Boiler-Chiller (Major),,20,3,Default,1,EA,,,Medium,,,
AST001069,Stober ES,Plumbing,Domestic Water/Fixtures (Major),,30,3,Default,1,EA,,,Medium,,,
AST001070,Stober ES,Electrical,Switchgear/Panels (Major),,30,3,Default,1,EA,,,Medium,,,
AST001071,Stober ES,Fire Protection,Fire Alarm/Sprinklers (Major),,25,3,Default,1,EA,,,Medium,,,
AST001072,Stober ES,Security,Access Control/Cameras (Major),,10,3,Default,1,EA,,,Medium,,,
AST001073,Stober ES,Envelope,Facade/Cladding (Major),,40,3,Default,1,SF,,,Medium,,,
AST001074,Stober ES,Windows,Window Replacement,,35,3,Default,1,SF,,,Medium,,,
AST001075,Stober ES,Interiors,Flooring/Finishes (Major),,15,3,Default,1,SF,,,Medium,,,
AST001076,Stober ES,Lighting,Interior Lighting Upgrade,,15,3,Default,1,SF,,,Medium,,,
AST001077,Stober ES,Site,Playground/Site Hardscape,,20,3,Default,1,EA,,,Medium,,,
AST001078,Stober ES,Hazmat,Abatement/Remediation Allowance,,,3,Default,1,SF,,,Medium,,,
AST001079,Stober ES,ADA,Accessibility Compliance Allowance,,,3,Default,1,SF,,,Medium,,,
AST001080,Stevens ES,Roof,Roof Membrane,,25,3,Default,1,SF,,,Medium,,,
AST001081,Stevens ES,HVAC,RTU/Boiler-Chiller (Major),,20,3,Default,1,EA,,,Medium,,,
AST001082,Stevens ES,Plumbing,Domestic Water/Fixtures (Major),,30,3,Default,1,EA,,,Medium,,,
AST001083,Stevens ES,Electrical,Switchgear/Panels (Major),,30,3,Default,1,EA,,,Medium,,,
AST001084,Stevens ES,Fire Protection,Fire Alarm/Sprinklers (Major),,25,3,Default,1,EA,,,Medium,,,
AST001085,Stevens ES,Security,Access Control/Cameras (Major),,10,3,Default,1,EA,,,Medium,,,
AST001086,Stevens ES,Envelope,Facade/Cladding (Major),,40,3,Default,1,SF,,,Medium,,,
AST001087,Stevens ES,Windows,Window Replacement,,35,3,Default,1,SF,,,Medium,,,
AST001088,Stevens ES,Interiors,Flooring/Finishes (Major),,15,3,Default,1,SF,,,Medium,,,
AST001089,Stevens ES,Lighting,Interior Lighting Upgrade,,15,3,Default,1,SF,,,Medium,,,
AST001090,Stevens ES,Site,Playground/Site Hardscape,,20,3,Default,1,EA,,,Medium,,,
AST001091,Stevens ES,Hazmat,Abatement/Remediation Allowance,,,3,Default,1,SF,,,Medium,,,
AST001092,Stevens ES,ADA,Accessibility Compliance Allowance,,,3,Default,1,SF,,,Medium,,,
AST001093,Swanson ES,Roof,Roof Membrane,,25,3,Default,1,SF,,,Medium,,,
AST001094,Swanson ES,HVAC,RTU/Boiler-Chiller (Major),,20,3,Default,1,EA,,,Medium,,,
AST001095,Swanson ES,Plumbing,Domestic Water/Fixtures (Major),,30,3,Default,1,EA,,,Medium,,,
AST001096,Swanson ES,Electrical,Switchgear/Panels (Major),,30,3,Default,1,EA,,,Medium,,,
AST001097,Swanson ES,Fire Protection,Fire Alarm/Sprinklers (Major),,25,3,Default,1,EA,,,Medium,,,
AST001098,Swanson ES,Security,Access Control/Cameras (Major),,10,3,Default,1,EA,,,Medium,,,
AST001099,Swanson ES,Envelope,Facade/Cladding (Major),,40,3,Default,1,SF,,,Medium,,,
AST001100,Swanson ES,Windows,Window Replacement,,35,3,Default,1,SF,,,Medium,,,
AST001101,Swanson ES,Interiors,Flooring/Finishes (Major),,15,3,Default,1,SF,,,Medium,,,
AST001102,Swanson ES,Lighting,Interior Lighting Upgrade,,15,3,Default,1,SF,,,Medium,,,
AST001103,Swanson ES,Site,Playground/Site Hardscape,,20,3,Default,1,EA,,,Medium,,,
AST001104,Swanson ES,Hazmat,Abatement/Remediation Allowance,,,3,Default,1,SF,,,Medium,,,
AST001105,Swanson ES,ADA,Accessibility Compliance Allowance,,,3,Default,1,SF,,,Medium,,,
AST001106,Stony Creek ES,Roof,Roof Membrane,,25,3,Default,1,SF,,,Medium,,,
AST001107,Stony Creek ES,HVAC,RTU/Boiler-Chiller (Major),,20,3,Default,1,EA,,,Medium,,,
AST001108,Stony Creek ES,Plumbing,Domestic Water/Fixtures (Major),,30,3,Default,1,EA,,,Medium,,,
AST001109,Stony Creek ES,Electrical,Switchgear/Panels (Major),,30,3,Default,1,EA,,,Medium,,,
AST001110,Stony Creek ES,Fire Protection,Fire Alarm/Sprinklers (Major),,25,3,Default,1,EA,,,Medium,,,
AST001111,Stony Creek ES,Security,Access Control/Cameras (Major),,10,3,Default,1,EA,,,Medium,,,
AST001112,Stony Creek ES,Envelope,Facade/Cladding (Major),,40,3,Default,1,SF,,,Medium,,,
AST001113,Stony Creek ES,Windows,Window Replacement,,35,3,Default,1,SF,,,Medium,,,
AST001114,Stony Creek ES,Interiors,Flooring/Finishes (Major),,15,3,Default,1,SF,,,Medium,,,
AST001115,Stony Creek ES,Lighting,Interior Lighting Upgrade,,15,3,Default,1,SF,,,Medium,,,
AST001116,Stony Creek ES,Site,Playground/Site Hardscape,,20,3,Default,1,EA,,,Medium,,,
AST001117,Stony Creek ES,Hazmat,Abatement/Remediation Allowance,,,3,Default,1,SF,,,Medium,,,
AST001118,Stony Creek ES,ADA,Accessibility Compliance Allowance,,,3,Default,1,SF,,,Medium,,,
AST001119,Three Creeks K-8,Roof,Roof Membrane,,25,3,Default,1,SF,,,Medium,,,
AST001120,Three Creeks K-8,HVAC,RTU/Boiler-Chiller (Major),,20,3,Default,1,EA,,,Medium,,,
AST001121,Three Creeks K-8,Plumbing,Domestic Water/Fixtures (Major),,30,3,Default,1,EA,,,Medium,,,
AST001122,Three Creeks K-8,Electrical,Switchgear/Panels (Major),,30,3,Default,1,EA,,,Medium,,,
AST001123,Three Creeks K-8,Fire Protection,Fire Alarm/Sprinklers (Major),,25,3,Default,1,EA,,,Medium,,,
AST001124,Three Creeks K-8,Security,Access Control/Cameras (Major),,10,3,Default,1,EA,,,Medium,,,
AST001125,Three Creeks K-8,Envelope,Facade/Cladding (Major),,40,3,Default,1,SF,,,Medium,,,
AST001126,Three Creeks K-8,Windows,Window Replacement,,35,3,Default,1,SF,,,Medium,,,
AST001127,Three Creeks K-8,Interiors,Flooring/Finishes (Major),,15,3,Default,1,SF,,,Medium,,,
AST001128,Three Creeks K-8,Lighting,Interior Lighting Upgrade,,15,3,Default,1,SF,,,Medium,,,
AST001129,Three Creeks K-8,Site,Playground/Site Hardscape,,20,3,Default,1,EA,,,Medium,,,
AST001130,Three Creeks K-8,Hazmat,Abatement/Remediation Allowance,,,3,Default,1,SF,,,Medium,,,
AST001131,Three Creeks K-8,ADA,Accessibility Compliance Allowance,,,3,Default,1,SF,,,Medium,,,
AST001132,Litz Preschool,Roof,Roof Membrane,,25,3,Default,1,SF,,,Medium,,,
AST001133,Litz Preschool,HVAC,RTU/Boiler-Chiller (Major),,20,3,Default,1,EA,,,Medium,,,
AST001134,Litz Preschool,Plumbing,Domestic Water/Fixtures (Major),,30,3,Default,1,EA,,,Medium,,,
AST001135,Litz Preschool,Electrical,Switchgear/Panels (Major),,30,3,Default,1,EA,,,Medium,,,
AST001136,Litz Preschool,Fire Protection,Fire Alarm/Sprinklers (Major),,25,3,Default,1,EA,,,Medium,,,
AST001137,Litz Preschool,Security,Access Control/Cameras (Major),,10,3,Default,1,EA,,,Medium,,,
AST001138,Litz Preschool,Envelope,Facade/Cladding (Major),,40,3,Default,1,SF,,,Medium,,,
AST001139,Litz Preschool,Windows,Window Replacement,,35,3,Default,1,SF,,,Medium,,,
AST001140,Litz Preschool,Interiors,Flooring/Finishes (Major),,15,3,Default,1,SF,,,Medium,,,
AST001141,Litz Preschool,Lighting,Interior Lighting Upgrade,,15,3,Default,1,SF,,,Medium,,,
AST001142,Litz Preschool,Site,Playground/Site Hardscape,,20,3,Default,1,EA,,,Medium,,,
AST001143,Litz Preschool,Hazmat,Abatement/Remediation Allowance,,,3,Default,1,SF,,,Medium,,,
AST001144,Litz Preschool,ADA,Accessibility Compliance Allowance,,,3,Default,1,SF,,,Medium,,,
AST001145,Thomson ES,Roof,Roof Membrane,,25,3,Default,1,SF,,,Medium,,,
AST001146,Thomson ES,HVAC,RTU/Boiler-Chiller (Major),,20,3,Default,1,EA,,,Medium,,,
AST001147,Thomson ES,Plumbing,Domestic Water/Fixtures (Major),,30,3,Default,1,EA,,,Medium,,,
AST001148,Thomson ES,Electrical,Switchgear/Panels (Major),,30,3,Default,1,EA,,,Medium,,,
AST001149,Thomson ES,Fire Protection,Fire Alarm/Sprinklers (Major),,25,3,Default,1,EA,,,Medium,,,
AST001150,Thomson ES,Security,Access Control/Cameras (Major),,10,3,Default,1,EA,,,Medium,,,
AST001151,Thomson ES,Envelope,Facade/Cladding (Major),,40,3,Default,1,SF,,,Medium,,,
AST001152,Thomson ES,Windows,Window Replacement,,35,3,Default,1,SF,,,Medium,,,
AST001153,Thomson ES,Interiors,Flooring/Finishes (Major),,15,3,Default,1,SF,,,Medium,,,
AST001154,Thomson ES,Lighting,Interior Lighting Upgrade,,15,3,Default,1,SF,,,Medium,,,
AST001155,Thomson ES,Site,Playground/Site Hardscape,,20,3,Default,1,EA,,,Medium,,,
AST001156,Thomson ES,Hazmat,Abatement/Remediation Allowance,,,3,Default,1,SF,,,Medium,,,
AST001157,Thomson ES,ADA,Accessibility Compliance Allowance,,,3,Default,1,SF,,,Medium,,,
AST001158,Vanderhoof ES,Roof,Roof Membrane,,25,3,Default,1,SF,,,Medium,,,
AST001159,Vanderhoof ES,HVAC,RTU/Boiler-Chiller (Major),,20,3,Default,1,EA,,,Medium,,,
AST001160,Vanderhoof ES,Plumbing,Domestic Water/Fixtures (Major),,30,3,Default,1,EA,,,Medium,,,
AST001161,Vanderhoof ES,Electrical,Switchgear/Panels (Major),,30,3,Default,1,EA,,,Medium,,,
AST001162,Vanderhoof ES,Fire Protection,Fire Alarm/Sprinklers (Major),,25,3,Default,1,EA,,,Medium,,,
AST001163,Vanderhoof ES,Security,Access Control/Cameras (Major),,10,3,Default,1,EA,,,Medium,,,
AST001164,Vanderhoof ES,Envelope,Facade/Cladding (Major),,40,3,Default,1,SF,,,Medium,,,
AST001165,Vanderhoof ES,Windows,Window Replacement,,35,3,Default,1,SF,,,Medium,,,
AST001166,Vanderhoof ES,Interiors,Flooring/Finishes (Major),,15,3,Default,1,SF,,,Medium,,,
AST001167,Vanderhoof ES,Lighting,Interior Lighting Upgrade,,15,3,Default,1,SF,,,Medium,,,
AST001168,Vanderhoof ES,Site,Playground/Site Hardscape,,20,3,Default,1,EA,,,Medium,,,
AST001169,Vanderhoof ES,Hazmat,Abatement/Remediation Allowance,,,3,Default,1,SF,,,Medium,,,
AST001170,Vanderhoof ES,ADA,Accessibility Compliance Allowance,,,3,Default,1,SF,,,Medium,,,
AST001171,Van Arsdale ES,Roof,Roof Membrane,,25,3,Default,1,SF,,,Medium,,,
AST001172,Van Arsdale ES,HVAC,RTU/Boiler-Chiller (Major),,20,3,Default,1,EA,,,Medium,,,
AST001173,Van Arsdale ES,Plumbing,Domestic Water/Fixtures (Major),,30,3,Default,1,EA,,,Medium,,,
AST001174,Van Arsdale ES,Electrical,Switchgear/Panels (Major),,30,3,Default,1,EA,,,Medium,,,
AST001175,Van Arsdale ES,Fire Protection,Fire Alarm/Sprinklers (Major),,25,3,Default,1,EA,,,Medium,,,
AST001176,Van Arsdale ES,Security,Access Control/Cameras (Major),,10,3,Default,1,EA,,,Medium,,,
AST001177,Van Arsdale ES,Envelope,Facade/Cladding (Major),,40,3,Default,1,SF,,,Medium,,,
AST001178,Van Arsdale ES,Windows,Window Replacement,,35,3,Default,1,SF,,,Medium,,,
AST001179,Van Arsdale ES,Interiors,Flooring/Finishes (Major),,15,3,Default,1,SF,,,Medium,,,
AST001180,Van Arsdale ES,Lighting,Interior Lighting Upgrade,,15,3,Default,1,SF,,,Medium,,,
AST001181,Van Arsdale ES,Site,Playground/Site Hardscape,,20,3,Default,1,EA,,,Medium,,,
AST001182,Van Arsdale ES,Hazmat,Abatement/Remediation Allowance,,,3,Default,1,SF,,,Medium,,,
AST001183,Van Arsdale ES,ADA,Accessibility Compliance Allowance,,,3,Default,1,SF,,,Medium,,,
AST001184,Ute Meadows ES,Roof,Roof Membrane,,25,3,Default,1,SF,,,Medium,,,
AST001185,Ute Meadows ES,HVAC,RTU/Boiler-Chiller (Major),,20,3,Default,1,EA,,,Medium,,,
AST001186,Ute Meadows ES,Plumbing,Domestic Water/Fixtures (Major),,30,3,Default,1,EA,,,Medium,,,
AST001187,Ute Meadows ES,Electrical,Switchgear/Panels (Major),,30,3,Default,1,EA,,,Medium,,,
AST001188,Ute Meadows ES,Fire Protection,Fire Alarm/Sprinklers (Major),,25,3,Default,1,EA,,,Medium,,,
AST001189,Ute Meadows ES,Security,Access Control/Cameras (Major),,10,3,Default,1,EA,,,Medium,,,
AST001190,Ute Meadows ES,Envelope,Facade/Cladding (Major),,40,3,Default,1,SF,,,Medium,,,
AST001191,Ute Meadows ES,Windows,Window Replacement,,35,3,Default,1,SF,,,Medium,,,
AST001192,Ute Meadows ES,Interiors,Flooring/Finishes (Major),,15,3,Default,1,SF,,,Medium,,,
AST001193,Ute Meadows ES,Lighting,Interior Lighting Upgrade,,15,3,Default,1,SF,,,Medium,,,
AST001194,Ute Meadows ES,Site,Playground/Site Hardscape,,20,3,Default,1,EA,,,Medium,,,
AST001195,Ute Meadows ES,Hazmat,Abatement/Remediation Allowance,,,3,Default,1,SF,,,Medium,,,
AST001196,Ute Meadows ES,ADA,Accessibility Compliance Allowance,,,3,Default,1,SF,,,Medium,,,
AST001197,New Classical Academy at Vivian,Roof,Roof Membrane,,25,3,Default,1,SF,,,Medium,,,
AST001198,New Classical Academy at Vivian,HVAC,RTU/Boiler-Chiller (Major),,20,3,Default,1,EA,,,Medium,,,
AST001199,New Classical Academy at Vivian,Plumbing,Domestic Water/Fixtures (Major),,30,3,Default,1,EA,,,Medium,,,
AST001200,New Classical Academy at Vivian,Electrical,Switchgear/Panels (Major),,30,3,Default,1,EA,,,Medium,,,
AST001201,New Classical Academy at Vivian,Fire Protection,Fire Alarm/Sprinklers (Major),,25,3,Default,1,EA,,,Medium,,,
AST001202,New Classical Academy at Vivian,Security,Access Control/Cameras (Major),,10,3,Default,1,EA,,,Medium,,,
AST001203,New Classical Academy at Vivian,Envelope,Facade/Cladding (Major),,40,3,Default,1,SF,,,Medium,,,
AST001204,New Classical Academy at Vivian,Windows,Window Replacement,,35,3,Default,1,SF,,,Medium,,,
AST001205,New Classical Academy at Vivian,Interiors,Flooring/Finishes (Major),,15,3,Default,1,SF,,,Medium,,,
AST001206,New Classical Academy at Vivian,Lighting,Interior Lighting Upgrade,,15,3,Default,1,SF,,,Medium,,,
AST001207,New Classical Academy at Vivian,Site,Playground/Site Hardscape,,20,3,Default,1,EA,,,Medium,,,
AST001208,New Classical Academy at Vivian,Hazmat,Abatement/Remediation Allowance,,,3,Default,1,SF,,,Medium,,,
AST001209,New Classical Academy at Vivian,ADA,Accessibility Compliance Allowance,,,3,Default,1,SF,,,Medium,,,
AST001210,Warder ES,Roof,Roof Membrane,,25,3,Default,1,SF,,,Medium,,,
AST001211,Warder ES,HVAC,RTU/Boiler-Chiller (Major),,20,3,Default,1,EA,,,Medium,,,
AST001212,Warder ES,Plumbing,Domestic Water/Fixtures (Major),,30,3,Default,1,EA,,,Medium,,,
AST001213,Warder ES,Electrical,Switchgear/Panels (Major),,30,3,Default,1,EA,,,Medium,,,
AST001214,Warder ES,Fire Protection,Fire Alarm/Sprinklers (Major),,25,3,Default,1,EA,,,Medium,,,
AST001215,Warder ES,Security,Access Control/Cameras (Major),,10,3,Default,1,EA,,,Medium,,,
AST001216,Warder ES,Envelope,Facade/Cladding (Major),,40,3,Default,1,SF,,,Medium,,,
AST001217,Warder ES,Windows,Window Replacement,,35,3,Default,1,SF,,,Medium,,,
AST001218,Warder ES,Interiors,Flooring/Finishes (Major),,15,3,Default,1,SF,,,Medium,,,
AST001219,Warder ES,Lighting,Interior Lighting Upgrade,,15,3,Default,1,SF,,,Medium,,,
AST001220,Warder ES,Site,Playground/Site Hardscape,,20,3,Default,1,EA,,,Medium,,,
AST001221,Warder ES,Hazmat,Abatement/Remediation Allowance,,,3,Default,1,SF,,,Medium,,,
AST001222,Warder ES,ADA,Accessibility Compliance Allowance,,,3,Default,1,SF,,,Medium,,,
AST001223,Weber ES,Roof,Roof Membrane,,25,3,Default,1,SF,,,Medium,,,
AST001224,Weber ES,HVAC,RTU/Boiler-Chiller (Major),,20,3,Default,1,EA,,,Medium,,,
AST001225,Weber ES,Plumbing,Domestic Water/Fixtures (Major),,30,3,Default,1,EA,,,Medium,,,
AST001226,Weber ES,Electrical,Switchgear/Panels (Major),,30,3,Default,1,EA,,,Medium,,,
AST001227,Weber ES,Fire Protection,Fire Alarm/Sprinklers (Major),,25,3,Default,1,EA,,,Medium,,,
AST001228,Weber ES,Security,Access Control/Cameras (Major),,10,3,Default,1,EA,,,Medium,,,
AST001229,Weber ES,Envelope,Facade/Cladding (Major),,40,3,Default,1,SF,,,Medium,,,
AST001230,Weber ES,Windows,Window Replacement,,35,3,Default,1,SF,,,Medium,,,
AST001231,Weber ES,Interiors,Flooring/Finishes (Major),,15,3,Default,1,SF,,,Medium,,,
AST001232,Weber ES,Lighting,Interior Lighting Upgrade,,15,3,Default,1,SF,,,Medium,,,
AST001233,Weber ES,Site,Playground/Site Hardscape,,20,3,Default,1,EA,,,Medium,,,
AST001234,Weber ES,Hazmat,Abatement/Remediation Allowance,,,3,Default,1,SF,,,Medium,,,
AST001235,Weber ES,ADA,Accessibility Compliance Allowance,,,3,Default,1,SF,,,Medium,,,
AST001236,Welchester ES,Roof,Roof Membrane,,25,3,Default,1,SF,,,Medium,,,
AST001237,Welchester ES,HVAC,RTU/Boiler-Chiller (Major),,20,3,Default,1,EA,,,Medium,,,
AST001238,Welchester ES,Plumbing,Domestic Water/Fixtures (Major),,30,3,Default,1,EA,,,Medium,,,
AST001239,Welchester ES,Electrical,Switchgear/Panels (Major),,30,3,Default,1,EA,,,Medium,,,
AST001240,Welchester ES,Fire Protection,Fire Alarm/Sprinklers (Major),,25,3,Default,1,EA,,,Medium,,,
AST001241,Welchester ES,Security,Access Control/Cameras (Major),,10,3,Default,1,EA,,,Medium,,,
AST001242,Welchester ES,Envelope,Facade/Cladding (Major),,40,3,Default,1,SF,,,Medium,,,
AST001243,Welchester ES,Windows,Window Replacement,,35,3,Default,1,SF,,,Medium,,,
AST001244,Welchester ES,Interiors,Flooring/Finishes (Major),,15,3,Default,1,SF,,,Medium,,,
AST001245,Welchester ES,Lighting,Interior Lighting Upgrade,,15,3,Default,1,SF,,,Medium,,,
AST001246,Welchester ES,Site,Playground/Site Hardscape,,20,3,Default,1,EA,,,Medium,,,
AST001247,Welchester ES,Hazmat,Abatement/Remediation Allowance,,,3,Default,1,SF,,,Medium,,,
AST001248,Welchester ES,ADA,Accessibility Compliance Allowance,,,3,Default,1,SF,,,Medium,,,
AST001249,Westgate ES,Roof,Roof Membrane,,25,3,Default,1,SF,,,Medium,,,
AST001250,Westgate ES,HVAC,RTU/Boiler-Chiller (Major),,20,3,Default,1,EA,,,Medium,,,
AST001251,Westgate ES,Plumbing,Domestic Water/Fixtures (Major),,30,3,Default,1,EA,,,Medium,,,
AST001252,Westgate ES,Electrical,Switchgear/Panels (Major),,30,3,Default,1,EA,,,Medium,,,
AST001253,Westgate ES,Fire Protection,Fire Alarm/Sprinklers (Major),,25,3,Default,1,EA,,,Medium,,,
AST001254,Westgate ES,Security,Access Control/Cameras (Major),,10,3,Default,1,EA,,,Medium,,,
AST001255,Westgate ES,Envelope,Facade/Cladding (Major),,40,3,Default,1,SF,,,Medium,,,
AST001256,Westgate ES,Windows,Window Replacement,,35,3,Default,1,SF,,,Medium,,,
AST001257,Westgate ES,Interiors,Flooring/Finishes (Major),,15,3,Default,1,SF,,,Medium,,,
AST001258,Westgate ES,Lighting,Interior Lighting Upgrade,,15,3,Default,1,SF,,,Medium,,,
AST001259,Westgate ES,Site,Playground/Site Hardscape,,20,3,Default,1,EA,,,Medium,,,
AST001260,Westgate ES,Hazmat,Abatement/Remediation Allowance,,,3,Default,1,SF,,,Medium,,,
AST001261,Westgate ES,ADA,Accessibility Compliance Allowance,,,3,Default,1,SF,,,Medium,,,
AST001262,West Jefferson ES,Roof,Roof Membrane,,25,3,Default,1,SF,,,Medium,,,
AST001263,West Jefferson ES,HVAC,RTU/Boiler-Chiller (Major),,20,3,Default,1,EA,,,Medium,,,
AST001264,West Jefferson ES,Plumbing,Domestic Water/Fixtures (Major),,30,3,Default,1,EA,,,Medium,,,
AST001265,West Jefferson ES,Electrical,Switchgear/Panels (Major),,30,3,Default,1,EA,,,Medium,,,
AST001266,West Jefferson ES,Fire Protection,Fire Alarm/Sprinklers (Major),,25,3,Default,1,EA,,,Medium,,,
AST001267,West Jefferson ES,Security,Access Control/Cameras (Major),,10,3,Default,1,EA,,,Medium,,,
AST001268,West Jefferson ES,Envelope,Facade/Cladding (Major),,40,3,Default,1,SF,,,Medium,,,
AST001269,West Jefferson ES,Windows,Window Replacement,,35,3,Default,1,SF,,,Medium,,,
AST001270,West Jefferson ES,Interiors,Flooring/Finishes (Major),,15,3,Default,1,SF,,,Medium,,,
AST001271,West Jefferson ES,Lighting,Interior Lighting Upgrade,,15,3,Default,1,SF,,,Medium,,,
AST001272,West Jefferson ES,Site,Playground/Site Hardscape,,20,3,Default,1,EA,,,Medium,,,
AST001273,West Jefferson ES,Hazmat,Abatement/Remediation Allowance,,,3,Default,1,SF,,,Medium,,,
AST001274,West Jefferson ES,ADA,Accessibility Compliance Allowance,,,3,Default,1,SF,,,Medium,,,
AST001275,Westridge ES,Roof,Roof Membrane,,25,3,Default,1,SF,,,Medium,,,
AST001276,Westridge ES,HVAC,RTU/Boiler-Chiller (Major),,20,3,Default,1,EA,,,Medium,,,
AST001277,Westridge ES,Plumbing,Domestic Water/Fixtures (Major),,30,3,Default,1,EA,,,Medium,,,
AST001278,Westridge ES,Electrical,Switchgear/Panels (Major),,30,3,Default,1,EA,,,Medium,,,
AST001279,Westridge ES,Fire Protection,Fire Alarm/Sprinklers (Major),,25,3,Default,1,EA,,,Medium,,,
AST001280,Westridge ES,Security,Access Control/Cameras (Major),,10,3,Default,1,EA,,,Medium,,,
AST001281,Westridge ES,Envelope,Facade/Cladding (Major),,40,3,Default,1,SF,,,Medium,,,
AST001282,Westridge ES,Windows,Window Replacement,,35,3,Default,1,SF,,,Medium,,,
AST001283,Westridge ES,Interiors,Flooring/Finishes (Major),,15,3,Default,1,SF,,,Medium,,,
AST001284,Westridge ES,Lighting,Interior Lighting Upgrade,,15,3,Default,1,SF,,,Medium,,,
AST001285,Westridge ES,Site,Playground/Site Hardscape,,20,3,Default,1,EA,,,Medium,,,
AST001286,Westridge ES,Hazmat,Abatement/Remediation Allowance,,,3,Default,1,SF,,,Medium,,,
AST001287,Westridge ES,ADA,Accessibility Compliance Allowance,,,3,Default,1,SF,,,Medium,,,
AST001288,West Woods ES,Roof,Roof Membrane,,25,3,Default,1,SF,,,Medium,,,
AST001289,West Woods ES,HVAC,RTU/Boiler-Chiller (Major),,20,3,Default,1,EA,,,Medium,,,
AST001290,West Woods ES,Plumbing,Domestic Water/Fixtures (Major),,30,3,Default,1,EA,,,Medium,,,
AST001291,West Woods ES,Electrical,Switchgear/Panels (Major),,30,3,Default,1,EA,,,Medium,,,
AST001292,West Woods ES,Fire Protection,Fire Alarm/Sprinklers (Major),,25,3,Default,1,EA,,,Medium,,,
AST001293,West Woods ES,Security,Access Control/Cameras (Major),,10,3,Default,1,EA,,,Medium,,,
AST001294,West Woods ES,Envelope,Facade/Cladding (Major),,40,3,Default,1,SF,,,Medium,,,
AST001295,West Woods ES,Windows,Window Replacement,,35,3,Default,1,SF,,,Medium,,,
AST001296,West Woods ES,Interiors,Flooring/Finishes (Major),,15,3,Default,1,SF,,,Medium,,,
AST001297,West Woods ES,Lighting,Interior Lighting Upgrade,,15,3,Default,1,SF,,,Medium,,,
AST001298,West Woods ES,Site,Playground/Site Hardscape,,20,3,Default,1,EA,,,Medium,,,
AST001299,West Woods ES,Hazmat,Abatement/Remediation Allowance,,,3,Default,1,SF,,,Medium,,,
AST001300,West Woods ES,ADA,Accessibility Compliance Allowance,,,3,Default,1,SF,,,Medium,,,
AST001301,Wilmore-Davis ES,Roof,Roof Membrane,,25,3,Default,1,SF,,,Medium,,,
AST001302,Wilmore-Davis ES,HVAC,RTU/Boiler-Chiller (Major),,20,3,Default,1,EA,,,Medium,,,
AST001303,Wilmore-Davis ES,Plumbing,Domestic Water/Fixtures (Major),,30,3,Default,1,EA,,,Medium,,,
AST001304,Wilmore-Davis ES,Electrical,Switchgear/Panels (Major),,30,3,Default,1,EA,,,Medium,,,
AST001305,Wilmore-Davis ES,Fire Protection,Fire Alarm/Sprinklers (Major),,25,3,Default,1,EA,,,Medium,,,
AST001306,Wilmore-Davis ES,Security,Access Control/Cameras (Major),,10,3,Default,1,EA,,,Medium,,,
AST001307,Wilmore-Davis ES,Envelope,Facade/Cladding (Major),,40,3,Default,1,SF,,,Medium,,,
AST001308,Wilmore-Davis ES,Windows,Window Replacement,,35,3,Default,1,SF,,,Medium,,,
AST001309,Wilmore-Davis ES,Interiors,Flooring/Finishes (Major),,15,3,Default,1,SF,,,Medium,,,
AST001310,Wilmore-Davis ES,Lighting,Interior Lighting Upgrade,,15,3,Default,1,SF,,,Medium,,,
AST001311,Wilmore-Davis ES,Site,Playground/Site Hardscape,,20,3,Default,1,EA,,,Medium,,,
AST001312,Wilmore-Davis ES,Hazmat,Abatement/Remediation Allowance,,,3,Default,1,SF,,,Medium,,,
AST001313,Wilmore-Davis ES,ADA,Accessibility Compliance Allowance,,,3,Default,1,SF,,,Medium,,,
AST001314,Wilmot ES,Roof,Roof Membrane,,25,3,Default,1,SF,,,Medium,,,
AST001315,Wilmot ES,HVAC,RTU/Boiler-Chiller (Major),,20,3,Default,1,EA,,,Medium,,,
AST001316,Wilmot ES,Plumbing,Domestic Water/Fixtures (Major),,30,3,Default,1,EA,,,Medium,,,
AST001317,Wilmot ES,Electrical,Switchgear/Panels (Major),,30,3,Default,1,EA,,,Medium,,,
AST001318,Wilmot ES,Fire Protection,Fire Alarm/Sprinklers (Major),,25,3,Default,1,EA,,,Medium,,,
AST001319,Wilmot ES,Security,Access Control/Cameras (Major),,10,3,Default,1,EA,,,Medium,,,
AST001320,Wilmot ES,Envelope,Facade/Cladding (Major),,40,3,Default,1,SF,,,Medium,,,
AST001321,Wilmot ES,Windows,Window Replacement,,35,3,Default,1,SF,,,Medium,,,
AST001322,Wilmot ES,Interiors,Flooring/Finishes (Major),,15,3,Default,1,SF,,,Medium,,,
AST001323,Wilmot ES,Lighting,Interior Lighting Upgrade,,15,3,Default,1,SF,,,Medium,,,
AST001324,Wilmot ES,Site,Playground/Site Hardscape,,20,3,Default,1,EA,,,Medium,,,
AST001325,Wilmot ES,Hazmat,Abatement/Remediation Allowance,,,3,Default,1,SF,,,Medium,,,
AST001326,Wilmot ES,ADA,Accessibility Compliance Allowance,,,3,Default,1,SF,,,Medium,,,
AST001327,Witt ES,Roof,Roof Membrane,,25,3,Default,1,SF,,,Medium,,,
AST001328,Witt ES,HVAC,RTU/Boiler-Chiller (Major),,20,3,Default,1,EA,,,Medium,,,
AST001329,Witt ES,Plumbing,Domestic Water/Fixtures (Major),,30,3,Default,1,EA,,,Medium,,,
AST001330,Witt ES,Electrical,Switchgear/Panels (Major),,30,3,Default,1,EA,,,Medium,,,
AST001331,Witt ES,Fire Protection,Fire Alarm/Sprinklers (Major),,25,3,Default,1,EA,,,Medium,,,
AST001332,Witt ES,Security,Access Control/Cameras (Major),,10,3,Default,1,EA,,,Medium,,,
AST001333,Witt ES,Envelope,Facade/Cladding (Major),,40,3,Default,1,SF,,,Medium,,,
AST001334,Witt ES,Windows,Window Replacement,,35,3,Default,1,SF,,,Medium,,,
AST001335,Witt ES,Interiors,Flooring/Finishes (Major),,15,3,Default,1,SF,,,Medium,,,
AST001336,Witt ES,Lighting,Interior Lighting Upgrade,,15,3,Default,1,SF,,,Medium,,,
AST001337,Witt ES,Site,Playground/Site Hardscape,,20,3,Default,1,EA,,,Medium,,,
AST001338,Witt ES,Hazmat,Abatement/Remediation Allowance,,,3,Default,1,SF,,,Medium,,,
AST001339,Witt ES,ADA,Accessibility Compliance Allowance,,,3,Default,1,SF,,,Medium,,,
AST001340,Zerger ES,Roof,Roof Membrane,,25,3,Default,1,SF,,,Medium,,,
AST001341,Zerger ES,HVAC,RTU/Boiler-Chiller (Major),,20,3,Default,1,EA,,,Medium,,,
AST001342,Zerger ES,Plumbing,Domestic Water/Fixtures (Major),,30,3,Default,1,EA,,,Medium,,,
AST001343,Zerger ES,Electrical,Switchgear/Panels (Major),,30,3,Default,1,EA,,,Medium,,,
AST001344,Zerger ES,Fire Protection,Fire Alarm/Sprinklers (Major),,25,3,Default,1,EA,,,Medium,,,
AST001345,Zerger ES,Security,Access Control/Cameras (Major),,10,3,Default,1,EA,,,Medium,,,
AST001346,Zerger ES,Envelope,Facade/Cladding (Major),,40,3,Default,1,SF,,,Medium,,,
AST001347,Zerger ES,Windows,Window Replacement,,35,3,Default,1,SF,,,Medium,,,
AST001348,Zerger ES,Interiors,Flooring/Finishes (Major),,15,3,Default,1,SF,,,Medium,,,
AST001349,Zerger ES,Lighting,Interior Lighting Upgrade,,15,3,Default,1,SF,,,Medium,,,
AST001350,Zerger ES,Site,Playground/Site Hardscape,,20,3,Default,1,EA,,,Medium,,,
AST001351,Zerger ES,Hazmat,Abatement/Remediation Allowance,,,3,Default,1,SF,,,Medium,,,
AST001352,Zerger ES,ADA,Accessibility Compliance Allowance,,,3,Default,1,SF,,,Medium,,,
AST001353,Brady Exploration School,Roof,Roof Membrane,,25,3,Default,1,SF,,,Medium,,,
AST001354,Brady Exploration School,HVAC,RTU/Boiler-Chiller (Major),,20,3,Default,1,EA,,,Medium,,,
AST001355,Brady Exploration School,Plumbing,Domestic Water/Fixtures (Major),,30,3,Default,1,EA,,,Medium,,,
AST001356,Brady Exploration School,Electrical,Switchgear/Panels (Major),,30,3,Default,1,EA,,,Medium,,,
AST001357,Brady Exploration School,Fire Protection,Fire Alarm/Sprinklers (Major),,25,3,Default,1,EA,,,Medium,,,
AST001358,Brady Exploration School,Security,Access Control/Cameras (Major),,10,3,Default,1,EA,,,Medium,,,
AST001359,Brady Exploration School,Envelope,Facade/Cladding (Major),,40,3,Default,1,SF,,,Medium,,,
AST001360,Brady Exploration School,Windows,Window Replacement,,35,3,Default,1,SF,,,Medium,,,
AST001361,Brady Exploration School,Interiors,Flooring/Finishes (Major),,15,3,Default,1,SF,,,Medium,,,
AST001362,Brady Exploration School,Lighting,Interior Lighting Upgrade,,15,3,Default,1,SF,,,Medium,,,
AST001363,Brady Exploration School,Site,Playground/Site Hardscape,,20,3,Default,1,EA,,,Medium,,,
AST001364,Brady Exploration School,Hazmat,Abatement/Remediation Allowance,,,3,Default,1,SF,,,Medium,,,
AST001365,Brady Exploration School,ADA,Accessibility Compliance Allowance,,,3,Default,1,SF,,,Medium,,,
AST001366,Dennison ES,Roof,Roof Membrane,,25,3,Default,1,SF,,,Medium,,,
AST001367,Dennison ES,HVAC,RTU/Boiler-Chiller (Major),,20,3,Default,1,EA,,,Medium,,,
AST001368,Dennison ES,Plumbing,Domestic Water/Fixtures (Major),,30,3,Default,1,EA,,,Medium,,,
AST001369,Dennison ES,Electrical,Switchgear/Panels (Major),,30,3,Default,1,EA,,,Medium,,,
AST001370,Dennison ES,Fire Protection,Fire Alarm/Sprinklers (Major),,25,3,Default,1,EA,,,Medium,,,
AST001371,Dennison ES,Security,Access Control/Cameras (Major),,10,3,Default,1,EA,,,Medium,,,
AST001372,Dennison ES,Envelope,Facade/Cladding (Major),,40,3,Default,1,SF,,,Medium,,,
AST001373,Dennison ES,Windows,Window Replacement,,35,3,Default,1,SF,,,Medium,,,
AST001374,Dennison ES,Interiors,Flooring/Finishes (Major),,15,3,Default,1,SF,,,Medium,,,
AST001375,Dennison ES,Lighting,Interior Lighting Upgrade,,15,3,Default,1,SF,,,Medium,,,
AST001376,Dennison ES,Site,Playground/Site Hardscape,,20,3,Default,1,EA,,,Medium,,,
AST001377,Dennison ES,Hazmat,Abatement/Remediation Allowance,,,3,Default,1,SF,,,Medium,,,
AST001378,Dennison ES,ADA,Accessibility Compliance Allowance,,,3,Default,1,SF,,,Medium,,,
AST001379,D'Evelyn Jr-Sr HS,Roof,Roof Membrane,,25,3,Default,1,SF,,,Medium,,,
AST001380,D'Evelyn Jr-Sr HS,HVAC,RTU/Boiler-Chiller (Major),,20,3,Default,1,EA,,,Medium,,,
AST001381,D'Evelyn Jr-Sr HS,Plumbing,Domestic Water/Fixtures (Major),,30,3,Default,1,EA,,,Medium,,,
AST001382,D'Evelyn Jr-Sr HS,Electrical,Switchgear/Panels (Major),,30,3,Default,1,EA,,,Medium,,,
AST001383,D'Evelyn Jr-Sr HS,Fire Protection,Fire Alarm/Sprinklers (Major),,25,3,Default,1,EA,,,Medium,,,
AST001384,D'Evelyn Jr-Sr HS,Security,Access Control/Cameras (Major),,10,3,Default,1,EA,,,Medium,,,
AST001385,D'Evelyn Jr-Sr HS,Envelope,Facade/Cladding (Major),,40,3,Default,1,SF,,,Medium,,,
AST001386,D'Evelyn Jr-Sr HS,Windows,Window Replacement,,35,3,Default,1,SF,,,Medium,,,
AST001387,D'Evelyn Jr-Sr HS,Interiors,Flooring/Finishes (Major),,15,3,Default,1,SF,,,Medium,,,
AST001388,D'Evelyn Jr-Sr HS,Lighting,Interior Lighting Upgrade,,15,3,Default,1,SF,,,Medium,,,
AST001389,D'Evelyn Jr-Sr HS,Site,Playground/Site Hardscape,,20,3,Default,1,EA,,,Medium,,,
AST001390,D'Evelyn Jr-Sr HS,Hazmat,Abatement/Remediation Allowance,,,3,Default,1,SF,,,Medium,,,
AST001391,D'Evelyn Jr-Sr HS,ADA,Accessibility Compliance Allowance,,,3,Default,1,SF,,,Medium,,,
AST001392,Johnson Planetarium,Roof,Roof Membrane,,25,3,Default,1,SF,,,Medium,,,
AST001393,Johnson Planetarium,HVAC,RTU/Boiler-Chiller (Major),,20,3,Default,1,EA,,,Medium,,,
AST001394,Johnson Planetarium,Plumbing,Domestic Water/Fixtures (Major),,30,3,Default,1,EA,,,Medium,,,
AST001395,Johnson Planetarium,Electrical,Switchgear/Panels (Major),,30,3,Default,1,EA,,,Medium,,,
AST001396,Johnson Planetarium,Fire Protection,Fire Alarm/Sprinklers (Major),,25,3,Default,1,EA,,,Medium,,,
AST001397,Johnson Planetarium,Security,Access Control/Cameras (Major),,10,3,Default,1,EA,,,Medium,,,
AST001398,Johnson Planetarium,Envelope,Facade/Cladding (Major),,40,3,Default,1,SF,,,Medium,,,
AST001399,Johnson Planetarium,Windows,Window Replacement,,35,3,Default,1,SF,,,Medium,,,
AST001400,Johnson Planetarium,Interiors,Flooring/Finishes (Major),,15,3,Default,1,SF,,,Medium,,,
AST001401,Johnson Planetarium,Lighting,Interior Lighting Upgrade,,15,3,Default,1,SF,,,Medium,,,
AST001402,Johnson Planetarium,Site,Playground/Site Hardscape,,20,3,Default,1,EA,,,Medium,,,
AST001403,Johnson Planetarium,Hazmat,Abatement/Remediation Allowance,,,3,Default,1,SF,,,Medium,,,
AST001404,Johnson Planetarium,ADA,Accessibility Compliance Allowance,,,3,Default,1,SF,,,Medium,,,
AST001405,Manning School,Roof,Roof Membrane,,25,3,Default,1,SF,,,Medium,,,
AST001406,Manning School,HVAC,RTU/Boiler-Chiller (Major),,20,3,Default,1,EA,,,Medium,,,
AST001407,Manning School,Plumbing,Domestic Water/Fixtures (Major),,30,3,Default,1,EA,,,Medium,,,
AST001408,Manning School,Electrical,Switchgear/Panels (Major),,30,3,Default,1,EA,,,Medium,,,
AST001409,Manning School,Fire Protection,Fire Alarm/Sprinklers (Major),,25,3,Default,1,EA,,,Medium,,,
AST001410,Manning School,Security,Access Control/Cameras (Major),,10,3,Default,1,EA,,,Medium,,,
AST001411,Manning School,Envelope,Facade/Cladding (Major),,40,3,Default,1,SF,,,Medium,,,
AST001412,Manning School,Windows,Window Replacement,,35,3,Default,1,SF,,,Medium,,,
AST001413,Manning School,Interiors,Flooring/Finishes (Major),,15,3,Default,1,SF,,,Medium,,,
AST001414,Manning School,Lighting,Interior Lighting Upgrade,,15,3,Default,1,SF,,,Medium,,,
AST001415,Manning School,Site,Playground/Site Hardscape,,20,3,Default,1,EA,,,Medium,,,
AST001416,Manning School,Hazmat,Abatement/Remediation Allowance,,,3,Default,1,SF,,,Medium,,,
AST001417,Manning School,ADA,Accessibility Compliance Allowance,,,3,Default,1,SF,,,Medium,,,
AST001418,McLain Community HS,Roof,Roof Membrane,,25,3,Default,1,SF,,,Medium,,,
AST001419,McLain Community HS,HVAC,RTU/Boiler-Chiller (Major),,20,3,Default,1,EA,,,Medium,,,
AST001420,McLain Community HS,Plumbing,Domestic Water/Fixtures (Major),,30,3,Default,1,EA,,,Medium,,,
AST001421,McLain Community HS,Electrical,Switchgear/Panels (Major),,30,3,Default,1,EA,,,Medium,,,
AST001422,McLain Community HS,Fire Protection,Fire Alarm/Sprinklers (Major),,25,3,Default,1,EA,,,Medium,,,
AST001423,McLain Community HS,Security,Access Control/Cameras (Major),,10,3,Default,1,EA,,,Medium,,,
AST001424,McLain Community HS,Envelope,Facade/Cladding (Major),,40,3,Default,1,SF,,,Medium,,,
AST001425,McLain Community HS,Windows,Window Replacement,,35,3,Default,1,SF,,,Medium,,,
AST001426,McLain Community HS,Interiors,Flooring/Finishes (Major),,15,3,Default,1,SF,,,Medium,,,
AST001427,McLain Community HS,Lighting,Interior Lighting Upgrade,,15,3,Default,1,SF,,,Medium,,,
AST001428,McLain Community HS,Site,Playground/Site Hardscape,,20,3,Default,1,EA,,,Medium,,,
AST001429,McLain Community HS,Hazmat,Abatement/Remediation Allowance,,,3,Default,1,SF,,,Medium,,,
AST001430,McLain Community HS,ADA,Accessibility Compliance Allowance,,,3,Default,1,SF,,,Medium,,,
AST001431,Jeffco Open School,Roof,Roof Membrane,,25,3,Default,1,SF,,,Medium,,,
AST001432,Jeffco Open School,HVAC,RTU/Boiler-Chiller (Major),,20,3,Default,1,EA,,,Medium,,,
AST001433,Jeffco Open School,Plumbing,Domestic Water/Fixtures (Major),,30,3,Default,1,EA,,,Medium,,,
AST001434,Jeffco Open School,Electrical,Switchgear/Panels (Major),,30,3,Default,1,EA,,,Medium,,,
AST001435,Jeffco Open School,Fire Protection,Fire Alarm/Sprinklers (Major),,25,3,Default,1,EA,,,Medium,,,
AST001436,Jeffco Open School,Security,Access Control/Cameras (Major),,10,3,Default,1,EA,,,Medium,,,
AST001437,Jeffco Open School,Envelope,Facade/Cladding (Major),,40,3,Default,1,SF,,,Medium,,,
AST001438,Jeffco Open School,Windows,Window Replacement,,35,3,Default,1,SF,,,Medium,,,
AST001439,Jeffco Open School,Interiors,Flooring/Finishes (Major),,15,3,Default,1,SF,,,Medium,,,
AST001440,Jeffco Open School,Lighting,Interior Lighting Upgrade,,15,3,Default,1,SF,,,Medium,,,
AST001441,Jeffco Open School,Site,Playground/Site Hardscape,,20,3,Default,1,EA,,,Medium,,,
AST001442,Jeffco Open School,Hazmat,Abatement/Remediation Allowance,,,3,Default,1,SF,,,Medium,,,
AST001443,Jeffco Open School,ADA,Accessibility Compliance Allowance,,,3,Default,1,SF,,,Medium,,,
AST001444,Fletcher Miller Special School,Roof,Roof Membrane,,25,3,Default,1,SF,,,Medium,,,
AST001445,Fletcher Miller Special School,HVAC,RTU/Boiler-Chiller (Major),,20,3,Default,1,EA,,,Medium,,,
AST001446,Fletcher Miller Special School,Plumbing,Domestic Water/Fixtures (Major),,30,3,Default,1,EA,,,Medium,,,
AST001447,Fletcher Miller Special School,Electrical,Switchgear/Panels (Major),,30,3,Default,1,EA,,,Medium,,,
AST001448,Fletcher Miller Special School,Fire Protection,Fire Alarm/Sprinklers (Major),,25,3,Default,1,EA,,,Medium,,,
AST001449,Fletcher Miller Special School,Security,Access Control/Cameras (Major),,10,3,Default,1,EA,,,Medium,,,
AST001450,Fletcher Miller Special School,Envelope,Facade/Cladding (Major),,40,3,Default,1,SF,,,Medium,,,
AST001451,Fletcher Miller Special School,Windows,Window Replacement,,35,3,Default,1,SF,,,Medium,,,
AST001452,Fletcher Miller Special School,Interiors,Flooring/Finishes (Major),,15,3,Default,1,SF,,,Medium,,,
AST001453,Fletcher Miller Special School,Lighting,Interior Lighting Upgrade,,15,3,Default,1,SF,,,Medium,,,
AST001454,Fletcher Miller Special School,Site,Playground/Site Hardscape,,20,3,Default,1,EA,,,Medium,,,
AST001455,Fletcher Miller Special School,Hazmat,Abatement/Remediation Allowance,,,3,Default,1,SF,,,Medium,,,
AST001456,Fletcher Miller Special School,ADA,Accessibility Compliance Allowance,,,3,Default,1,SF,,,Medium,,,
AST001457,Addenbrooke Classical Academy,Roof,Roof Membrane,,25,3,Default,1,SF,,,Medium,,,
AST001458,Addenbrooke Classical Academy,HVAC,RTU/Boiler-Chiller (Major),,20,3,Default,1,EA,,,Medium,,,
AST001459,Addenbrooke Classical Academy,Plumbing,Domestic Water/Fixtures (Major),,30,3,Default,1,EA,,,Medium,,,
AST001460,Addenbrooke Classical Academy,Electrical,Switchgear/Panels (Major),,30,3,Default,1,EA,,,Medium,,,
AST001461,Addenbrooke Classical Academy,Fire Protection,Fire Alarm/Sprinklers (Major),,25,3,Default,1,EA,,,Medium,,,
AST001462,Addenbrooke Classical Academy,Security,Access Control/Cameras (Major),,10,3,Default,1,EA,,,Medium,,,
AST001463,Addenbrooke Classical Academy,Envelope,Facade/Cladding (Major),,40,3,Default,1,SF,,,Medium,,,
AST001464,Addenbrooke Classical Academy,Windows,Window Replacement,,35,3,Default,1,SF,,,Medium,,,
AST001465,Addenbrooke Classical Academy,Interiors,Flooring/Finishes (Major),,15,3,Default,1,SF,,,Medium,,,
AST001466,Addenbrooke Classical Academy,Lighting,Interior Lighting Upgrade,,15,3,Default,1,SF,,,Medium,,,
AST001467,Addenbrooke Classical Academy,Site,Playground/Site Hardscape,,20,3,Default,1,EA,,,Medium,,,
AST001468,Addenbrooke Classical Academy,Hazmat,Abatement/Remediation Allowance,,,3,Default,1,SF,,,Medium,,,
AST001469,Addenbrooke Classical Academy,ADA,Accessibility Compliance Allowance,,,3,Default,1,SF,,,Medium,,,
AST001470,Addenbrooke Classical Academy.1,Roof,Roof Membrane,,25,3,Default,1,SF,,,Medium,,,
AST001471,Addenbrooke Classical Academy.1,HVAC,RTU/Boiler-Chiller (Major),,20,3,Default,1,EA,,,Medium,,,
AST001472,Addenbrooke Classical Academy.1,Plumbing,Domestic Water/Fixtures (Major),,30,3,Default,1,EA,,,Medium,,,
AST001473,Addenbrooke Classical Academy.1,Electrical,Switchgear/Panels (Major),,30,3,Default,1,EA,,,Medium,,,
AST001474,Addenbrooke Classical Academy.1,Fire Protection,Fire Alarm/Sprinklers (Major),,25,3,Default,1,EA,,,Medium,,,
AST001475,Addenbrooke Classical Academy.1,Security,Access Control/Cameras (Major),,10,3,Default,1,EA,,,Medium,,,
AST001476,Addenbrooke Classical Academy.1,Envelope,Facade/Cladding (Major),,40,3,Default,1,SF,,,Medium,,,
AST001477,Addenbrooke Classical Academy.1,Windows,Window Replacement,,35,3,Default,1,SF,,,Medium,,,
AST001478,Addenbrooke Classical Academy.1,Interiors,Flooring/Finishes (Major),,15,3,Default,1,SF,,,Medium,,,
AST001479,Addenbrooke Classical Academy.1,Lighting,Interior Lighting Upgrade,,15,3,Default,1,SF,,,Medium,,,
AST001480,Addenbrooke Classical Academy.1,Site,Playground/Site Hardscape,,20,3,Default,1,EA,,,Medium,,,
AST001481,Addenbrooke Classical Academy.1,Hazmat,Abatement/Remediation Allowance,,,3,Default,1,SF,,,Medium,,,
AST001482,Addenbrooke Classical Academy.1,ADA,Accessibility Compliance Allowance,,,3,Default,1,SF,,,Medium,,,
AST001483,Two Roads - Arvada,Roof,Roof Membrane,,25,3,Default,1,SF,,,Medium,,,
AST001484,Two Roads - Arvada,HVAC,RTU/Boiler-Chiller (Major),,20,3,Default,1,EA,,,Medium,,,
AST001485,Two Roads - Arvada,Plumbing,Domestic Water/Fixtures (Major),,30,3,Default,1,EA,,,Medium,,,
AST001486,Two Roads - Arvada,Electrical,Switchgear/Panels (Major),,30,3,Default,1,EA,,,Medium,,,
AST001487,Two Roads - Arvada,Fire Protection,Fire Alarm/Sprinklers (Major),,25,3,Default,1,EA,,,Medium,,,
AST001488,Two Roads - Arvada,Security,Access Control/Cameras (Major),,10,3,Default,1,EA,,,Medium,,,
AST001489,Two Roads - Arvada,Envelope,Facade/Cladding (Major),,40,3,Default,1,SF,,,Medium,,,
AST001490,Two Roads - Arvada,Windows,Window Replacement,,35,3,Default,1,SF,,,Medium,,,
AST001491,Two Roads - Arvada,Interiors,Flooring/Finishes (Major),,15,3,Default,1,SF,,,Medium,,,
AST001492,Two Roads - Arvada,Lighting,Interior Lighting Upgrade,,15,3,Default,1,SF,,,Medium,,,
AST001493,Two Roads - Arvada,Site,Playground/Site Hardscape,,20,3,Default,1,EA,,,Medium,,,
AST001494,Two Roads - Arvada,Hazmat,Abatement/Remediation Allowance,,,3,Default,1,SF,,,Medium,,,
AST001495,Two Roads - Arvada,ADA,Accessibility Compliance Allowance,,,3,Default,1,SF,,,Medium,,,
AST001496,Mountain Phoenix Community School,Roof,Roof Membrane,,25,3,Default,1,SF,,,Medium,,,
AST001497,Mountain Phoenix Community School,HVAC,RTU/Boiler-Chiller (Major),,20,3,Default,1,EA,,,Medium,,,
AST001498,Mountain Phoenix Community School,Plumbing,Domestic Water/Fixtures (Major),,30,3,Default,1,EA,,,Medium,,,
AST001499,Mountain Phoenix Community School,Electrical,Switchgear/Panels (Major),,30,3,Default,1,EA,,,Medium,,,
AST001500,Mountain Phoenix Community School,Fire Protection,Fire Alarm/Sprinklers (Major),,25,3,Default,1,EA,,,Medium,,,
AST001501,Mountain Phoenix Community School,Security,Access Control/Cameras (Major),,10,3,Default,1,EA,,,Medium,,,
AST001502,Mountain Phoenix Community School,Envelope,Facade/Cladding (Major),,40,3,Default,1,SF,,,Medium,,,
AST001503,Mountain Phoenix Community School,Windows,Window Replacement,,35,3,Default,1,SF,,,Medium,,,
AST001504,Mountain Phoenix Community School,Interiors,Flooring/Finishes (Major),,15,3,Default,1,SF,,,Medium,,,
AST001505,Mountain Phoenix Community School,Lighting,Interior Lighting Upgrade,,15,3,Default,1,SF,,,Medium,,,
AST001506,Mountain Phoenix Community School,Site,Playground/Site Hardscape,,20,3,Default,1,EA,,,Medium,,,
AST001507,Mountain Phoenix Community School,Hazmat,Abatement/Remediation Allowance,,,3,Default,1,SF,,,Medium,,,
AST001508,Mountain Phoenix Community School,ADA,Accessibility Compliance Allowance,,,3,Default,1,SF,,,Medium,,,
AST001509,New America School,Roof,Roof Membrane,,25,3,Default,1,SF,,,Medium,,,
AST001510,New America School,HVAC,RTU/Boiler-Chiller (Major),,20,3,Default,1,EA,,,Medium,,,
AST001511,New America School,Plumbing,Domestic Water/Fixtures (Major),,30,3,Default,1,EA,,,Medium,,,
AST001512,New America School,Electrical,Switchgear/Panels (Major),,30,3,Default,1,EA,,,Medium,,,
AST001513,New America School,Fire Protection,Fire Alarm/Sprinklers (Major),,25,3,Default,1,EA,,,Medium,,,
AST001514,New America School,Security,Access Control/Cameras (Major),,10,3,Default,1,EA,,,Medium,,,
AST001515,New America School,Envelope,Facade/Cladding (Major),,40,3,Default,1,SF,,,Medium,,,
AST001516,New America School,Windows,Window Replacement,,35,3,Default,1,SF,,,Medium,,,
AST001517,New America School,Interiors,Flooring/Finishes (Major),,15,3,Default,1,SF,,,Medium,,,
AST001518,New America School,Lighting,Interior Lighting Upgrade,,15,3,Default,1,SF,,,Medium,,,
AST001519,New America School,Site,Playground/Site Hardscape,,20,3,Default,1,EA,,,Medium,,,
AST001520,New America School,Hazmat,Abatement/Remediation Allowance,,,3,Default,1,SF,,,Medium,,,
AST001521,New America School,ADA,Accessibility Compliance Allowance,,,3,Default,1,SF,,,Medium,,,
AST001522,Compass Montessori - Wheat Ridge,Roof,Roof Membrane,,25,3,Default,1,SF,,,Medium,,,
AST001523,Compass Montessori - Wheat Ridge,HVAC,RTU/Boiler-Chiller (Major),,20,3,Default,1,EA,,,Medium,,,
AST001524,Compass Montessori - Wheat Ridge,Plumbing,Domestic Water/Fixtures (Major),,30,3,Default,1,EA,,,Medium,,,
AST001525,Compass Montessori - Wheat Ridge,Electrical,Switchgear/Panels (Major),,30,3,Default,1,EA,,,Medium,,,
AST001526,Compass Montessori - Wheat Ridge,Fire Protection,Fire Alarm/Sprinklers (Major),,25,3,Default,1,EA,,,Medium,,,
AST001527,Compass Montessori - Wheat Ridge,Security,Access Control/Cameras (Major),,10,3,Default,1,EA,,,Medium,,,
AST001528,Compass Montessori - Wheat Ridge,Envelope,Facade/Cladding (Major),,40,3,Default,1,SF,,,Medium,,,
AST001529,Compass Montessori - Wheat Ridge,Windows,Window Replacement,,35,3,Default,1,SF,,,Medium,,,
AST001530,Compass Montessori - Wheat Ridge,Interiors,Flooring/Finishes (Major),,15,3,Default,1,SF,,,Medium,,,
AST001531,Compass Montessori - Wheat Ridge,Lighting,Interior Lighting Upgrade,,15,3,Default,1,SF,,,Medium,,,
AST001532,Compass Montessori - Wheat Ridge,Site,Playground/Site Hardscape,,20,3,Default,1,EA,,,Medium,,,
AST001533,Compass Montessori - Wheat Ridge,Hazmat,Abatement/Remediation Allowance,,,3,Default,1,SF,,,Medium,,,
AST001534,Compass Montessori - Wheat Ridge,ADA,Accessibility Compliance Allowance,,,3,Default,1,SF,,,Medium,,,
AST001535,Compass Montessori - Golden,Roof,Roof Membrane,,25,3,Default,1,SF,,,Medium,,,
AST001536,Compass Montessori - Golden,HVAC,RTU/Boiler-Chiller (Major),,20,3,Default,1,EA,,,Medium,,,
AST001537,Compass Montessori - Golden,Plumbing,Domestic Water/Fixtures (Major),,30,3,Default,1,EA,,,Medium,,,
AST001538,Compass Montessori - Golden,Electrical,Switchgear/Panels (Major),,30,3,Default,1,EA,,,Medium,,,
AST001539,Compass Montessori - Golden,Fire Protection,Fire Alarm/Sprinklers (Major),,25,3,Default,1,EA,,,Medium,,,
AST001540,Compass Montessori - Golden,Security,Access Control/Cameras (Major),,10,3,Default,1,EA,,,Medium,,,
AST001541,Compass Montessori - Golden,Envelope,Facade/Cladding (Major),,40,3,Default,1,SF,,,Medium,,,
AST001542,Compass Montessori - Golden,Windows,Window Replacement,,35,3,Default,1,SF,,,Medium,,,
AST001543,Compass Montessori - Golden,Interiors,Flooring/Finishes (Major),,15,3,Default,1,SF,,,Medium,,,
AST001544,Compass Montessori - Golden,Lighting,Interior Lighting Upgrade,,15,3,Default,1,SF,,,Medium,,,
AST001545,Compass Montessori - Golden,Site,Playground/Site Hardscape,,20,3,Default,1,EA,,,Medium,,,
AST001546,Compass Montessori - Golden,Hazmat,Abatement/Remediation Allowance,,,3,Default,1,SF,,,Medium,,,
AST001547,Compass Montessori - Golden,ADA,Accessibility Compliance Allowance,,,3,Default,1,SF,,,Medium,,,
AST001548,Warren Tech Central,Roof,Roof Membrane,,25,3,Default,1,SF,,,Medium,,,
AST001549,Warren Tech Central,HVAC,RTU/Boiler-Chiller (Major),,20,3,Default,1,EA,,,Medium,,,
AST001550,Warren Tech Central,Plumbing,Domestic Water/Fixtures (Major),,30,3,Default,1,EA,,,Medium,,,
AST001551,Warren Tech Central,Electrical,Switchgear/Panels (Major),,30,3,Default,1,EA,,,Medium,,,
AST001552,Warren Tech Central,Fire Protection,Fire Alarm/Sprinklers (Major),,25,3,Default,1,EA,,,Medium,,,
AST001553,Warren Tech Central,Security,Access Control/Cameras (Major),,10,3,Default,1,EA,,,Medium,,,
AST001554,Warren Tech Central,Envelope,Facade/Cladding (Major),,40,3,Default,1,SF,,,Medium,,,
AST001555,Warren Tech Central,Windows,Window Replacement,,35,3,Default,1,SF,,,Medium,,,
AST001556,Warren Tech Central,Interiors,Flooring/Finishes (Major),,15,3,Default,1,SF,,,Medium,,,
AST001557,Warren Tech Central,Lighting,Interior Lighting Upgrade,,15,3,Default,1,SF,,,Medium,,,
AST001558,Warren Tech Central,Site,Playground/Site Hardscape,,20,3,Default,1,EA,,,Medium,,,
AST001559,Warren Tech Central,Hazmat,Abatement/Remediation Allowance,,,3,Default,1,SF,,,Medium,,,
AST001560,Warren Tech Central,ADA,Accessibility Compliance Allowance,,,3,Default,1,SF,,,Medium,,,
AST001561,Long View HS,Roof,Roof Membrane,,25,3,Default,1,SF,,,Medium,,,
AST001562,Long View HS,HVAC,RTU/Boiler-Chiller (Major),,20,3,Default,1,EA,,,Medium,,,
AST001563,Long View HS,Plumbing,Domestic Water/Fixtures (Major),,30,3,Default,1,EA,,,Medium,,,
AST001564,Long View HS,Electrical,Switchgear/Panels (Major),,30,3,Default,1,EA,,,Medium,,,
AST001565,Long View HS,Fire Protection,Fire Alarm/Sprinklers (Major),,25,3,Default,1,EA,,,Medium,,,
AST001566,Long View HS,Security,Access Control/Cameras (Major),,10,3,Default,1,EA,,,Medium,,,
AST001567,Long View HS,Envelope,Facade/Cladding (Major),,40,3,Default,1,SF,,,Medium,,,
AST001568,Long View HS,Windows,Window Replacement,,35,3,Default,1,SF,,,Medium,,,
AST001569,Long View HS,Interiors,Flooring/Finishes (Major),,15,3,Default,1,SF,,,Medium,,,
AST001570,Long View HS,Lighting,Interior Lighting Upgrade,,15,3,Default,1,SF,,,Medium,,,
AST001571,Long View HS,Site,Playground/Site Hardscape,,20,3,Default,1,EA,,,Medium,,,
AST001572,Long View HS,Hazmat,Abatement/Remediation Allowance,,,3,Default,1,SF,,,Medium,,,
AST001573,Long View HS,ADA,Accessibility Compliance Allowance,,,3,Default,1,SF,,,Medium,,,
AST001574,Warren Tech North,Roof,Roof Membrane,,25,3,Default,1,SF,,,Medium,,,
AST001575,Warren Tech North,HVAC,RTU/Boiler-Chiller (Major),,20,3,Default,1,EA,,,Medium,,,
AST001576,Warren Tech North,Plumbing,Domestic Water/Fixtures (Major),,30,3,Default,1,EA,,,Medium,,,
AST001577,Warren Tech North,Electrical,Switchgear/Panels (Major),,30,3,Default,1,EA,,,Medium,,,
AST001578,Warren Tech North,Fire Protection,Fire Alarm/Sprinklers (Major),,25,3,Default,1,EA,,,Medium,,,
AST001579,Warren Tech North,Security,Access Control/Cameras (Major),,10,3,Default,1,EA,,,Medium,,,
AST001580,Warren Tech North,Envelope,Facade/Cladding (Major),,40,3,Default,1,SF,,,Medium,,,
AST001581,Warren Tech North,Windows,Window Replacement,,35,3,Default,1,SF,,,Medium,,,
AST001582,Warren Tech North,Interiors,Flooring/Finishes (Major),,15,3,Default,1,SF,,,Medium,,,
AST001583,Warren Tech North,Lighting,Interior Lighting Upgrade,,15,3,Default,1,SF,,,Medium,,,
AST001584,Warren Tech North,Site,Playground/Site Hardscape,,20,3,Default,1,EA,,,Medium,,,
AST001585,Warren Tech North,Hazmat,Abatement/Remediation Allowance,,,3,Default,1,SF,,,Medium,,,
AST001586,Warren Tech North,ADA,Accessibility Compliance Allowance,,,3,Default,1,SF,,,Medium,,,
AST001587,Warren Tech South,Roof,Roof Membrane,,25,3,Default,1,SF,,,Medium,,,
AST001588,Warren Tech South,HVAC,RTU/Boiler-Chiller (Major),,20,3,Default,1,EA,,,Medium,,,
AST001589,Warren Tech South,Plumbing,Domestic Water/Fixtures (Major),,30,3,Default,1,EA,,,Medium,,,
AST001590,Warren Tech South,Electrical,Switchgear/Panels (Major),,30,3,Default,1,EA,,,Medium,,,
AST001591,Warren Tech South,Fire Protection,Fire Alarm/Sprinklers (Major),,25,3,Default,1,EA,,,Medium,,,
AST001592,Warren Tech South,Security,Access Control/Cameras (Major),,10,3,Default,1,EA,,,Medium,,,
AST001593,Warren Tech South,Envelope,Facade/Cladding (Major),,40,3,Default,1,SF,,,Medium,,,
AST001594,Warren Tech South,Windows,Window Replacement,,35,3,Default,1,SF,,,Medium,,,
AST001595,Warren Tech South,Interiors,Flooring/Finishes (Major),,15,3,Default,1,SF,,,Medium,,,
AST001596,Warren Tech South,Lighting,Interior Lighting Upgrade,,15,3,Default,1,SF,,,Medium,,,
AST001597,Warren Tech South,Site,Playground/Site Hardscape,,20,3,Default,1,EA,,,Medium,,,
AST001598,Warren Tech South,Hazmat,Abatement/Remediation Allowance,,,3,Default,1,SF,,,Medium,,,
AST001599,Warren Tech South,ADA,Accessibility Compliance Allowance,,,3,Default,1,SF,,,Medium,,,
AST001600,Montessori Peaks Academy,Roof,Roof Membrane,,25,3,Default,1,SF,,,Medium,,,
AST001601,Montessori Peaks Academy,HVAC,RTU/Boiler-Chiller (Major),,20,3,Default,1,EA,,,Medium,,,
AST001602,Montessori Peaks Academy,Plumbing,Domestic Water/Fixtures (Major),,30,3,Default,1,EA,,,Medium,,,
AST001603,Montessori Peaks Academy,Electrical,Switchgear/Panels (Major),,30,3,Default,1,EA,,,Medium,,,
AST001604,Montessori Peaks Academy,Fire Protection,Fire Alarm/Sprinklers (Major),,25,3,Default,1,EA,,,Medium,,,
AST001605,Montessori Peaks Academy,Security,Access Control/Cameras (Major),,10,3,Default,1,EA,,,Medium,,,
AST001606,Montessori Peaks Academy,Envelope,Facade/Cladding (Major),,40,3,Default,1,SF,,,Medium,,,
AST001607,Montessori Peaks Academy,Windows,Window Replacement,,35,3,Default,1,SF,,,Medium,,,
AST001608,Montessori Peaks Academy,Interiors,Flooring/Finishes (Major),,15,3,Default,1,SF,,,Medium,,,
AST001609,Montessori Peaks Academy,Lighting,Interior Lighting Upgrade,,15,3,Default,1,SF,,,Medium,,,
AST001610,Montessori Peaks Academy,Site,Playground/Site Hardscape,,20,3,Default,1,EA,,,Medium,,,
AST001611,Montessori Peaks Academy,Hazmat,Abatement/Remediation Allowance,,,3,Default,1,SF,,,Medium,,,
AST001612,Montessori Peaks Academy,ADA,Accessibility Compliance Allowance,,,3,Default,1,SF,,,Medium,,,
AST001613,Excel Academy Charter School,Roof,Roof Membrane,,25,3,Default,1,SF,,,Medium,,,
AST001614,Excel Academy Charter School,HVAC,RTU/Boiler-Chiller (Major),,20,3,Default,1,EA,,,Medium,,,
AST001615,Excel Academy Charter School,Plumbing,Domestic Water/Fixtures (Major),,30,3,Default,1,EA,,,Medium,,,
AST001616,Excel Academy Charter School,Electrical,Switchgear/Panels (Major),,30,3,Default,1,EA,,,Medium,,,
AST001617,Excel Academy Charter School,Fire Protection,Fire Alarm/Sprinklers (Major),,25,3,Default,1,EA,,,Medium,,,
AST001618,Excel Academy Charter School,Security,Access Control/Cameras (Major),,10,3,Default,1,EA,,,Medium,,,
AST001619,Excel Academy Charter School,Envelope,Facade/Cladding (Major),,40,3,Default,1,SF,,,Medium,,,
AST001620,Excel Academy Charter School,Windows,Window Replacement,,35,3,Default,1,SF,,,Medium,,,
AST001621,Excel Academy Charter School,Interiors,Flooring/Finishes (Major),,15,3,Default,1,SF,,,Medium,,,
AST001622,Excel Academy Charter School,Lighting,Interior Lighting Upgrade,,15,3,Default,1,SF,,,Medium,,,
AST001623,Excel Academy Charter School,Site,Playground/Site Hardscape,,20,3,Default,1,EA,,,Medium,,,
AST001624,Excel Academy Charter School,Hazmat,Abatement/Remediation Allowance,,,3,Default,1,SF,,,Medium,,,
AST001625,Excel Academy Charter School,ADA,Accessibility Compliance Allowance,,,3,Default,1,SF,,,Medium,,,
AST001626,Rocky Mountain Academy of Evergreen,Roof,Roof Membrane,,25,3,Default,1,SF,,,Medium,,,
AST001627,Rocky Mountain Academy of Evergreen,HVAC,RTU/Boiler-Chiller (Major),,20,3,Default,1,EA,,,Medium,,,
AST001628,Rocky Mountain Academy of Evergreen,Plumbing,Domestic Water/Fixtures (Major),,30,3,Default,1,EA,,,Medium,,,
AST001629,Rocky Mountain Academy of Evergreen,Electrical,Switchgear/Panels (Major),,30,3,Default,1,EA,,,Medium,,,
AST001630,Rocky Mountain Academy of Evergreen,Fire Protection,Fire Alarm/Sprinklers (Major),,25,3,Default,1,EA,,,Medium,,,
AST001631,Rocky Mountain Academy of Evergreen,Security,Access Control/Cameras (Major),,10,3,Default,1,EA,,,Medium,,,
AST001632,Rocky Mountain Academy of Evergreen,Envelope,Facade/Cladding (Major),,40,3,Default,1,SF,,,Medium,,,
AST001633,Rocky Mountain Academy of Evergreen,Windows,Window Replacement,,35,3,Default,1,SF,,,Medium,,,
AST001634,Rocky Mountain Academy of Evergreen,Interiors,Flooring/Finishes (Major),,15,3,Default,1,SF,,,Medium,,,
AST001635,Rocky Mountain Academy of Evergreen,Lighting,Interior Lighting Upgrade,,15,3,Default,1,SF,,,Medium,,,
AST001636,Rocky Mountain Academy of Evergreen,Site,Playground/Site Hardscape,,20,3,Default,1,EA,,,Medium,,,
AST001637,Rocky Mountain Academy of Evergreen,Hazmat,Abatement/Remediation Allowance,,,3,Default,1,SF,,,Medium,,,
AST001638,Rocky Mountain Academy of Evergreen,ADA,Accessibility Compliance Allowance,,,3,Default,1,SF,,,Medium,,,
AST001639,Jefferson Academy Elementary,Roof,Roof Membrane,,25,3,Default,1,SF,,,Medium,,,
AST001640,Jefferson Academy Elementary,HVAC,RTU/Boiler-Chiller (Major),,20,3,Default,1,EA,,,Medium,,,
AST001641,Jefferson Academy Elementary,Plumbing,Domestic Water/Fixtures (Major),,30,3,Default,1,EA,,,Medium,,,
AST001642,Jefferson Academy Elementary,Electrical,Switchgear/Panels (Major),,30,3,Default,1,EA,,,Medium,,,
AST001643,Jefferson Academy Elementary,Fire Protection,Fire Alarm/Sprinklers (Major),,25,3,Default,1,EA,,,Medium,,,
AST001644,Jefferson Academy Elementary,Security,Access Control/Cameras (Major),,10,3,Default,1,EA,,,Medium,,,
AST001645,Jefferson Academy Elementary,Envelope,Facade/Cladding (Major),,40,3,Default,1,SF,,,Medium,,,
AST001646,Jefferson Academy Elementary,Windows,Window Replacement,,35,3,Default,1,SF,,,Medium,,,
AST001647,Jefferson Academy Elementary,Interiors,Flooring/Finishes (Major),,15,3,Default,1,SF,,,Medium,,,
AST001648,Jefferson Academy Elementary,Lighting,Interior Lighting Upgrade,,15,3,Default,1,SF,,,Medium,,,
AST001649,Jefferson Academy Elementary,Site,Playground/Site Hardscape,,20,3,Default,1,EA,,,Medium,,,
AST001650,Jefferson Academy Elementary,Hazmat,Abatement/Remediation Allowance,,,3,Default,1,SF,,,Medium,,,
AST001651,Jefferson Academy Elementary,ADA,Accessibility Compliance Allowance,,,3,Default,1,SF,,,Medium,,,
AST001652,Jefferson Academy Secondary,Roof,Roof Membrane,,25,3,Default,1,SF,,,Medium,,,
AST001653,Jefferson Academy Secondary,HVAC,RTU/Boiler-Chiller (Major),,20,3,Default,1,EA,,,Medium,,,
AST001654,Jefferson Academy Secondary,Plumbing,Domestic Water/Fixtures (Major),,30,3,Default,1,EA,,,Medium,,,
AST001655,Jefferson Academy Secondary,Electrical,Switchgear/Panels (Major),,30,3,Default,1,EA,,,Medium,,,
AST001656,Jefferson Academy Secondary,Fire Protection,Fire Alarm/Sprinklers (Major),,25,3,Default,1,EA,,,Medium,,,
AST001657,Jefferson Academy Secondary,Security,Access Control/Cameras (Major),,10,3,Default,1,EA,,,Medium,,,
AST001658,Jefferson Academy Secondary,Envelope,Facade/Cladding (Major),,40,3,Default,1,SF,,,Medium,,,
AST001659,Jefferson Academy Secondary,Windows,Window Replacement,,35,3,Default,1,SF,,,Medium,,,
AST001660,Jefferson Academy Secondary,Interiors,Flooring/Finishes (Major),,15,3,Default,1,SF,,,Medium,,,
AST001661,Jefferson Academy Secondary,Lighting,Interior Lighting Upgrade,,15,3,Default,1,SF,,,Medium,,,
AST001662,Jefferson Academy Secondary,Site,Playground/Site Hardscape,,20,3,Default,1,EA,,,Medium,,,
AST001663,Jefferson Academy Secondary,Hazmat,Abatement/Remediation Allowance,,,3,Default,1,SF,,,Medium,,,
AST001664,Jefferson Academy Secondary,ADA,Accessibility Compliance Allowance,,,3,Default,1,SF,,,Medium,,,
AST001665,Collegiate Academy of Colorado,Roof,Roof Membrane,,25,3,Default,1,SF,,,Medium,,,
AST001666,Collegiate Academy of Colorado,HVAC,RTU/Boiler-Chiller (Major),,20,3,Default,1,EA,,,Medium,,,
AST001667,Collegiate Academy of Colorado,Plumbing,Domestic Water/Fixtures (Major),,30,3,Default,1,EA,,,Medium,,,
AST001668,Collegiate Academy of Colorado,Electrical,Switchgear/Panels (Major),,30,3,Default,1,EA,,,Medium,,,
AST001669,Collegiate Academy of Colorado,Fire Protection,Fire Alarm/Sprinklers (Major),,25,3,Default,1,EA,,,Medium,,,
AST001670,Collegiate Academy of Colorado,Security,Access Control/Cameras (Major),,10,3,Default,1,EA,,,Medium,,,
AST001671,Collegiate Academy of Colorado,Envelope,Facade/Cladding (Major),,40,3,Default,1,SF,,,Medium,,,
AST001672,Collegiate Academy of Colorado,Windows,Window Replacement,,35,3,Default,1,SF,,,Medium,,,
AST001673,Collegiate Academy of Colorado,Interiors,Flooring/Finishes (Major),,15,3,Default,1,SF,,,Medium,,,
AST001674,Collegiate Academy of Colorado,Lighting,Interior Lighting Upgrade,,15,3,Default,1,SF,,,Medium,,,
AST001675,Collegiate Academy of Colorado,Site,Playground/Site Hardscape,,20,3,Default,1,EA,,,Medium,,,
AST001676,Collegiate Academy of Colorado,Hazmat,Abatement/Remediation Allowance,,,3,Default,1,SF,,,Medium,,,
AST001677,Collegiate Academy of Colorado,ADA,Accessibility Compliance Allowance,,,3,Default,1,SF,,,Medium,,,
AST001678,Lincoln Academy Charter School,Roof,Roof Membrane,,25,3,Default,1,SF,,,Medium,,,
AST001679,Lincoln Academy Charter School,HVAC,RTU/Boiler-Chiller (Major),,20,3,Default,1,EA,,,Medium,,,
AST001680,Lincoln Academy Charter School,Plumbing,Domestic Water/Fixtures (Major),,30,3,Default,1,EA,,,Medium,,,
AST001681,Lincoln Academy Charter School,Electrical,Switchgear/Panels (Major),,30,3,Default,1,EA,,,Medium,,,
AST001682,Lincoln Academy Charter School,Fire Protection,Fire Alarm/Sprinklers (Major),,25,3,Default,1,EA,,,Medium,,,
AST001683,Lincoln Academy Charter School,Security,Access Control/Cameras (Major),,10,3,Default,1,EA,,,Medium,,,
AST001684,Lincoln Academy Charter School,Envelope,Facade/Cladding (Major),,40,3,Default,1,SF,,,Medium,,,
AST001685,Lincoln Academy Charter School,Windows,Window Replacement,,35,3,Default,1,SF,,,Medium,,,
AST001686,Lincoln Academy Charter School,Interiors,Flooring/Finishes (Major),,15,3,Default,1,SF,,,Medium,,,
AST001687,Lincoln Academy Charter School,Lighting,Interior Lighting Upgrade,,15,3,Default,1,SF,,,Medium,,,
AST001688,Lincoln Academy Charter School,Site,Playground/Site Hardscape,,20,3,Default,1,EA,,,Medium,,,
AST001689,Lincoln Academy Charter School,Hazmat,Abatement/Remediation Allowance,,,3,Default,1,SF,,,Medium,,,
AST001690,Lincoln Academy Charter School,ADA,Accessibility Compliance Allowance,,,3,Default,1,SF,,,Medium,,,
AST001691,Rocky Mountain Deaf School,Roof,Roof Membrane,,25,3,Default,1,SF,,,Medium,,,
AST001692,Rocky Mountain Deaf School,HVAC,RTU/Boiler-Chiller (Major),,20,3,Default,1,EA,,,Medium,,,
AST001693,Rocky Mountain Deaf School,Plumbing,Domestic Water/Fixtures (Major),,30,3,Default,1,EA,,,Medium,,,
AST001694,Rocky Mountain Deaf School,Electrical,Switchgear/Panels (Major),,30,3,Default,1,EA,,,Medium,,,
AST001695,Rocky Mountain Deaf School,Fire Protection,Fire Alarm/Sprinklers (Major),,25,3,Default,1,EA,,,Medium,,,
AST001696,Rocky Mountain Deaf School,Security,Access Control/Cameras (Major),,10,3,Default,1,EA,,,Medium,,,
AST001697,Rocky Mountain Deaf School,Envelope,Facade/Cladding (Major),,40,3,Default,1,SF,,,Medium,,,
AST001698,Rocky Mountain Deaf School,Windows,Window Replacement,,35,3,Default,1,SF,,,Medium,,,
AST001699,Rocky Mountain Deaf School,Interiors,Flooring/Finishes (Major),,15,3,Default,1,SF,,,Medium,,,
AST001700,Rocky Mountain Deaf School,Lighting,Interior Lighting Upgrade,,15,3,Default,1,SF,,,Medium,,,
AST001701,Rocky Mountain Deaf School,Site,Playground/Site Hardscape,,20,3,Default,1,EA,,,Medium,,,
AST001702,Rocky Mountain Deaf School,Hazmat,Abatement/Remediation Allowance,,,3,Default,1,SF,,,Medium,,,
AST001703,Rocky Mountain Deaf School,ADA,Accessibility Compliance Allowance,,,3,Default,1,SF,,,Medium,,,
AST001704,Woodrow Wilson Academy,Roof,Roof Membrane,,25,3,Default,1,SF,,,Medium,,,
AST001705,Woodrow Wilson Academy,HVAC,RTU/Boiler-Chiller (Major),,20,3,Default,1,EA,,,Medium,,,
AST001706,Woodrow Wilson Academy,Plumbing,Domestic Water/Fixtures (Major),,30,3,Default,1,EA,,,Medium,,,
AST001707,Woodrow Wilson Academy,Electrical,Switchgear/Panels (Major),,30,3,Default,1,EA,,,Medium,,,
AST001708,Woodrow Wilson Academy,Fire Protection,Fire Alarm/Sprinklers (Major),,25,3,Default,1,EA,,,Medium,,,
AST001709,Woodrow Wilson Academy,Security,Access Control/Cameras (Major),,10,3,Default,1,EA,,,Medium,,,
AST001710,Woodrow Wilson Academy,Envelope,Facade/Cladding (Major),,40,3,Default,1,SF,,,Medium,,,
AST001711,Woodrow Wilson Academy,Windows,Window Replacement,,35,3,Default,1,SF,,,Medium,,,
AST001712,Woodrow Wilson Academy,Interiors,Flooring/Finishes (Major),,15,3,Default,1,SF,,,Medium,,,
AST001713,Woodrow Wilson Academy,Lighting,Interior Lighting Upgrade,,15,3,Default,1,SF,,,Medium,,,
AST001714,Woodrow Wilson Academy,Site,Playground/Site Hardscape,,20,3,Default,1,EA,,,Medium,,,
AST001715,Woodrow Wilson Academy,Hazmat,Abatement/Remediation Allowance,,,3,Default,1,SF,,,Medium,,,
AST001716,Woodrow Wilson Academy,ADA,Accessibility Compliance Allowance,,,3,Default,1,SF,,,Medium,,,
AST001717,Great Work Montessori,Roof,Roof Membrane,,25,3,Default,1,SF,,,Medium,,,
AST001718,Great Work Montessori,HVAC,RTU/Boiler-Chiller (Major),,20,3,Default,1,EA,,,Medium,,,
AST001719,Great Work Montessori,Plumbing,Domestic Water/Fixtures (Major),,30,3,Default,1,EA,,,Medium,,,
AST001720,Great Work Montessori,Electrical,Switchgear/Panels (Major),,30,3,Default,1,EA,,,Medium,,,
AST001721,Great Work Montessori,Fire Protection,Fire Alarm/Sprinklers (Major),,25,3,Default,1,EA,,,Medium,,,
AST001722,Great Work Montessori,Security,Access Control/Cameras (Major),,10,3,Default,1,EA,,,Medium,,,
AST001723,Great Work Montessori,Envelope,Facade/Cladding (Major),,40,3,Default,1,SF,,,Medium,,,
AST001724,Great Work Montessori,Windows,Window Replacement,,35,3,Default,1,SF,,,Medium,,,
AST001725,Great Work Montessori,Interiors,Flooring/Finishes (Major),,15,3,Default,1,SF,,,Medium,,,
AST001726,Great Work Montessori,Lighting,Interior Lighting Upgrade,,15,3,Default,1,SF,,,Medium,,,
AST001727,Great Work Montessori,Site,Playground/Site Hardscape,,20,3,Default,1,EA,,,Medium,,,
AST001728,Great Work Montessori,Hazmat,Abatement/Remediation Allowance,,,3,Default,1,SF,,,Medium,,,
AST001729,Great Work Montessori,ADA,Accessibility Compliance Allowance,,,3,Default,1,SF,,,Medium,,,
AST001730,Doral Academy of Colorado,Roof,Roof Membrane,,25,3,Default,1,SF,,,Medium,,,
AST001731,Doral Academy of Colorado,HVAC,RTU/Boiler-Chiller (Major),,20,3,Default,1,EA,,,Medium,,,
AST001732,Doral Academy of Colorado,Plumbing,Domestic Water/Fixtures (Major),,30,3,Default,1,EA,,,Medium,,,
AST001733,Doral Academy of Colorado,Electrical,Switchgear/Panels (Major),,30,3,Default,1,EA,,,Medium,,,
AST001734,Doral Academy of Colorado,Fire Protection,Fire Alarm/Sprinklers (Major),,25,3,Default,1,EA,,,Medium,,,
AST001735,Doral Academy of Colorado,Security,Access Control/Cameras (Major),,10,3,Default,1,EA,,,Medium,,,
AST001736,Doral Academy of Colorado,Envelope,Facade/Cladding (Major),,40,3,Default,1,SF,,,Medium,,,
AST001737,Doral Academy of Colorado,Windows,Window Replacement,,35,3,Default,1,SF,,,Medium,,,
AST001738,Doral Academy of Colorado,Interiors,Flooring/Finishes (Major),,15,3,Default,1,SF,,,Medium,,,
AST001739,Doral Academy of Colorado,Lighting,Interior Lighting Upgrade,,15,3,Default,1,SF,,,Medium,,,
AST001740,Doral Academy of Colorado,Site,Playground/Site Hardscape,,20,3,Default,1,EA,,,Medium,,,
AST001741,Doral Academy of Colorado,Hazmat,Abatement/Remediation Allowance,,,3,Default,1,SF,,,Medium,,,
AST001742,Doral Academy of Colorado,ADA,Accessibility Compliance Allowance,,,3,Default,1,SF,,,Medium,,,
AST001743,Mount Evans OELS,Roof,Roof Membrane,,25,3,Default,1,SF,,,Medium,,,
AST001744,Mount Evans OELS,HVAC,RTU/Boiler-Chiller (Major),,20,3,Default,1,EA,,,Medium,,,
AST001745,Mount Evans OELS,Plumbing,Domestic Water/Fixtures (Major),,30,3,Default,1,EA,,,Medium,,,
AST001746,Mount Evans OELS,Electrical,Switchgear/Panels (Major),,30,3,Default,1,EA,,,Medium,,,
AST001747,Mount Evans OELS,Fire Protection,Fire Alarm/Sprinklers (Major),,25,3,Default,1,EA,,,Medium,,,
AST001748,Mount Evans OELS,Security,Access Control/Cameras (Major),,10,3,Default,1,EA,,,Medium,,,
AST001749,Mount Evans OELS,Envelope,Facade/Cladding (Major),,40,3,Default,1,SF,,,Medium,,,
AST001750,Mount Evans OELS,Windows,Window Replacement,,35,3,Default,1,SF,,,Medium,,,
AST001751,Mount Evans OELS,Interiors,Flooring/Finishes (Major),,15,3,Default,1,SF,,,Medium,,,
AST001752,Mount Evans OELS,Lighting,Interior Lighting Upgrade,,15,3,Default,1,SF,,,Medium,,,
AST001753,Mount Evans OELS,Site,Playground/Site Hardscape,,20,3,Default,1,EA,,,Medium,,,
AST001754,Mount Evans OELS,Hazmat,Abatement/Remediation Allowance,,,3,Default,1,SF,,,Medium,,,
AST001755,Mount Evans OELS,ADA,Accessibility Compliance Allowance,,,3,Default,1,SF,,,Medium,,,
AST001756,Windy Peak OELS,Roof,Roof Membrane,,25,3,Default,1,SF,,,Medium,,,
AST001757,Windy Peak OELS,HVAC,RTU/Boiler-Chiller (Major),,20,3,Default,1,EA,,,Medium,,,
AST001758,Windy Peak OELS,Plumbing,Domestic Water/Fixtures (Major),,30,3,Default,1,EA,,,Medium,,,
AST001759,Windy Peak OELS,Electrical,Switchgear/Panels (Major),,30,3,Default,1,EA,,,Medium,,,
AST001760,Windy Peak OELS,Fire Protection,Fire Alarm/Sprinklers (Major),,25,3,Default,1,EA,,,Medium,,,
AST001761,Windy Peak OELS,Security,Access Control/Cameras (Major),,10,3,Default,1,EA,,,Medium,,,
AST001762,Windy Peak OELS,Envelope,Facade/Cladding (Major),,40,3,Default,1,SF,,,Medium,,,
AST001763,Windy Peak OELS,Windows,Window Replacement,,35,3,Default,1,SF,,,Medium,,,
AST001764,Windy Peak OELS,Interiors,Flooring/Finishes (Major),,15,3,Default,1,SF,,,Medium,,,
AST001765,Windy Peak OELS,Lighting,Interior Lighting Upgrade,,15,3,Default,1,SF,,,Medium,,,
AST001766,Windy Peak OELS,Site,Playground/Site Hardscape,,20,3,Default,1,EA,,,Medium,,,
AST001767,Windy Peak OELS,Hazmat,Abatement/Remediation Allowance,,,3,Default,1,SF,,,Medium,,,
AST001768,Windy Peak OELS,ADA,Accessibility Compliance Allowance,,,3,Default,1,SF,,,Medium,,,
AST001769,Bell MS,Roof,Roof Membrane,,25,3,Default,1,SF,,,Medium,,,
AST001770,Bell MS,HVAC,RTU/Boiler-Chiller (Major),,20,3,Default,1,EA,,,Medium,,,
AST001771,Bell MS,Plumbing,Domestic Water/Fixtures (Major),,30,3,Default,1,EA,,,Medium,,,
AST001772,Bell MS,Electrical,Switchgear/Panels (Major),,30,3,Default,1,EA,,,Medium,,,
AST001773,Bell MS,Fire Protection,Fire Alarm/Sprinklers (Major),,25,3,Default,1,EA,,,Medium,,,
AST001774,Bell MS,Security,Access Control/Cameras (Major),,10,3,Default,1,EA,,,Medium,,,
AST001775,Bell MS,Envelope,Facade/Cladding (Major),,40,3,Default,1,SF,,,Medium,,,
AST001776,Bell MS,Windows,Window Replacement,,35,3,Default,1,SF,,,Medium,,,
AST001777,Bell MS,Interiors,Flooring/Finishes (Major),,15,3,Default,1,SF,,,Medium,,,
AST001778,Bell MS,Lighting,Interior Lighting Upgrade,,15,3,Default,1,SF,,,Medium,,,
AST001779,Bell MS,Site,Playground/Site Hardscape,,20,3,Default,1,EA,,,Medium,,,
AST001780,Bell MS,Hazmat,Abatement/Remediation Allowance,,,3,Default,1,SF,,,Medium,,,
AST001781,Bell MS,ADA,Accessibility Compliance Allowance,,,3,Default,1,SF,,,Medium,,,
AST001782,Wayne Carle MS,Roof,Roof Membrane,,25,3,Default,1,SF,,,Medium,,,
AST001783,Wayne Carle MS,HVAC,RTU/Boiler-Chiller (Major),,20,3,Default,1,EA,,,Medium,,,
AST001784,Wayne Carle MS,Plumbing,Domestic Water/Fixtures (Major),,30,3,Default,1,EA,,,Medium,,,
AST001785,Wayne Carle MS,Electrical,Switchgear/Panels (Major),,30,3,Default,1,EA,,,Medium,,,
AST001786,Wayne Carle MS,Fire Protection,Fire Alarm/Sprinklers (Major),,25,3,Default,1,EA,,,Medium,,,
AST001787,Wayne Carle MS,Security,Access Control/Cameras (Major),,10,3,Default,1,EA,,,Medium,,,
AST001788,Wayne Carle MS,Envelope,Facade/Cladding (Major),,40,3,Default,1,SF,,,Medium,,,
AST001789,Wayne Carle MS,Windows,Window Replacement,,35,3,Default,1,SF,,,Medium,,,
AST001790,Wayne Carle MS,Interiors,Flooring/Finishes (Major),,15,3,Default,1,SF,,,Medium,,,
AST001791,Wayne Carle MS,Lighting,Interior Lighting Upgrade,,15,3,Default,1,SF,,,Medium,,,
AST001792,Wayne Carle MS,Site,Playground/Site Hardscape,,20,3,Default,1,EA,,,Medium,,,
AST001793,Wayne Carle MS,Hazmat,Abatement/Remediation Allowance,,,3,Default,1,SF,,,Medium,,,
AST001794,Wayne Carle MS,ADA,Accessibility Compliance Allowance,,,3,Default,1,SF,,,Medium,,,
AST001795,Ken Caryl MS,Roof,Roof Membrane,,25,3,Default,1,SF,,,Medium,,,
AST001796,Ken Caryl MS,HVAC,RTU/Boiler-Chiller (Major),,20,3,Default,1,EA,,,Medium,,,
AST001797,Ken Caryl MS,Plumbing,Domestic Water/Fixtures (Major),,30,3,Default,1,EA,,,Medium,,,
AST001798,Ken Caryl MS,Electrical,Switchgear/Panels (Major),,30,3,Default,1,EA,,,Medium,,,
AST001799,Ken Caryl MS,Fire Protection,Fire Alarm/Sprinklers (Major),,25,3,Default,1,EA,,,Medium,,,
AST001800,Ken Caryl MS,Security,Access Control/Cameras (Major),,10,3,Default,1,EA,,,Medium,,,
AST001801,Ken Caryl MS,Envelope,Facade/Cladding (Major),,40,3,Default,1,SF,,,Medium,,,
AST001802,Ken Caryl MS,Windows,Window Replacement,,35,3,Default,1,SF,,,Medium,,,
AST001803,Ken Caryl MS,Interiors,Flooring/Finishes (Major),,15,3,Default,1,SF,,,Medium,,,
AST001804,Ken Caryl MS,Lighting,Interior Lighting Upgrade,,15,3,Default,1,SF,,,Medium,,,
AST001805,Ken Caryl MS,Site,Playground/Site Hardscape,,20,3,Default,1,EA,,,Medium,,,
AST001806,Ken Caryl MS,Hazmat,Abatement/Remediation Allowance,,,3,Default,1,SF,,,Medium,,,
AST001807,Ken Caryl MS,ADA,Accessibility Compliance Allowance,,,3,Default,1,SF,,,Medium,,,
AST001808,Carmody MS,Roof,Roof Membrane,,25,3,Default,1,SF,,,Medium,,,
AST001809,Carmody MS,HVAC,RTU/Boiler-Chiller (Major),,20,3,Default,1,EA,,,Medium,,,
AST001810,Carmody MS,Plumbing,Domestic Water/Fixtures (Major),,30,3,Default,1,EA,,,Medium,,,
AST001811,Carmody MS,Electrical,Switchgear/Panels (Major),,30,3,Default,1,EA,,,Medium,,,
AST001812,Carmody MS,Fire Protection,Fire Alarm/Sprinklers (Major),,25,3,Default,1,EA,,,Medium,,,
AST001813,Carmody MS,Security,Access Control/Cameras (Major),,10,3,Default,1,EA,,,Medium,,,
AST001814,Carmody MS,Envelope,Facade/Cladding (Major),,40,3,Default,1,SF,,,Medium,,,
AST001815,Carmody MS,Windows,Window Replacement,,35,3,Default,1,SF,,,Medium,,,
AST001816,Carmody MS,Interiors,Flooring/Finishes (Major),,15,3,Default,1,SF,,,Medium,,,
AST001817,Carmody MS,Lighting,Interior Lighting Upgrade,,15,3,Default,1,SF,,,Medium,,,
AST001818,Carmody MS,Site,Playground/Site Hardscape,,20,3,Default,1,EA,,,Medium,,,
AST001819,Carmody MS,Hazmat,Abatement/Remediation Allowance,,,3,Default,1,SF,,,Medium,,,
AST001820,Carmody MS,ADA,Accessibility Compliance Allowance,,,3,Default,1,SF,,,Medium,,,
AST001821,Creighton MS,Roof,Roof Membrane,,25,3,Default,1,SF,,,Medium,,,
AST001822,Creighton MS,HVAC,RTU/Boiler-Chiller (Major),,20,3,Default,1,EA,,,Medium,,,
AST001823,Creighton MS,Plumbing,Domestic Water/Fixtures (Major),,30,3,Default,1,EA,,,Medium,,,
AST001824,Creighton MS,Electrical,Switchgear/Panels (Major),,30,3,Default,1,EA,,,Medium,,,
AST001825,Creighton MS,Fire Protection,Fire Alarm/Sprinklers (Major),,25,3,Default,1,EA,,,Medium,,,
AST001826,Creighton MS,Security,Access Control/Cameras (Major),,10,3,Default,1,EA,,,Medium,,,
AST001827,Creighton MS,Envelope,Facade/Cladding (Major),,40,3,Default,1,SF,,,Medium,,,
AST001828,Creighton MS,Windows,Window Replacement,,35,3,Default,1,SF,,,Medium,,,
AST001829,Creighton MS,Interiors,Flooring/Finishes (Major),,15,3,Default,1,SF,,,Medium,,,
AST001830,Creighton MS,Lighting,Interior Lighting Upgrade,,15,3,Default,1,SF,,,Medium,,,
AST001831,Creighton MS,Site,Playground/Site Hardscape,,20,3,Default,1,EA,,,Medium,,,
AST001832,Creighton MS,Hazmat,Abatement/Remediation Allowance,,,3,Default,1,SF,,,Medium,,,
AST001833,Creighton MS,ADA,Accessibility Compliance Allowance,,,3,Default,1,SF,,,Medium,,,
AST001834,Deer Creek MS,Roof,Roof Membrane,,25,3,Default,1,SF,,,Medium,,,
AST001835,Deer Creek MS,HVAC,RTU/Boiler-Chiller (Major),,20,3,Default,1,EA,,,Medium,,,
AST001836,Deer Creek MS,Plumbing,Domestic Water/Fixtures (Major),,30,3,Default,1,EA,,,Medium,,,
AST001837,Deer Creek MS,Electrical,Switchgear/Panels (Major),,30,3,Default,1,EA,,,Medium,,,
AST001838,Deer Creek MS,Fire Protection,Fire Alarm/Sprinklers (Major),,25,3,Default,1,EA,,,Medium,,,
AST001839,Deer Creek MS,Security,Access Control/Cameras (Major),,10,3,Default,1,EA,,,Medium,,,
AST001840,Deer Creek MS,Envelope,Facade/Cladding (Major),,40,3,Default,1,SF,,,Medium,,,
AST001841,Deer Creek MS,Windows,Window Replacement,,35,3,Default,1,SF,,,Medium,,,
AST001842,Deer Creek MS,Interiors,Flooring/Finishes (Major),,15,3,Default,1,SF,,,Medium,,,
AST001843,Deer Creek MS,Lighting,Interior Lighting Upgrade,,15,3,Default,1,SF,,,Medium,,,
AST001844,Deer Creek MS,Site,Playground/Site Hardscape,,20,3,Default,1,EA,,,Medium,,,
AST001845,Deer Creek MS,Hazmat,Abatement/Remediation Allowance,,,3,Default,1,SF,,,Medium,,,
AST001846,Deer Creek MS,ADA,Accessibility Compliance Allowance,,,3,Default,1,SF,,,Medium,,,
AST001847,Drake MS,Roof,Roof Membrane,,25,3,Default,1,SF,,,Medium,,,
AST001848,Drake MS,HVAC,RTU/Boiler-Chiller (Major),,20,3,Default,1,EA,,,Medium,,,
AST001849,Drake MS,Plumbing,Domestic Water/Fixtures (Major),,30,3,Default,1,EA,,,Medium,,,
AST001850,Drake MS,Electrical,Switchgear/Panels (Major),,30,3,Default,1,EA,,,Medium,,,
AST001851,Drake MS,Fire Protection,Fire Alarm/Sprinklers (Major),,25,3,Default,1,EA,,,Medium,,,
AST001852,Drake MS,Security,Access Control/Cameras (Major),,10,3,Default,1,EA,,,Medium,,,
AST001853,Drake MS,Envelope,Facade/Cladding (Major),,40,3,Default,1,SF,,,Medium,,,
AST001854,Drake MS,Windows,Window Replacement,,35,3,Default,1,SF,,,Medium,,,
AST001855,Drake MS,Interiors,Flooring/Finishes (Major),,15,3,Default,1,SF,,,Medium,,,
AST001856,Drake MS,Lighting,Interior Lighting Upgrade,,15,3,Default,1,SF,,,Medium,,,
AST001857,Drake MS,Site,Playground/Site Hardscape,,20,3,Default,1,EA,,,Medium,,,
AST001858,Drake MS,Hazmat,Abatement/Remediation Allowance,,,3,Default,1,SF,,,Medium,,,
AST001859,Drake MS,ADA,Accessibility Compliance Allowance,,,3,Default,1,SF,,,Medium,,,
AST001860,Dunstan MS,Roof,Roof Membrane,,25,3,Default,1,SF,,,Medium,,,
AST001861,Dunstan MS,HVAC,RTU/Boiler-Chiller (Major),,20,3,Default,1,EA,,,Medium,,,
AST001862,Dunstan MS,Plumbing,Domestic Water/Fixtures (Major),,30,3,Default,1,EA,,,Medium,,,
AST001863,Dunstan MS,Electrical,Switchgear/Panels (Major),,30,3,Default,1,EA,,,Medium,,,
AST001864,Dunstan MS,Fire Protection,Fire Alarm/Sprinklers (Major),,25,3,Default,1,EA,,,Medium,,,
AST001865,Dunstan MS,Security,Access Control/Cameras (Major),,10,3,Default,1,EA,,,Medium,,,
AST001866,Dunstan MS,Envelope,Facade/Cladding (Major),,40,3,Default,1,SF,,,Medium,,,
AST001867,Dunstan MS,Windows,Window Replacement,,35,3,Default,1,SF,,,Medium,,,
AST001868,Dunstan MS,Interiors,Flooring/Finishes (Major),,15,3,Default,1,SF,,,Medium,,,
AST001869,Dunstan MS,Lighting,Interior Lighting Upgrade,,15,3,Default,1,SF,,,Medium,,,
AST001870,Dunstan MS,Site,Playground/Site Hardscape,,20,3,Default,1,EA,,,Medium,,,
AST001871,Dunstan MS,Hazmat,Abatement/Remediation Allowance,,,3,Default,1,SF,,,Medium,,,
AST001872,Dunstan MS,ADA,Accessibility Compliance Allowance,,,3,Default,1,SF,,,Medium,,,
AST001873,Evergreen MS,Roof,Roof Membrane,,25,3,Default,1,SF,,,Medium,,,
AST001874,Evergreen MS,HVAC,RTU/Boiler-Chiller (Major),,20,3,Default,1,EA,,,Medium,,,
AST001875,Evergreen MS,Plumbing,Domestic Water/Fixtures (Major),,30,3,Default,1,EA,,,Medium,,,
AST001876,Evergreen MS,Electrical,Switchgear/Panels (Major),,30,3,Default,1,EA,,,Medium,,,
AST001877,Evergreen MS,Fire Protection,Fire Alarm/Sprinklers (Major),,25,3,Default,1,EA,,,Medium,,,
AST001878,Evergreen MS,Security,Access Control/Cameras (Major),,10,3,Default,1,EA,,,Medium,,,
AST001879,Evergreen MS,Envelope,Facade/Cladding (Major),,40,3,Default,1,SF,,,Medium,,,
AST001880,Evergreen MS,Windows,Window Replacement,,35,3,Default,1,SF,,,Medium,,,
AST001881,Evergreen MS,Interiors,Flooring/Finishes (Major),,15,3,Default,1,SF,,,Medium,,,
AST001882,Evergreen MS,Lighting,Interior Lighting Upgrade,,15,3,Default,1,SF,,,Medium,,,
AST001883,Evergreen MS,Site,Playground/Site Hardscape,,20,3,Default,1,EA,,,Medium,,,
AST001884,Evergreen MS,Hazmat,Abatement/Remediation Allowance,,,3,Default,1,SF,,,Medium,,,
AST001885,Evergreen MS,ADA,Accessibility Compliance Allowance,,,3,Default,1,SF,,,Medium,,,
AST001886,Everitt MS,Roof,Roof Membrane,,25,3,Default,1,SF,,,Medium,,,
AST001887,Everitt MS,HVAC,RTU/Boiler-Chiller (Major),,20,3,Default,1,EA,,,Medium,,,
AST001888,Everitt MS,Plumbing,Domestic Water/Fixtures (Major),,30,3,Default,1,EA,,,Medium,,,
AST001889,Everitt MS,Electrical,Switchgear/Panels (Major),,30,3,Default,1,EA,,,Medium,,,
AST001890,Everitt MS,Fire Protection,Fire Alarm/Sprinklers (Major),,25,3,Default,1,EA,,,Medium,,,
AST001891,Everitt MS,Security,Access Control/Cameras (Major),,10,3,Default,1,EA,,,Medium,,,
AST001892,Everitt MS,Envelope,Facade/Cladding (Major),,40,3,Default,1,SF,,,Medium,,,
AST001893,Everitt MS,Windows,Window Replacement,,35,3,Default,1,SF,,,Medium,,,
AST001894,Everitt MS,Interiors,Flooring/Finishes (Major),,15,3,Default,1,SF,,,Medium,,,
AST001895,Everitt MS,Lighting,Interior Lighting Upgrade,,15,3,Default,1,SF,,,Medium,,,
AST001896,Everitt MS,Site,Playground/Site Hardscape,,20,3,Default,1,EA,,,Medium,,,
AST001897,Everitt MS,Hazmat,Abatement/Remediation Allowance,,,3,Default,1,SF,,,Medium,,,
AST001898,Everitt MS,ADA,Accessibility Compliance Allowance,,,3,Default,1,SF,,,Medium,,,
AST001899,Falcon Bluffs MS,Roof,Roof Membrane,,25,3,Default,1,SF,,,Medium,,,
AST001900,Falcon Bluffs MS,HVAC,RTU/Boiler-Chiller (Major),,20,3,Default,1,EA,,,Medium,,,
AST001901,Falcon Bluffs MS,Plumbing,Domestic Water/Fixtures (Major),,30,3,Default,1,EA,,,Medium,,,
AST001902,Falcon Bluffs MS,Electrical,Switchgear/Panels (Major),,30,3,Default,1,EA,,,Medium,,,
AST001903,Falcon Bluffs MS,Fire Protection,Fire Alarm/Sprinklers (Major),,25,3,Default,1,EA,,,Medium,,,
AST001904,Falcon Bluffs MS,Security,Access Control/Cameras (Major),,10,3,Default,1,EA,,,Medium,,,
AST001905,Falcon Bluffs MS,Envelope,Facade/Cladding (Major),,40,3,Default,1,SF,,,Medium,,,
AST001906,Falcon Bluffs MS,Windows,Window Replacement,,35,3,Default,1,SF,,,Medium,,,
AST001907,Falcon Bluffs MS,Interiors,Flooring/Finishes (Major),,15,3,Default,1,SF,,,Medium,,,
AST001908,Falcon Bluffs MS,Lighting,Interior Lighting Upgrade,,15,3,Default,1,SF,,,Medium,,,
AST001909,Falcon Bluffs MS,Site,Playground/Site Hardscape,,20,3,Default,1,EA,,,Medium,,,
AST001910,Falcon Bluffs MS,Hazmat,Abatement/Remediation Allowance,,,3,Default,1,SF,,,Medium,,,
AST001911,Falcon Bluffs MS,ADA,Accessibility Compliance Allowance,,,3,Default,1,SF,,,Medium,,,
AST001912,Mandalay MS,Roof,Roof Membrane,,25,3,Default,1,SF,,,Medium,,,
AST001913,Mandalay MS,HVAC,RTU/Boiler-Chiller (Major),,20,3,Default,1,EA,,,Medium,,,
AST001914,Mandalay MS,Plumbing,Domestic Water/Fixtures (Major),,30,3,Default,1,EA,,,Medium,,,
AST001915,Mandalay MS,Electrical,Switchgear/Panels (Major),,30,3,Default,1,EA,,,Medium,,,
AST001916,Mandalay MS,Fire Protection,Fire Alarm/Sprinklers (Major),,25,3,Default,1,EA,,,Medium,,,
AST001917,Mandalay MS,Security,Access Control/Cameras (Major),,10,3,Default,1,EA,,,Medium,,,
AST001918,Mandalay MS,Envelope,Facade/Cladding (Major),,40,3,Default,1,SF,,,Medium,,,
AST001919,Mandalay MS,Windows,Window Replacement,,35,3,Default,1,SF,,,Medium,,,
AST001920,Mandalay MS,Interiors,Flooring/Finishes (Major),,15,3,Default,1,SF,,,Medium,,,
AST001921,Mandalay MS,Lighting,Interior Lighting Upgrade,,15,3,Default,1,SF,,,Medium,,,
AST001922,Mandalay MS,Site,Playground/Site Hardscape,,20,3,Default,1,EA,,,Medium,,,
AST001923,Mandalay MS,Hazmat,Abatement/Remediation Allowance,,,3,Default,1,SF,,,Medium,,,
AST001924,Mandalay MS,ADA,Accessibility Compliance Allowance,,,3,Default,1,SF,,,Medium,,,
AST001925,Moore MS,Roof,Roof Membrane,,25,3,Default,1,SF,,,Medium,,,
AST001926,Moore MS,HVAC,RTU/Boiler-Chiller (Major),,20,3,Default,1,EA,,,Medium,,,
AST001927,Moore MS,Plumbing,Domestic Water/Fixtures (Major),,30,3,Default,1,EA,,,Medium,,,
AST001928,Moore MS,Electrical,Switchgear/Panels (Major),,30,3,Default,1,EA,,,Medium,,,
AST001929,Moore MS,Fire Protection,Fire Alarm/Sprinklers (Major),,25,3,Default,1,EA,,,Medium,,,
AST001930,Moore MS,Security,Access Control/Cameras (Major),,10,3,Default,1,EA,,,Medium,,,
AST001931,Moore MS,Envelope,Facade/Cladding (Major),,40,3,Default,1,SF,,,Medium,,,
AST001932,Moore MS,Windows,Window Replacement,,35,3,Default,1,SF,,,Medium,,,
AST001933,Moore MS,Interiors,Flooring/Finishes (Major),,15,3,Default,1,SF,,,Medium,,,
AST001934,Moore MS,Lighting,Interior Lighting Upgrade,,15,3,Default,1,SF,,,Medium,,,
AST001935,Moore MS,Site,Playground/Site Hardscape,,20,3,Default,1,EA,,,Medium,,,
AST001936,Moore MS,Hazmat,Abatement/Remediation Allowance,,,3,Default,1,SF,,,Medium,,,
AST001937,Moore MS,ADA,Accessibility Compliance Allowance,,,3,Default,1,SF,,,Medium,,,
AST001938,Oberon MS,Roof,Roof Membrane,,25,3,Default,1,SF,,,Medium,,,
AST001939,Oberon MS,HVAC,RTU/Boiler-Chiller (Major),,20,3,Default,1,EA,,,Medium,,,
AST001940,Oberon MS,Plumbing,Domestic Water/Fixtures (Major),,30,3,Default,1,EA,,,Medium,,,
AST001941,Oberon MS,Electrical,Switchgear/Panels (Major),,30,3,Default,1,EA,,,Medium,,,
AST001942,Oberon MS,Fire Protection,Fire Alarm/Sprinklers (Major),,25,3,Default,1,EA,,,Medium,,,
AST001943,Oberon MS,Security,Access Control/Cameras (Major),,10,3,Default,1,EA,,,Medium,,,
AST001944,Oberon MS,Envelope,Facade/Cladding (Major),,40,3,Default,1,SF,,,Medium,,,
AST001945,Oberon MS,Windows,Window Replacement,,35,3,Default,1,SF,,,Medium,,,
AST001946,Oberon MS,Interiors,Flooring/Finishes (Major),,15,3,Default,1,SF,,,Medium,,,
AST001947,Oberon MS,Lighting,Interior Lighting Upgrade,,15,3,Default,1,SF,,,Medium,,,
AST001948,Oberon MS,Site,Playground/Site Hardscape,,20,3,Default,1,EA,,,Medium,,,
AST001949,Oberon MS,Hazmat,Abatement/Remediation Allowance,,,3,Default,1,SF,,,Medium,,,
AST001950,Oberon MS,ADA,Accessibility Compliance Allowance,,,3,Default,1,SF,,,Medium,,,
AST001951,Summit Ridge MS,Roof,Roof Membrane,,25,3,Default,1,SF,,,Medium,,,
AST001952,Summit Ridge MS,HVAC,RTU/Boiler-Chiller (Major),,20,3,Default,1,EA,,,Medium,,,
AST001953,Summit Ridge MS,Plumbing,Domestic Water/Fixtures (Major),,30,3,Default,1,EA,,,Medium,,,
AST001954,Summit Ridge MS,Electrical,Switchgear/Panels (Major),,30,3,Default,1,EA,,,Medium,,,
AST001955,Summit Ridge MS,Fire Protection,Fire Alarm/Sprinklers (Major),,25,3,Default,1,EA,,,Medium,,,
AST001956,Summit Ridge MS,Security,Access Control/Cameras (Major),,10,3,Default,1,EA,,,Medium,,,
AST001957,Summit Ridge MS,Envelope,Facade/Cladding (Major),,40,3,Default,1,SF,,,Medium,,,
AST001958,Summit Ridge MS,Windows,Window Replacement,,35,3,Default,1,SF,,,Medium,,,
AST001959,Summit Ridge MS,Interiors,Flooring/Finishes (Major),,15,3,Default,1,SF,,,Medium,,,
AST001960,Summit Ridge MS,Lighting,Interior Lighting Upgrade,,15,3,Default,1,SF,,,Medium,,,
AST001961,Summit Ridge MS,Site,Playground/Site Hardscape,,20,3,Default,1,EA,,,Medium,,,
AST001962,Summit Ridge MS,Hazmat,Abatement/Remediation Allowance,,,3,Default,1,SF,,,Medium,,,
AST001963,Summit Ridge MS,ADA,Accessibility Compliance Allowance,,,3,Default,1,SF,,,Medium,,,
AST001964,North Arvada MS,Roof,Roof Membrane,,25,3,Default,1,SF,,,Medium,,,
AST001965,North Arvada MS,HVAC,RTU/Boiler-Chiller (Major),,20,3,Default,1,EA,,,Medium,,,
AST001966,North Arvada MS,Plumbing,Domestic Water/Fixtures (Major),,30,3,Default,1,EA,,,Medium,,,
AST001967,North Arvada MS,Electrical,Switchgear/Panels (Major),,30,3,Default,1,EA,,,Medium,,,
AST001968,North Arvada MS,Fire Protection,Fire Alarm/Sprinklers (Major),,25,3,Default,1,EA,,,Medium,,,
AST001969,North Arvada MS,Security,Access Control/Cameras (Major),,10,3,Default,1,EA,,,Medium,,,
AST001970,North Arvada MS,Envelope,Facade/Cladding (Major),,40,3,Default,1,SF,,,Medium,,,
AST001971,North Arvada MS,Windows,Window Replacement,,35,3,Default,1,SF,,,Medium,,,
AST001972,North Arvada MS,Interiors,Flooring/Finishes (Major),,15,3,Default,1,SF,,,Medium,,,
AST001973,North Arvada MS,Lighting,Interior Lighting Upgrade,,15,3,Default,1,SF,,,Medium,,,
AST001974,North Arvada MS,Site,Playground/Site Hardscape,,20,3,Default,1,EA,,,Medium,,,
AST001975,North Arvada MS,Hazmat,Abatement/Remediation Allowance,,,3,Default,1,SF,,,Medium,,,
AST001976,North Arvada MS,ADA,Accessibility Compliance Allowance,,,3,Default,1,SF,,,Medium,,,
AST001977,West Jefferson MS,Roof,Roof Membrane,,25,3,Default,1,SF,,,Medium,,,
AST001978,West Jefferson MS,HVAC,RTU/Boiler-Chiller (Major),,20,3,Default,1,EA,,,Medium,,,
AST001979,West Jefferson MS,Plumbing,Domestic Water/Fixtures (Major),,30,3,Default,1,EA,,,Medium,,,
AST001980,West Jefferson MS,Electrical,Switchgear/Panels (Major),,30,3,Default,1,EA,,,Medium,,,
AST001981,West Jefferson MS,Fire Protection,Fire Alarm/Sprinklers (Major),,25,3,Default,1,EA,,,Medium,,,
AST001982,West Jefferson MS,Security,Access Control/Cameras (Major),,10,3,Default,1,EA,,,Medium,,,
AST001983,West Jefferson MS,Envelope,Facade/Cladding (Major),,40,3,Default,1,SF,,,Medium,,,
AST001984,West Jefferson MS,Windows,Window Replacement,,35,3,Default,1,SF,,,Medium,,,
AST001985,West Jefferson MS,Interiors,Flooring/Finishes (Major),,15,3,Default,1,SF,,,Medium,,,
AST001986,West Jefferson MS,Lighting,Interior Lighting Upgrade,,15,3,Default,1,SF,,,Medium,,,
AST001987,West Jefferson MS,Site,Playground/Site Hardscape,,20,3,Default,1,EA,,,Medium,,,
AST001988,West Jefferson MS,Hazmat,Abatement/Remediation Allowance,,,3,Default,1,SF,,,Medium,,,
AST001989,West Jefferson MS,ADA,Accessibility Compliance Allowance,,,3,Default,1,SF,,,Medium,,,
AST001990,Alameda Int'l Jr-Sr HS,Roof,Roof Membrane,,25,3,Default,1,SF,,,Medium,,,
AST001991,Alameda Int'l Jr-Sr HS,HVAC,RTU/Boiler-Chiller (Major),,20,3,Default,1,EA,,,Medium,,,
AST001992,Alameda Int'l Jr-Sr HS,Plumbing,Domestic Water/Fixtures (Major),,30,3,Default,1,EA,,,Medium,,,
AST001993,Alameda Int'l Jr-Sr HS,Electrical,Switchgear/Panels (Major),,30,3,Default,1,EA,,,Medium,,,
AST001994,Alameda Int'l Jr-Sr HS,Fire Protection,Fire Alarm/Sprinklers (Major),,25,3,Default,1,EA,,,Medium,,,
AST001995,Alameda Int'l Jr-Sr HS,Security,Access Control/Cameras (Major),,10,3,Default,1,EA,,,Medium,,,
AST001996,Alameda Int'l Jr-Sr HS,Envelope,Facade/Cladding (Major),,40,3,Default,1,SF,,,Medium,,,
AST001997,Alameda Int'l Jr-Sr HS,Windows,Window Replacement,,35,3,Default,1,SF,,,Medium,,,
AST001998,Alameda Int'l Jr-Sr HS,Interiors,Flooring/Finishes (Major),,15,3,Default,1,SF,,,Medium,,,
AST001999,Alameda Int'l Jr-Sr HS,Lighting,Interior Lighting Upgrade,,15,3,Default,1,SF,,,Medium,,,
AST002000,Alameda Int'l Jr-Sr HS,Site,Playground/Site Hardscape,,20,3,Default,1,EA,,,Medium,,,
AST002001,Alameda Int'l Jr-Sr HS,Hazmat,Abatement/Remediation Allowance,,,3,Default,1,SF,,,Medium,,,
AST002002,Alameda Int'l Jr-Sr HS,ADA,Accessibility Compliance Allowance,,,3,Default,1,SF,,,Medium,,,
AST002003,Arvada HS,Roof,Roof Membrane,,25,3,Default,1,SF,,,Medium,,,
AST002004,Arvada HS,HVAC,RTU/Boiler-Chiller (Major),,20,3,Default,1,EA,,,Medium,,,
AST002005,Arvada HS,Plumbing,Domestic Water/Fixtures (Major),,30,3,Default,1,EA,,,Medium,,,
AST002006,Arvada HS,Electrical,Switchgear/Panels (Major),,30,3,Default,1,EA,,,Medium,,,
AST002007,Arvada HS,Fire Protection,Fire Alarm/Sprinklers (Major),,25,3,Default,1,EA,,,Medium,,,
AST002008,Arvada HS,Security,Access Control/Cameras (Major),,10,3,Default,1,EA,,,Medium,,,
AST002009,Arvada HS,Envelope,Facade/Cladding (Major),,40,3,Default,1,SF,,,Medium,,,
AST002010,Arvada HS,Windows,Window Replacement,,35,3,Default,1,SF,,,Medium,,,
AST002011,Arvada HS,Interiors,Flooring/Finishes (Major),,15,3,Default,1,SF,,,Medium,,,
AST002012,Arvada HS,Lighting,Interior Lighting Upgrade,,15,3,Default,1,SF,,,Medium,,,
AST002013,Arvada HS,Site,Playground/Site Hardscape,,20,3,Default,1,EA,,,Medium,,,
AST002014,Arvada HS,Hazmat,Abatement/Remediation Allowance,,,3,Default,1,SF,,,Medium,,,
AST002015,Arvada HS,ADA,Accessibility Compliance Allowance,,,3,Default,1,SF,,,Medium,,,
AST002016,Arvada West HS,Roof,Roof Membrane,,25,3,Default,1,SF,,,Medium,,,
AST002017,Arvada West HS,HVAC,RTU/Boiler-Chiller (Major),,20,3,Default,1,EA,,,Medium,,,
AST002018,Arvada West HS,Plumbing,Domestic Water/Fixtures (Major),,30,3,Default,1,EA,,,Medium,,,
AST002019,Arvada West HS,Electrical,Switchgear/Panels (Major),,30,3,Default,1,EA,,,Medium,,,
AST002020,Arvada West HS,Fire Protection,Fire Alarm/Sprinklers (Major),,25,3,Default,1,EA,,,Medium,,,
AST002021,Arvada West HS,Security,Access Control/Cameras (Major),,10,3,Default,1,EA,,,Medium,,,
AST002022,Arvada West HS,Envelope,Facade/Cladding (Major),,40,3,Default,1,SF,,,Medium,,,
AST002023,Arvada West HS,Windows,Window Replacement,,35,3,Default,1,SF,,,Medium,,,
AST002024,Arvada West HS,Interiors,Flooring/Finishes (Major),,15,3,Default,1,SF,,,Medium,,,
AST002025,Arvada West HS,Lighting,Interior Lighting Upgrade,,15,3,Default,1,SF,,,Medium,,,
AST002026,Arvada West HS,Site,Playground/Site Hardscape,,20,3,Default,1,EA,,,Medium,,,
AST002027,Arvada West HS,Hazmat,Abatement/Remediation Allowance,,,3,Default,1,SF,,,Medium,,,
AST002028,Arvada West HS,ADA,Accessibility Compliance Allowance,,,3,Default,1,SF,,,Medium,,,
AST002029,Bear Creek HS,Roof,Roof Membrane,,25,3,Default,1,SF,,,Medium,,,
AST002030,Bear Creek HS,HVAC,RTU/Boiler-Chiller (Major),,20,3,Default,1,EA,,,Medium,,,
AST002031,Bear Creek HS,Plumbing,Domestic Water/Fixtures (Major),,30,3,Default,1,EA,,,Medium,,,
AST002032,Bear Creek HS,Electrical,Switchgear/Panels (Major),,30,3,Default,1,EA,,,Medium,,,
AST002033,Bear Creek HS,Fire Protection,Fire Alarm/Sprinklers (Major),,25,3,Default,1,EA,,,Medium,,,
AST002034,Bear Creek HS,Security,Access Control/Cameras (Major),,10,3,Default,1,EA,,,Medium,,,
AST002035,Bear Creek HS,Envelope,Facade/Cladding (Major),,40,3,Default,1,SF,,,Medium,,,
AST002036,Bear Creek HS,Windows,Window Replacement,,35,3,Default,1,SF,,,Medium,,,
AST002037,Bear Creek HS,Interiors,Flooring/Finishes (Major),,15,3,Default,1,SF,,,Medium,,,
AST002038,Bear Creek HS,Lighting,Interior Lighting Upgrade,,15,3,Default,1,SF,,,Medium,,,
AST002039,Bear Creek HS,Site,Playground/Site Hardscape,,20,3,Default,1,EA,,,Medium,,,
AST002040,Bear Creek HS,Hazmat,Abatement/Remediation Allowance,,,3,Default,1,SF,,,Medium,,,
AST002041,Bear Creek HS,ADA,Accessibility Compliance Allowance,,,3,Default,1,SF,,,Medium,,,
AST002042,Chatfield HS,Roof,Roof Membrane,,25,3,Default,1,SF,,,Medium,,,
AST002043,Chatfield HS,HVAC,RTU/Boiler-Chiller (Major),,20,3,Default,1,EA,,,Medium,,,
AST002044,Chatfield HS,Plumbing,Domestic Water/Fixtures (Major),,30,3,Default,1,EA,,,Medium,,,
AST002045,Chatfield HS,Electrical,Switchgear/Panels (Major),,30,3,Default,1,EA,,,Medium,,,
AST002046,Chatfield HS,Fire Protection,Fire Alarm/Sprinklers (Major),,25,3,Default,1,EA,,,Medium,,,
AST002047,Chatfield HS,Security,Access Control/Cameras (Major),,10,3,Default,1,EA,,,Medium,,,
AST002048,Chatfield HS,Envelope,Facade/Cladding (Major),,40,3,Default,1,SF,,,Medium,,,
AST002049,Chatfield HS,Windows,Window Replacement,,35,3,Default,1,SF,,,Medium,,,
AST002050,Chatfield HS,Interiors,Flooring/Finishes (Major),,15,3,Default,1,SF,,,Medium,,,
AST002051,Chatfield HS,Lighting,Interior Lighting Upgrade,,15,3,Default,1,SF,,,Medium,,,
AST002052,Chatfield HS,Site,Playground/Site Hardscape,,20,3,Default,1,EA,,,Medium,,,
AST002053,Chatfield HS,Hazmat,Abatement/Remediation Allowance,,,3,Default,1,SF,,,Medium,,,
AST002054,Chatfield HS,ADA,Accessibility Compliance Allowance,,,3,Default,1,SF,,,Medium,,,
AST002055,Columbine HS,Roof,Roof Membrane,,25,3,Default,1,SF,,,Medium,,,
AST002056,Columbine HS,HVAC,RTU/Boiler-Chiller (Major),,20,3,Default,1,EA,,,Medium,,,
AST002057,Columbine HS,Plumbing,Domestic Water/Fixtures (Major),,30,3,Default,1,EA,,,Medium,,,
AST002058,Columbine HS,Electrical,Switchgear/Panels (Major),,30,3,Default,1,EA,,,Medium,,,
AST002059,Columbine HS,Fire Protection,Fire Alarm/Sprinklers (Major),,25,3,Default,1,EA,,,Medium,,,
AST002060,Columbine HS,Security,Access Control/Cameras (Major),,10,3,Default,1,EA,,,Medium,,,
AST002061,Columbine HS,Envelope,Facade/Cladding (Major),,40,3,Default,1,SF,,,Medium,,,
AST002062,Columbine HS,Windows,Window Replacement,,35,3,Default,1,SF,,,Medium,,,
AST002063,Columbine HS,Interiors,Flooring/Finishes (Major),,15,3,Default,1,SF,,,Medium,,,
AST002064,Columbine HS,Lighting,Interior Lighting Upgrade,,15,3,Default,1,SF,,,Medium,,,
AST002065,Columbine HS,Site,Playground/Site Hardscape,,20,3,Default,1,EA,,,Medium,,,
AST002066,Columbine HS,Hazmat,Abatement/Remediation Allowance,,,3,Default,1,SF,,,Medium,,,
AST002067,Columbine HS,ADA,Accessibility Compliance Allowance,,,3,Default,1,SF,,,Medium,,,
AST002068,Conifer HS,Roof,Roof Membrane,,25,3,Default,1,SF,,,Medium,,,
AST002069,Conifer HS,HVAC,RTU/Boiler-Chiller (Major),,20,3,Default,1,EA,,,Medium,,,
AST002070,Conifer HS,Plumbing,Domestic Water/Fixtures (Major),,30,3,Default,1,EA,,,Medium,,,
AST002071,Conifer HS,Electrical,Switchgear/Panels (Major),,30,3,Default,1,EA,,,Medium,,,
AST002072,Conifer HS,Fire Protection,Fire Alarm/Sprinklers (Major),,25,3,Default,1,EA,,,Medium,,,
AST002073,Conifer HS,Security,Access Control/Cameras (Major),,10,3,Default,1,EA,,,Medium,,,
AST002074,Conifer HS,Envelope,Facade/Cladding (Major),,40,3,Default,1,SF,,,Medium,,,
AST002075,Conifer HS,Windows,Window Replacement,,35,3,Default,1,SF,,,Medium,,,
AST002076,Conifer HS,Interiors,Flooring/Finishes (Major),,15,3,Default,1,SF,,,Medium,,,
AST002077,Conifer HS,Lighting,Interior Lighting Upgrade,,15,3,Default,1,SF,,,Medium,,,
AST002078,Conifer HS,Site,Playground/Site Hardscape,,20,3,Default,1,EA,,,Medium,,,
AST002079,Conifer HS,Hazmat,Abatement/Remediation Allowance,,,3,Default,1,SF,,,Medium,,,
AST002080,Conifer HS,ADA,Accessibility Compliance Allowance,,,3,Default,1,SF,,,Medium,,,
AST002081,Dakota Ridge HS,Roof,Roof Membrane,,25,3,Default,1,SF,,,Medium,,,
AST002082,Dakota Ridge HS,HVAC,RTU/Boiler-Chiller (Major),,20,3,Default,1,EA,,,Medium,,,
AST002083,Dakota Ridge HS,Plumbing,Domestic Water/Fixtures (Major),,30,3,Default,1,EA,,,Medium,,,
AST002084,Dakota Ridge HS,Electrical,Switchgear/Panels (Major),,30,3,Default,1,EA,,,Medium,,,
AST002085,Dakota Ridge HS,Fire Protection,Fire Alarm/Sprinklers (Major),,25,3,Default,1,EA,,,Medium,,,
AST002086,Dakota Ridge HS,Security,Access Control/Cameras (Major),,10,3,Default,1,EA,,,Medium,,,
AST002087,Dakota Ridge HS,Envelope,Facade/Cladding (Major),,40,3,Default,1,SF,,,Medium,,,
AST002088,Dakota Ridge HS,Windows,Window Replacement,,35,3,Default,1,SF,,,Medium,,,
AST002089,Dakota Ridge HS,Interiors,Flooring/Finishes (Major),,15,3,Default,1,SF,,,Medium,,,
AST002090,Dakota Ridge HS,Lighting,Interior Lighting Upgrade,,15,3,Default,1,SF,,,Medium,,,
AST002091,Dakota Ridge HS,Site,Playground/Site Hardscape,,20,3,Default,1,EA,,,Medium,,,
AST002092,Dakota Ridge HS,Hazmat,Abatement/Remediation Allowance,,,3,Default,1,SF,,,Medium,,,
AST002093,Dakota Ridge HS,ADA,Accessibility Compliance Allowance,,,3,Default,1,SF,,,Medium,,,
AST002094,Evergreen HS,Roof,Roof Membrane,,25,3,Default,1,SF,,,Medium,,,
AST002095,Evergreen HS,HVAC,RTU/Boiler-Chiller (Major),,20,3,Default,1,EA,,,Medium,,,
AST002096,Evergreen HS,Plumbing,Domestic Water/Fixtures (Major),,30,3,Default,1,EA,,,Medium,,,
AST002097,Evergreen HS,Electrical,Switchgear/Panels (Major),,30,3,Default,1,EA,,,Medium,,,
AST002098,Evergreen HS,Fire Protection,Fire Alarm/Sprinklers (Major),,25,3,Default,1,EA,,,Medium,,,
AST002099,Evergreen HS,Security,Access Control/Cameras (Major),,10,3,Default,1,EA,,,Medium,,,
AST002100,Evergreen HS,Envelope,Facade/Cladding (Major),,40,3,Default,1,SF,,,Medium,,,
AST002101,Evergreen HS,Windows,Window Replacement,,35,3,Default,1,SF,,,Medium,,,
AST002102,Evergreen HS,Interiors,Flooring/Finishes (Major),,15,3,Default,1,SF,,,Medium,,,
AST002103,Evergreen HS,Lighting,Interior Lighting Upgrade,,15,3,Default,1,SF,,,Medium,,,
AST002104,Evergreen HS,Site,Playground/Site Hardscape,,20,3,Default,1,EA,,,Medium,,,
AST002105,Evergreen HS,Hazmat,Abatement/Remediation Allowance,,,3,Default,1,SF,,,Medium,,,
AST002106,Evergreen HS,ADA,Accessibility Compliance Allowance,,,3,Default,1,SF,,,Medium,,,
AST002107,Golden HS,Roof,Roof Membrane,,25,3,Default,1,SF,,,Medium,,,
AST002108,Golden HS,HVAC,RTU/Boiler-Chiller (Major),,20,3,Default,1,EA,,,Medium,,,
AST002109,Golden HS,Plumbing,Domestic Water/Fixtures (Major),,30,3,Default,1,EA,,,Medium,,,
AST002110,Golden HS,Electrical,Switchgear/Panels (Major),,30,3,Default,1,EA,,,Medium,,,
AST002111,Golden HS,Fire Protection,Fire Alarm/Sprinklers (Major),,25,3,Default,1,EA,,,Medium,,,
AST002112,Golden HS,Security,Access Control/Cameras (Major),,10,3,Default,1,EA,,,Medium,,,
AST002113,Golden HS,Envelope,Facade/Cladding (Major),,40,3,Default,1,SF,,,Medium,,,
AST002114,Golden HS,Windows,Window Replacement,,35,3,Default,1,SF,,,Medium,,,
AST002115,Golden HS,Interiors,Flooring/Finishes (Major),,15,3,Default,1,SF,,,Medium,,,
AST002116,Golden HS,Lighting,Interior Lighting Upgrade,,15,3,Default,1,SF,,,Medium,,,
AST002117,Golden HS,Site,Playground/Site Hardscape,,20,3,Default,1,EA,,,Medium,,,
AST002118,Golden HS,Hazmat,Abatement/Remediation Allowance,,,3,Default,1,SF,,,Medium,,,
AST002119,Golden HS,ADA,Accessibility Compliance Allowance,,,3,Default,1,SF,,,Medium,,,
AST002120,Green Mountain HS,Roof,Roof Membrane,,25,3,Default,1,SF,,,Medium,,,
AST002121,Green Mountain HS,HVAC,RTU/Boiler-Chiller (Major),,20,3,Default,1,EA,,,Medium,,,
AST002122,Green Mountain HS,Plumbing,Domestic Water/Fixtures (Major),,30,3,Default,1,EA,,,Medium,,,
AST002123,Green Mountain HS,Electrical,Switchgear/Panels (Major),,30,3,Default,1,EA,,,Medium,,,
AST002124,Green Mountain HS,Fire Protection,Fire Alarm/Sprinklers (Major),,25,3,Default,1,EA,,,Medium,,,
AST002125,Green Mountain HS,Security,Access Control/Cameras (Major),,10,3,Default,1,EA,,,Medium,,,
AST002126,Green Mountain HS,Envelope,Facade/Cladding (Major),,40,3,Default,1,SF,,,Medium,,,
AST002127,Green Mountain HS,Windows,Window Replacement,,35,3,Default,1,SF,,,Medium,,,
AST002128,Green Mountain HS,Interiors,Flooring/Finishes (Major),,15,3,Default,1,SF,,,Medium,,,
AST002129,Green Mountain HS,Lighting,Interior Lighting Upgrade,,15,3,Default,1,SF,,,Medium,,,
AST002130,Green Mountain HS,Site,Playground/Site Hardscape,,20,3,Default,1,EA,,,Medium,,,
AST002131,Green Mountain HS,Hazmat,Abatement/Remediation Allowance,,,3,Default,1,SF,,,Medium,,,
AST002132,Green Mountain HS,ADA,Accessibility Compliance Allowance,,,3,Default,1,SF,,,Medium,,,
AST002133,Jefferson Jr-Sr HS,Roof,Roof Membrane,,25,3,Default,1,SF,,,Medium,,,
AST002134,Jefferson Jr-Sr HS,HVAC,RTU/Boiler-Chiller (Major),,20,3,Default,1,EA,,,Medium,,,
AST002135,Jefferson Jr-Sr HS,Plumbing,Domestic Water/Fixtures (Major),,30,3,Default,1,EA,,,Medium,,,
AST002136,Jefferson Jr-Sr HS,Electrical,Switchgear/Panels (Major),,30,3,Default,1,EA,,,Medium,,,
AST002137,Jefferson Jr-Sr HS,Fire Protection,Fire Alarm/Sprinklers (Major),,25,3,Default,1,EA,,,Medium,,,
AST002138,Jefferson Jr-Sr HS,Security,Access Control/Cameras (Major),,10,3,Default,1,EA,,,Medium,,,
AST002139,Jefferson Jr-Sr HS,Envelope,Facade/Cladding (Major),,40,3,Default,1,SF,,,Medium,,,
AST002140,Jefferson Jr-Sr HS,Windows,Window Replacement,,35,3,Default,1,SF,,,Medium,,,
AST002141,Jefferson Jr-Sr HS,Interiors,Flooring/Finishes (Major),,15,3,Default,1,SF,,,Medium,,,
AST002142,Jefferson Jr-Sr HS,Lighting,Interior Lighting Upgrade,,15,3,Default,1,SF,,,Medium,,,
AST002143,Jefferson Jr-Sr HS,Site,Playground/Site Hardscape,,20,3,Default,1,EA,,,Medium,,,
AST002144,Jefferson Jr-Sr HS,Hazmat,Abatement/Remediation Allowance,,,3,Default,1,SF,,,Medium,,,
AST002145,Jefferson Jr-Sr HS,ADA,Accessibility Compliance Allowance,,,3,Default,1,SF,,,Medium,,,
AST002146,Lakewood HS,Roof,Roof Membrane,,25,3,Default,1,SF,,,Medium,,,
AST002147,Lakewood HS,HVAC,RTU/Boiler-Chiller (Major),,20,3,Default,1,EA,,,Medium,,,
AST002148,Lakewood HS,Plumbing,Domestic Water/Fixtures (Major),,30,3,Default,1,EA,,,Medium,,,
AST002149,Lakewood HS,Electrical,Switchgear/Panels (Major),,30,3,Default,1,EA,,,Medium,,,
AST002150,Lakewood HS,Fire Protection,Fire Alarm/Sprinklers (Major),,25,3,Default,1,EA,,,Medium,,,
AST002151,Lakewood HS,Security,Access Control/Cameras (Major),,10,3,Default,1,EA,,,Medium,,,
AST002152,Lakewood HS,Envelope,Facade/Cladding (Major),,40,3,Default,1,SF,,,Medium,,,
AST002153,Lakewood HS,Windows,Window Replacement,,35,3,Default,1,SF,,,Medium,,,
AST002154,Lakewood HS,Interiors,Flooring/Finishes (Major),,15,3,Default,1,SF,,,Medium,,,
AST002155,Lakewood HS,Lighting,Interior Lighting Upgrade,,15,3,Default,1,SF,,,Medium,,,
AST002156,Lakewood HS,Site,Playground/Site Hardscape,,20,3,Default,1,EA,,,Medium,,,
AST002157,Lakewood HS,Hazmat,Abatement/Remediation Allowance,,,3,Default,1,SF,,,Medium,,,
AST002158,Lakewood HS,ADA,Accessibility Compliance Allowance,,,3,Default,1,SF,,,Medium,,,
AST002159,Pomona HS,Roof,Roof Membrane,,25,3,Default,1,SF,,,Medium,,,
AST002160,Pomona HS,HVAC,RTU/Boiler-Chiller (Major),,20,3,Default,1,EA,,,Medium,,,
AST002161,Pomona HS,Plumbing,Domestic Water/Fixtures (Major),,30,3,Default,1,EA,,,Medium,,,
AST002162,Pomona HS,Electrical,Switchgear/Panels (Major),,30,3,Default,1,EA,,,Medium,,,
AST002163,Pomona HS,Fire Protection,Fire Alarm/Sprinklers (Major),,25,3,Default,1,EA,,,Medium,,,
AST002164,Pomona HS,Security,Access Control/Cameras (Major),,10,3,Default,1,EA,,,Medium,,,
AST002165,Pomona HS,Envelope,Facade/Cladding (Major),,40,3,Default,1,SF,,,Medium,,,
AST002166,Pomona HS,Windows,Window Replacement,,35,3,Default,1,SF,,,Medium,,,
AST002167,Pomona HS,Interiors,Flooring/Finishes (Major),,15,3,Default,1,SF,,,Medium,,,
AST002168,Pomona HS,Lighting,Interior Lighting Upgrade,,15,3,Default,1,SF,,,Medium,,,
AST002169,Pomona HS,Site,Playground/Site Hardscape,,20,3,Default,1,EA,,,Medium,,,
AST002170,Pomona HS,Hazmat,Abatement/Remediation Allowance,,,3,Default,1,SF,,,Medium,,,
AST002171,Pomona HS,ADA,Accessibility Compliance Allowance,,,3,Default,1,SF,,,Medium,,,
AST002172,Ralston Valley HS,Roof,Roof Membrane,,25,3,Default,1,SF,,,Medium,,,
AST002173,Ralston Valley HS,HVAC,RTU/Boiler-Chiller (Major),,20,3,Default,1,EA,,,Medium,,,
AST002174,Ralston Valley HS,Plumbing,Domestic Water/Fixtures (Major),,30,3,Default,1,EA,,,Medium,,,
AST002175,Ralston Valley HS,Electrical,Switchgear/Panels (Major),,30,3,Default,1,EA,,,Medium,,,
AST002176,Ralston Valley HS,Fire Protection,Fire Alarm/Sprinklers (Major),,25,3,Default,1,EA,,,Medium,,,
AST002177,Ralston Valley HS,Security,Access Control/Cameras (Major),,10,3,Default,1,EA,,,Medium,,,
AST002178,Ralston Valley HS,Envelope,Facade/Cladding (Major),,40,3,Default,1,SF,,,Medium,,,
AST002179,Ralston Valley HS,Windows,Window Replacement,,35,3,Default,1,SF,,,Medium,,,
AST002180,Ralston Valley HS,Interiors,Flooring/Finishes (Major),,15,3,Default,1,SF,,,Medium,,,
AST002181,Ralston Valley HS,Lighting,Interior Lighting Upgrade,,15,3,Default,1,SF,,,Medium,,,
AST002182,Ralston Valley HS,Site,Playground/Site Hardscape,,20,3,Default,1,EA,,,Medium,,,
AST002183,Ralston Valley HS,Hazmat,Abatement/Remediation Allowance,,,3,Default,1,SF,,,Medium,,,
AST002184,Ralston Valley HS,ADA,Accessibility Compliance Allowance,,,3,Default,1,SF,,,Medium,,,
AST002185,Standley Lake HS,Roof,Roof Membrane,,25,3,Default,1,SF,,,Medium,,,
AST002186,Standley Lake HS,HVAC,RTU/Boiler-Chiller (Major),,20,3,Default,1,EA,,,Medium,,,
AST002187,Standley Lake HS,Plumbing,Domestic Water/Fixtures (Major),,30,3,Default,1,EA,,,Medium,,,
AST002188,Standley Lake HS,Electrical,Switchgear/Panels (Major),,30,3,Default,1,EA,,,Medium,,,
AST002189,Standley Lake HS,Fire Protection,Fire Alarm/Sprinklers (Major),,25,3,Default,1,EA,,,Medium,,,
AST002190,Standley Lake HS,Security,Access Control/Cameras (Major),,10,3,Default,1,EA,,,Medium,,,
AST002191,Standley Lake HS,Envelope,Facade/Cladding (Major),,40,3,Default,1,SF,,,Medium,,,
AST002192,Standley Lake HS,Windows,Window Replacement,,35,3,Default,1,SF,,,Medium,,,
AST002193,Standley Lake HS,Interiors,Flooring/Finishes (Major),,15,3,Default,1,SF,,,Medium,,,
AST002194,Standley Lake HS,Lighting,Interior Lighting Upgrade,,15,3,Default,1,SF,,,Medium,,,
AST002195,Standley Lake HS,Site,Playground/Site Hardscape,,20,3,Default,1,EA,,,Medium,,,
AST002196,Standley Lake HS,Hazmat,Abatement/Remediation Allowance,,,3,Default,1,SF,,,Medium,,,
AST002197,Standley Lake HS,ADA,Accessibility Compliance Allowance,,,3,Default,1,SF,,,Medium,,,
AST002198,Wheat Ridge HS,Roof,Roof Membrane,,25,3,Default,1,SF,,,Medium,,,
AST002199,Wheat Ridge HS,HVAC,RTU/Boiler-Chiller (Major),,20,3,Default,1,EA,,,Medium,,,
AST002200,Wheat Ridge HS,Plumbing,Domestic Water/Fixtures (Major),,30,3,Default,1,EA,,,Medium,,,
AST002201,Wheat Ridge HS,Electrical,Switchgear/Panels (Major),,30,3,Default,1,EA,,,Medium,,,
AST002202,Wheat Ridge HS,Fire Protection,Fire Alarm/Sprinklers (Major),,25,3,Default,1,EA,,,Medium,,,
AST002203,Wheat Ridge HS,Security,Access Control/Cameras (Major),,10,3,Default,1,EA,,,Medium,,,
AST002204,Wheat Ridge HS,Envelope,Facade/Cladding (Major),,40,3,Default,1,SF,,,Medium,,,
AST002205,Wheat Ridge HS,Windows,Window Replacement,,35,3,Default,1,SF,,,Medium,,,
AST002206,Wheat Ridge HS,Interiors,Flooring/Finishes (Major),,15,3,Default,1,SF,,,Medium,,,
AST002207,Wheat Ridge HS,Lighting,Interior Lighting Upgrade,,15,3,Default,1,SF,,,Medium,,,
AST002208,Wheat Ridge HS,Site,Playground/Site Hardscape,,20,3,Default,1,EA,,,Medium,,,
AST002209,Wheat Ridge HS,Hazmat,Abatement/Remediation Allowance,,,3,Default,1,SF,,,Medium,,,
AST002210,Wheat Ridge HS,ADA,Accessibility Compliance Allowance,,,3,Default,1,SF,,,Medium,,,
AST002211,809 Service Center Campus,Roof,Roof Membrane,,25,3,Default,1,SF,,,Medium,,,
AST002212,809 Service Center Campus,HVAC,RTU/Boiler-Chiller (Major),,20,3,Default,1,EA,,,Medium,,,
AST002213,809 Service Center Campus,Plumbing,Domestic Water/Fixtures (Major),,30,3,Default,1,EA,,,Medium,,,
AST002214,809 Service Center Campus,Electrical,Switchgear/Panels (Major),,30,3,Default,1,EA,,,Medium,,,
AST002215,809 Service Center Campus,Fire Protection,Fire Alarm/Sprinklers (Major),,25,3,Default,1,EA,,,Medium,,,
AST002216,809 Service Center Campus,Security,Access Control/Cameras (Major),,10,3,Default,1,EA,,,Medium,,,
AST002217,809 Service Center Campus,Envelope,Facade/Cladding (Major),,40,3,Default,1,SF,,,Medium,,,
AST002218,809 Service Center Campus,Windows,Window Replacement,,35,3,Default,1,SF,,,Medium,,,
AST002219,809 Service Center Campus,Interiors,Flooring/Finishes (Major),,15,3,Default,1,SF,,,Medium,,,
AST002220,809 Service Center Campus,Lighting,Interior Lighting Upgrade,,15,3,Default,1,SF,,,Medium,,,
AST002221,809 Service Center Campus,Site,Playground/Site Hardscape,,20,3,Default,1,EA,,,Medium,,,
AST002222,809 Service Center Campus,Hazmat,Abatement/Remediation Allowance,,,3,Default,1,SF,,,Medium,,,
AST002223,809 Service Center Campus,ADA,Accessibility Compliance Allowance,,,3,Default,1,SF,,,Medium,,,
AST002224,809 Bldg 1,Roof,Roof Membrane,,25,3,Default,1,SF,,,Medium,,,
AST002225,809 Bldg 1,HVAC,RTU/Boiler-Chiller (Major),,20,3,Default,1,EA,,,Medium,,,
AST002226,809 Bldg 1,Plumbing,Domestic Water/Fixtures (Major),,30,3,Default,1,EA,,,Medium,,,
AST002227,809 Bldg 1,Electrical,Switchgear/Panels (Major),,30,3,Default,1,EA,,,Medium,,,
AST002228,809 Bldg 1,Fire Protection,Fire Alarm/Sprinklers (Major),,25,3,Default,1,EA,,,Medium,,,
AST002229,809 Bldg 1,Security,Access Control/Cameras (Major),,10,3,Default,1,EA,,,Medium,,,
AST002230,809 Bldg 1,Envelope,Facade/Cladding (Major),,40,3,Default,1,SF,,,Medium,,,
AST002231,809 Bldg 1,Windows,Window Replacement,,35,3,Default,1,SF,,,Medium,,,
AST002232,809 Bldg 1,Interiors,Flooring/Finishes (Major),,15,3,Default,1,SF,,,Medium,,,
AST002233,809 Bldg 1,Lighting,Interior Lighting Upgrade,,15,3,Default,1,SF,,,Medium,,,
AST002234,809 Bldg 1,Site,Playground/Site Hardscape,,20,3,Default,1,EA,,,Medium,,,
AST002235,809 Bldg 1,Hazmat,Abatement/Remediation Allowance,,,3,Default,1,SF,,,Medium,,,
AST002236,809 Bldg 1,ADA,Accessibility Compliance Allowance,,,3,Default,1,SF,,,Medium,,,
AST002237,809 Bldg 2,Roof,Roof Membrane,,25,3,Default,1,SF,,,Medium,,,
AST002238,809 Bldg 2,HVAC,RTU/Boiler-Chiller (Major),,20,3,Default,1,EA,,,Medium,,,
AST002239,809 Bldg 2,Plumbing,Domestic Water/Fixtures (Major),,30,3,Default,1,EA,,,Medium,,,
AST002240,809 Bldg 2,Electrical,Switchgear/Panels (Major),,30,3,Default,1,EA,,,Medium,,,
AST002241,809 Bldg 2,Fire Protection,Fire Alarm/Sprinklers (Major),,25,3,Default,1,EA,,,Medium,,,
AST002242,809 Bldg 2,Security,Access Control/Cameras (Major),,10,3,Default,1,EA,,,Medium,,,
AST002243,809 Bldg 2,Envelope,Facade/Cladding (Major),,40,3,Default,1,SF,,,Medium,,,
AST002244,809 Bldg 2,Windows,Window Replacement,,35,3,Default,1,SF,,,Medium,,,
AST002245,809 Bldg 2,Interiors,Flooring/Finishes (Major),,15,3,Default,1,SF,,,Medium,,,
AST002246,809 Bldg 2,Lighting,Interior Lighting Upgrade,,15,3,Default,1,SF,,,Medium,,,
AST002247,809 Bldg 2,Site,Playground/Site Hardscape,,20,3,Default,1,EA,,,Medium,,,
AST002248,809 Bldg 2,Hazmat,Abatement/Remediation Allowance,,,3,Default,1,SF,,,Medium,,,
AST002249,809 Bldg 2,ADA,Accessibility Compliance Allowance,,,3,Default,1,SF,,,Medium,,,
AST002250,809 Bldg 3,Roof,Roof Membrane,,25,3,Default,1,SF,,,Medium,,,
AST002251,809 Bldg 3,HVAC,RTU/Boiler-Chiller (Major),,20,3,Default,1,EA,,,Medium,,,
AST002252,809 Bldg 3,Plumbing,Domestic Water/Fixtures (Major),,30,3,Default,1,EA,,,Medium,,,
AST002253,809 Bldg 3,Electrical,Switchgear/Panels (Major),,30,3,Default,1,EA,,,Medium,,,
AST002254,809 Bldg 3,Fire Protection,Fire Alarm/Sprinklers (Major),,25,3,Default,1,EA,,,Medium,,,
AST002255,809 Bldg 3,Security,Access Control/Cameras (Major),,10,3,Default,1,EA,,,Medium,,,
AST002256,809 Bldg 3,Envelope,Facade/Cladding (Major),,40,3,Default,1,SF,,,Medium,,,
AST002257,809 Bldg 3,Windows,Window Replacement,,35,3,Default,1,SF,,,Medium,,,
AST002258,809 Bldg 3,Interiors,Flooring/Finishes (Major),,15,3,Default,1,SF,,,Medium,,,
AST002259,809 Bldg 3,Lighting,Interior Lighting Upgrade,,15,3,Default,1,SF,,,Medium,,,
AST002260,809 Bldg 3,Site,Playground/Site Hardscape,,20,3,Default,1,EA,,,Medium,,,
AST002261,809 Bldg 3,Hazmat,Abatement/Remediation Allowance,,,3,Default,1,SF,,,Medium,,,
AST002262,809 Bldg 3,ADA,Accessibility Compliance Allowance,,,3,Default,1,SF,,,Medium,,,
AST002263,809 Bldg 4,Roof,Roof Membrane,,25,3,Default,1,SF,,,Medium,,,
AST002264,809 Bldg 4,HVAC,RTU/Boiler-Chiller (Major),,20,3,Default,1,EA,,,Medium,,,
AST002265,809 Bldg 4,Plumbing,Domestic Water/Fixtures (Major),,30,3,Default,1,EA,,,Medium,,,
AST002266,809 Bldg 4,Electrical,Switchgear/Panels (Major),,30,3,Default,1,EA,,,Medium,,,
AST002267,809 Bldg 4,Fire Protection,Fire Alarm/Sprinklers (Major),,25,3,Default,1,EA,,,Medium,,,
AST002268,809 Bldg 4,Security,Access Control/Cameras (Major),,10,3,Default,1,EA,,,Medium,,,
AST002269,809 Bldg 4,Envelope,Facade/Cladding (Major),,40,3,Default,1,SF,,,Medium,,,
AST002270,809 Bldg 4,Windows,Window Replacement,,35,3,Default,1,SF,,,Medium,,,
AST002271,809 Bldg 4,Interiors,Flooring/Finishes (Major),,15,3,Default,1,SF,,,Medium,,,
AST002272,809 Bldg 4,Lighting,Interior Lighting Upgrade,,15,3,Default,1,SF,,,Medium,,,
AST002273,809 Bldg 4,Site,Playground/Site Hardscape,,20,3,Default,1,EA,,,Medium,,,
AST002274,809 Bldg 4,Hazmat,Abatement/Remediation Allowance,,,3,Default,1,SF,,,Medium,,,
AST002275,809 Bldg 4,ADA,Accessibility Compliance Allowance,,,3,Default,1,SF,,,Medium,,,
AST002276,809 Bldg 5,Roof,Roof Membrane,,25,3,Default,1,SF,,,Medium,,,
AST002277,809 Bldg 5,HVAC,RTU/Boiler-Chiller (Major),,20,3,Default,1,EA,,,Medium,,,
AST002278,809 Bldg 5,Plumbing,Domestic Water/Fixtures (Major),,30,3,Default,1,EA,,,Medium,,,
AST002279,809 Bldg 5,Electrical,Switchgear/Panels (Major),,30,3,Default,1,EA,,,Medium,,,
AST002280,809 Bldg 5,Fire Protection,Fire Alarm/Sprinklers (Major),,25,3,Default,1,EA,,,Medium,,,
AST002281,809 Bldg 5,Security,Access Control/Cameras (Major),,10,3,Default,1,EA,,,Medium,,,
AST002282,809 Bldg 5,Envelope,Facade/Cladding (Major),,40,3,Default,1,SF,,,Medium,,,
AST002283,809 Bldg 5,Windows,Window Replacement,,35,3,Default,1,SF,,,Medium,,,
AST002284,809 Bldg 5,Interiors,Flooring/Finishes (Major),,15,3,Default,1,SF,,,Medium,,,
AST002285,809 Bldg 5,Lighting,Interior Lighting Upgrade,,15,3,Default,1,SF,,,Medium,,,
AST002286,809 Bldg 5,Site,Playground/Site Hardscape,,20,3,Default,1,EA,,,Medium,,,
AST002287,809 Bldg 5,Hazmat,Abatement/Remediation Allowance,,,3,Default,1,SF,,,Medium,,,
AST002288,809 Bldg 5,ADA,Accessibility Compliance Allowance,,,3,Default,1,SF,,,Medium,,,
AST002289,809 Bldg 6,Roof,Roof Membrane,,25,3,Default,1,SF,,,Medium,,,
AST002290,809 Bldg 6,HVAC,RTU/Boiler-Chiller (Major),,20,3,Default,1,EA,,,Medium,,,
AST002291,809 Bldg 6,Plumbing,Domestic Water/Fixtures (Major),,30,3,Default,1,EA,,,Medium,,,
AST002292,809 Bldg 6,Electrical,Switchgear/Panels (Major),,30,3,Default,1,EA,,,Medium,,,
AST002293,809 Bldg 6,Fire Protection,Fire Alarm/Sprinklers (Major),,25,3,Default,1,EA,,,Medium,,,
AST002294,809 Bldg 6,Security,Access Control/Cameras (Major),,10,3,Default,1,EA,,,Medium,,,
AST002295,809 Bldg 6,Envelope,Facade/Cladding (Major),,40,3,Default,1,SF,,,Medium,,,
AST002296,809 Bldg 6,Windows,Window Replacement,,35,3,Default,1,SF,,,Medium,,,
AST002297,809 Bldg 6,Interiors,Flooring/Finishes (Major),,15,3,Default,1,SF,,,Medium,,,
AST002298,809 Bldg 6,Lighting,Interior Lighting Upgrade,,15,3,Default,1,SF,,,Medium,,,
AST002299,809 Bldg 6,Site,Playground/Site Hardscape,,20,3,Default,1,EA,,,Medium,,,
AST002300,809 Bldg 6,Hazmat,Abatement/Remediation Allowance,,,3,Default,1,SF,,,Medium,,,
AST002301,809 Bldg 6,ADA,Accessibility Compliance Allowance,,,3,Default,1,SF,,,Medium,,,
AST002302,809 Bldg 8,Roof,Roof Membrane,,25,3,Default,1,SF,,,Medium,,,
AST002303,809 Bldg 8,HVAC,RTU/Boiler-Chiller (Major),,20,3,Default,1,EA,,,Medium,,,
AST002304,809 Bldg 8,Plumbing,Domestic Water/Fixtures (Major),,30,3,Default,1,EA,,,Medium,,,
AST002305,809 Bldg 8,Electrical,Switchgear/Panels (Major),,30,3,Default,1,EA,,,Medium,,,
AST002306,809 Bldg 8,Fire Protection,Fire Alarm/Sprinklers (Major),,25,3,Default,1,EA,,,Medium,,,
AST002307,809 Bldg 8,Security,Access Control/Cameras (Major),,10,3,Default,1,EA,,,Medium,,,
AST002308,809 Bldg 8,Envelope,Facade/Cladding (Major),,40,3,Default,1,SF,,,Medium,,,
AST002309,809 Bldg 8,Windows,Window Replacement,,35,3,Default,1,SF,,,Medium,,,
AST002310,809 Bldg 8,Interiors,Flooring/Finishes (Major),,15,3,Default,1,SF,,,Medium,,,
AST002311,809 Bldg 8,Lighting,Interior Lighting Upgrade,,15,3,Default,1,SF,,,Medium,,,
AST002312,809 Bldg 8,Site,Playground/Site Hardscape,,20,3,Default,1,EA,,,Medium,,,
AST002313,809 Bldg 8,Hazmat,Abatement/Remediation Allowance,,,3,Default,1,SF,,,Medium,,,
AST002314,809 Bldg 8,ADA,Accessibility Compliance Allowance,,,3,Default,1,SF,,,Medium,,,
AST002315,Jeffco Stadium,Roof,Roof Membrane,,25,3,Default,1,SF,,,Medium,,,
AST002316,Jeffco Stadium,HVAC,RTU/Boiler-Chiller (Major),,20,3,Default,1,EA,,,Medium,,,
AST002317,Jeffco Stadium,Plumbing,Domestic Water/Fixtures (Major),,30,3,Default,1,EA,,,Medium,,,
AST002318,Jeffco Stadium,Electrical,Switchgear/Panels (Major),,30,3,Default,1,EA,,,Medium,,,
AST002319,Jeffco Stadium,Fire Protection,Fire Alarm/Sprinklers (Major),,25,3,Default,1,EA,,,Medium,,,
AST002320,Jeffco Stadium,Security,Access Control/Cameras (Major),,10,3,Default,1,EA,,,Medium,,,
AST002321,Jeffco Stadium,Envelope,Facade/Cladding (Major),,40,3,Default,1,SF,,,Medium,,,
AST002322,Jeffco Stadium,Windows,Window Replacement,,35,3,Default,1,SF,,,Medium,,,
AST002323,Jeffco Stadium,Interiors,Flooring/Finishes (Major),,15,3,Default,1,SF,,,Medium,,,
AST002324,Jeffco Stadium,Lighting,Interior Lighting Upgrade,,15,3,Default,1,SF,,,Medium,,,
AST002325,Jeffco Stadium,Site,Playground/Site Hardscape,,20,3,Default,1,EA,,,Medium,,,
AST002326,Jeffco Stadium,Hazmat,Abatement/Remediation Allowance,,,3,Default,1,SF,,,Medium,,,
AST002327,Jeffco Stadium,ADA,Accessibility Compliance Allowance,,,3,Default,1,SF,,,Medium,,,
AST002328,Lakewood Memorial Stadium,Roof,Roof Membrane,,25,3,Default,1,SF,,,Medium,,,
AST002329,Lakewood Memorial Stadium,HVAC,RTU/Boiler-Chiller (Major),,20,3,Default,1,EA,,,Medium,,,
AST002330,Lakewood Memorial Stadium,Plumbing,Domestic Water/Fixtures (Major),,30,3,Default,1,EA,,,Medium,,,
AST002331,Lakewood Memorial Stadium,Electrical,Switchgear/Panels (Major),,30,3,Default,1,EA,,,Medium,,,
AST002332,Lakewood Memorial Stadium,Fire Protection,Fire Alarm/Sprinklers (Major),,25,3,Default,1,EA,,,Medium,,,
AST002333,Lakewood Memorial Stadium,Security,Access Control/Cameras (Major),,10,3,Default,1,EA,,,Medium,,,
AST002334,Lakewood Memorial Stadium,Envelope,Facade/Cladding (Major),,40,3,Default,1,SF,,,Medium,,,
AST002335,Lakewood Memorial Stadium,Windows,Window Replacement,,35,3,Default,1,SF,,,Medium,,,
AST002336,Lakewood Memorial Stadium,Interiors,Flooring/Finishes (Major),,15,3,Default,1,SF,,,Medium,,,
AST002337,Lakewood Memorial Stadium,Lighting,Interior Lighting Upgrade,,15,3,Default,1,SF,,,Medium,,,
AST002338,Lakewood Memorial Stadium,Site,Playground/Site Hardscape,,20,3,Default,1,EA,,,Medium,,,
AST002339,Lakewood Memorial Stadium,Hazmat,Abatement/Remediation Allowance,,,3,Default,1,SF,,,Medium,,,
AST002340,Lakewood Memorial Stadium,ADA,Accessibility Compliance Allowance,,,3,Default,1,SF,,,Medium,,,
AST002341,Trailblazer Stadium,Roof,Roof Membrane,,25,3,Default,1,SF,,,Medium,,,
AST002342,Trailblazer Stadium,HVAC,RTU/Boiler-Chiller (Major),,20,3,Default,1,EA,,,Medium,,,
AST002343,Trailblazer Stadium,Plumbing,Domestic Water/Fixtures (Major),,30,3,Default,1,EA,,,Medium,,,
AST002344,Trailblazer Stadium,Electrical,Switchgear/Panels (Major),,30,3,Default,1,EA,,,Medium,,,
AST002345,Trailblazer Stadium,Fire Protection,Fire Alarm/Sprinklers (Major),,25,3,Default,1,EA,,,Medium,,,
AST002346,Trailblazer Stadium,Security,Access Control/Cameras (Major),,10,3,Default,1,EA,,,Medium,,,
AST002347,Trailblazer Stadium,Envelope,Facade/Cladding (Major),,40,3,Default,1,SF,,,Medium,,,
AST002348,Trailblazer Stadium,Windows,Window Replacement,,35,3,Default,1,SF,,,Medium,,,
AST002349,Trailblazer Stadium,Interiors,Flooring/Finishes (Major),,15,3,Default,1,SF,,,Medium,,,
AST002350,Trailblazer Stadium,Lighting,Interior Lighting Upgrade,,15,3,Default,1,SF,,,Medium,,,
AST002351,Trailblazer Stadium,Site,Playground/Site Hardscape,,20,3,Default,1,EA,,,Medium,,,
AST002352,Trailblazer Stadium,Hazmat,Abatement/Remediation Allowance,,,3,Default,1,SF,,,Medium,,,
AST002353,Trailblazer Stadium,ADA,Accessibility Compliance Allowance,,,3,Default,1,SF,,,Medium,,,
AST002354,North Area Athletic Complex,Roof,Roof Membrane,,25,3,Default,1,SF,,,Medium,,,
AST002355,North Area Athletic Complex,HVAC,RTU/Boiler-Chiller (Major),,20,3,Default,1,EA,,,Medium,,,
AST002356,North Area Athletic Complex,Plumbing,Domestic Water/Fixtures (Major),,30,3,Default,1,EA,,,Medium,,,
AST002357,North Area Athletic Complex,Electrical,Switchgear/Panels (Major),,30,3,Default,1,EA,,,Medium,,,
AST002358,North Area Athletic Complex,Fire Protection,Fire Alarm/Sprinklers (Major),,25,3,Default,1,EA,,,Medium,,,
AST002359,North Area Athletic Complex,Security,Access Control/Cameras (Major),,10,3,Default,1,EA,,,Medium,,,
AST002360,North Area Athletic Complex,Envelope,Facade/Cladding (Major),,40,3,Default,1,SF,,,Medium,,,
AST002361,North Area Athletic Complex,Windows,Window Replacement,,35,3,Default,1,SF,,,Medium,,,
AST002362,North Area Athletic Complex,Interiors,Flooring/Finishes (Major),,15,3,Default,1,SF,,,Medium,,,
AST002363,North Area Athletic Complex,Lighting,Interior Lighting Upgrade,,15,3,Default,1,SF,,,Medium,,,
AST002364,North Area Athletic Complex,Site,Playground/Site Hardscape,,20,3,Default,1,EA,,,Medium,,,
AST002365,North Area Athletic Complex,Hazmat,Abatement/Remediation Allowance,,,3,Default,1,SF,,,Medium,,,
AST002366,North Area Athletic Complex,ADA,Accessibility Compliance Allowance,,,3,Default,1,SF,,,Medium,,,
AST002367,Driving Training Center,Roof,Roof Membrane,,25,3,Default,1,SF,,,Medium,,,
AST002368,Driving Training Center,HVAC,RTU/Boiler-Chiller (Major),,20,3,Default,1,EA,,,Medium,,,
AST002369,Driving Training Center,Plumbing,Domestic Water/Fixtures (Major),,30,3,Default,1,EA,,,Medium,,,
AST002370,Driving Training Center,Electrical,Switchgear/Panels (Major),,30,3,Default,1,EA,,,Medium,,,
AST002371,Driving Training Center,Fire Protection,Fire Alarm/Sprinklers (Major),,25,3,Default,1,EA,,,Medium,,,
AST002372,Driving Training Center,Security,Access Control/Cameras (Major),,10,3,Default,1,EA,,,Medium,,,
AST002373,Driving Training Center,Envelope,Facade/Cladding (Major),,40,3,Default,1,SF,,,Medium,,,
AST002374,Driving Training Center,Windows,Window Replacement,,35,3,Default,1,SF,,,Medium,,,
AST002375,Driving Training Center,Interiors,Flooring/Finishes (Major),,15,3,Default,1,SF,,,Medium,,,
AST002376,Driving Training Center,Lighting,Interior Lighting Upgrade,,15,3,Default,1,SF,,,Medium,,,
AST002377,Driving Training Center,Site,Playground/Site Hardscape,,20,3,Default,1,EA,,,Medium,,,
AST002378,Driving Training Center,Hazmat,Abatement/Remediation Allowance,,,3,Default,1,SF,,,Medium,,,
AST002379,Driving Training Center,ADA,Accessibility Compliance Allowance,,,3,Default,1,SF,,,Medium,,,
AST002380,Connections Learning Center,Roof,Roof Membrane,,25,3,Default,1,SF,,,Medium,,,
AST002381,Connections Learning Center,HVAC,RTU/Boiler-Chiller (Major),,20,3,Default,1,EA,,,Medium,,,
AST002382,Connections Learning Center,Plumbing,Domestic Water/Fixtures (Major),,30,3,Default,1,EA,,,Medium,,,
AST002383,Connections Learning Center,Electrical,Switchgear/Panels (Major),,30,3,Default,1,EA,,,Medium,,,
AST002384,Connections Learning Center,Fire Protection,Fire Alarm/Sprinklers (Major),,25,3,Default,1,EA,,,Medium,,,
AST002385,Connections Learning Center,Security,Access Control/Cameras (Major),,10,3,Default,1,EA,,,Medium,,,
AST002386,Connections Learning Center,Envelope,Facade/Cladding (Major),,40,3,Default,1,SF,,,Medium,,,
AST002387,Connections Learning Center,Windows,Window Replacement,,35,3,Default,1,SF,,,Medium,,,
AST002388,Connections Learning Center,Interiors,Flooring/Finishes (Major),,15,3,Default,1,SF,,,Medium,,,
AST002389,Connections Learning Center,Lighting,Interior Lighting Upgrade,,15,3,Default,1,SF,,,Medium,,,
AST002390,Connections Learning Center,Site,Playground/Site Hardscape,,20,3,Default,1,EA,,,Medium,,,
AST002391,Connections Learning Center,Hazmat,Abatement/Remediation Allowance,,,3,Default,1,SF,,,Medium,,,
AST002392,Connections Learning Center,ADA,Accessibility Compliance Allowance,,,3,Default,1,SF,,,Medium,,,
AST002393,Sobesky Academy,Roof,Roof Membrane,,25,3,Default,1,SF,,,Medium,,,
AST002394,Sobesky Academy,HVAC,RTU/Boiler-Chiller (Major),,20,3,Default,1,EA,,,Medium,,,
AST002395,Sobesky Academy,Plumbing,Domestic Water/Fixtures (Major),,30,3,Default,1,EA,,,Medium,,,
AST002396,Sobesky Academy,Electrical,Switchgear/Panels (Major),,30,3,Default,1,EA,,,Medium,,,
AST002397,Sobesky Academy,Fire Protection,Fire Alarm/Sprinklers (Major),,25,3,Default,1,EA,,,Medium,,,
AST002398,Sobesky Academy,Security,Access Control/Cameras (Major),,10,3,Default,1,EA,,,Medium,,,
AST002399,Sobesky Academy,Envelope,Facade/Cladding (Major),,40,3,Default,1,SF,,,Medium,,,
AST002400,Sobesky Academy,Windows,Window Replacement,,35,3,Default,1,SF,,,Medium,,,
AST002401,Sobesky Academy,Interiors,Flooring/Finishes (Major),,15,3,Default,1,SF,,,Medium,,,
AST002402,Sobesky Academy,Lighting,Interior Lighting Upgrade,,15,3,Default,1,SF,,,Medium,,,
AST002403,Sobesky Academy,Site,Playground/Site Hardscape,,20,3,Default,1,EA,,,Medium,,,
AST002404,Sobesky Academy,Hazmat,Abatement/Remediation Allowance,,,3,Default,1,SF,,,Medium,,,
AST002405,Sobesky Academy,ADA,Accessibility Compliance Allowance,,,3,Default,1,SF,,,Medium,,,
AST002406,Mount View Youth Service Center,Roof,Roof Membrane,,25,3,Default,1,SF,,,Medium,,,
AST002407,Mount View Youth Service Center,HVAC,RTU/Boiler-Chiller (Major),,20,3,Default,1,EA,,,Medium,,,
AST002408,Mount View Youth Service Center,Plumbing,Domestic Water/Fixtures (Major),,30,3,Default,1,EA,,,Medium,,,
AST002409,Mount View Youth Service Center,Electrical,Switchgear/Panels (Major),,30,3,Default,1,EA,,,Medium,,,
AST002410,Mount View Youth Service Center,Fire Protection,Fire Alarm/Sprinklers (Major),,25,3,Default,1,EA,,,Medium,,,
AST002411,Mount View Youth Service Center,Security,Access Control/Cameras (Major),,10,3,Default,1,EA,,,Medium,,,
AST002412,Mount View Youth Service Center,Envelope,Facade/Cladding (Major),,40,3,Default,1,SF,,,Medium,,,
AST002413,Mount View Youth Service Center,Windows,Window Replacement,,35,3,Default,1,SF,,,Medium,,,
AST002414,Mount View Youth Service Center,Interiors,Flooring/Finishes (Major),,15,3,Default,1,SF,,,Medium,,,
AST002415,Mount View Youth Service Center,Lighting,Interior Lighting Upgrade,,15,3,Default,1,SF,,,Medium,,,
AST002416,Mount View Youth Service Center,Site,Playground/Site Hardscape,,20,3,Default,1,EA,,,Medium,,,
AST002417,Mount View Youth Service Center,Hazmat,Abatement/Remediation Allowance,,,3,Default,1,SF,,,Medium,,,
AST002418,Mount View Youth Service Center,ADA,Accessibility Compliance Allowance,,,3,Default,1,SF,,,Medium,,,
AST002419,Conifer Water Treatment Plant,Roof,Roof Membrane,,25,3,Default,1,SF,,,Medium,,,
AST002420,Conifer Water Treatment Plant,HVAC,RTU/Boiler-Chiller (Major),,20,3,Default,1,EA,,,Medium,,,
AST002421,Conifer Water Treatment Plant,Plumbing,Domestic Water/Fixtures (Major),,30,3,Default,1,EA,,,Medium,,,
AST002422,Conifer Water Treatment Plant,Electrical,Switchgear/Panels (Major),,30,3,Default,1,EA,,,Medium,,,
AST002423,Conifer Water Treatment Plant,Fire Protection,Fire Alarm/Sprinklers (Major),,25,3,Default,1,EA,,,Medium,,,
AST002424,Conifer Water Treatment Plant,Security,Access Control/Cameras (Major),,10,3,Default,1,EA,,,Medium,,,
AST002425,Conifer Water Treatment Plant,Envelope,Facade/Cladding (Major),,40,3,Default,1,SF,,,Medium,,,
AST002426,Conifer Water Treatment Plant,Windows,Window Replacement,,35,3,Default,1,SF,,,Medium,,,
AST002427,Conifer Water Treatment Plant,Interiors,Flooring/Finishes (Major),,15,3,Default,1,SF,,,Medium,,,
AST002428,Conifer Water Treatment Plant,Lighting,Interior Lighting Upgrade,,15,3,Default,1,SF,,,Medium,,,
AST002429,Conifer Water Treatment Plant,Site,Playground/Site Hardscape,,20,3,Default,1,EA,,,Medium,,,
AST002430,Conifer Water Treatment Plant,Hazmat,Abatement/Remediation Allowance,,,3,Default,1,SF,,,Medium,,,
AST002431,Conifer Water Treatment Plant,ADA,Accessibility Compliance Allowance,,,3,Default,1,SF,,,Medium,,,
AST002432,West Jefferson Reservoir,Roof,Roof Membrane,,25,3,Default,1,SF,,,Medium,,,
AST002433,West Jefferson Reservoir,HVAC,RTU/Boiler-Chiller (Major),,20,3,Default,1,EA,,,Medium,,,
AST002434,West Jefferson Reservoir,Plumbing,Domestic Water/Fixtures (Major),,30,3,Default,1,EA,,,Medium,,,
AST002435,West Jefferson Reservoir,Electrical,Switchgear/Panels (Major),,30,3,Default,1,EA,,,Medium,,,
AST002436,West Jefferson Reservoir,Fire Protection,Fire Alarm/Sprinklers (Major),,25,3,Default,1,EA,,,Medium,,,
AST002437,West Jefferson Reservoir,Security,Access Control/Cameras (Major),,10,3,Default,1,EA,,,Medium,,,
AST002438,West Jefferson Reservoir,Envelope,Facade/Cladding (Major),,40,3,Default,1,SF,,,Medium,,,
AST002439,West Jefferson Reservoir,Windows,Window Replacement,,35,3,Default,1,SF,,,Medium,,,
AST002440,West Jefferson Reservoir,Interiors,Flooring/Finishes (Major),,15,3,Default,1,SF,,,Medium,,,
AST002441,West Jefferson Reservoir,Lighting,Interior Lighting Upgrade,,15,3,Default,1,SF,,,Medium,,,
AST002442,West Jefferson Reservoir,Site,Playground/Site Hardscape,,20,3,Default,1,EA,,,Medium,,,
AST002443,West Jefferson Reservoir,Hazmat,Abatement/Remediation Allowance,,,3,Default,1,SF,,,Medium,,,
AST002444,West Jefferson Reservoir,ADA,Accessibility Compliance Allowance,,,3,Default,1,SF,,,Medium,,,
AST002445,West Jefferson Reservoir Pump House,Roof,Roof Membrane,,25,3,Default,1,SF,,,Medium,,,
AST002446,West Jefferson Reservoir Pump House,HVAC,RTU/Boiler-Chiller (Major),,20,3,Default,1,EA,,,Medium,,,
AST002447,West Jefferson Reservoir Pump House,Plumbing,Domestic Water/Fixtures (Major),,30,3,Default,1,EA,,,Medium,,,
AST002448,West Jefferson Reservoir Pump House,Electrical,Switchgear/Panels (Major),,30,3,Default,1,EA,,,Medium,,,
AST002449,West Jefferson Reservoir Pump House,Fire Protection,Fire Alarm/Sprinklers (Major),,25,3,Default,1,EA,,,Medium,,,
AST002450,West Jefferson Reservoir Pump House,Security,Access Control/Cameras (Major),,10,3,Default,1,EA,,,Medium,,,
AST002451,West Jefferson Reservoir Pump House,Envelope,Facade/Cladding (Major),,40,3,Default,1,SF,,,Medium,,,
AST002452,West Jefferson Reservoir Pump House,Windows,Window Replacement,,35,3,Default,1,SF,,,Medium,,,
AST002453,West Jefferson Reservoir Pump House,Interiors,Flooring/Finishes (Major),,15,3,Default,1,SF,,,Medium,,,
AST002454,West Jefferson Reservoir Pump House,Lighting,Interior Lighting Upgrade,,15,3,Default,1,SF,,,Medium,,,
AST002455,West Jefferson Reservoir Pump House,Site,Playground/Site Hardscape,,20,3,Default,1,EA,,,Medium,,,
AST002456,West Jefferson Reservoir Pump House,Hazmat,Abatement/Remediation Allowance,,,3,Default,1,SF,,,Medium,,,
AST002457,West Jefferson Reservoir Pump House,ADA,Accessibility Compliance Allowance,,,3,Default,1,SF,,,Medium,,,
AST002458,Shadow Mountain Gallery Well,Roof,Roof Membrane,,25,3,Default,1,SF,,,Medium,,,
AST002459,Shadow Mountain Gallery Well,HVAC,RTU/Boiler-Chiller (Major),,20,3,Default,1,EA,,,Medium,,,
AST002460,Shadow Mountain Gallery Well,Plumbing,Domestic Water/Fixtures (Major),,30,3,Default,1,EA,,,Medium,,,
AST002461,Shadow Mountain Gallery Well,Electrical,Switchgear/Panels (Major),,30,3,Default,1,EA,,,Medium,,,
AST002462,Shadow Mountain Gallery Well,Fire Protection,Fire Alarm/Sprinklers (Major),,25,3,Default,1,EA,,,Medium,,,
AST002463,Shadow Mountain Gallery Well,Security,Access Control/Cameras (Major),,10,3,Default,1,EA,,,Medium,,,
AST002464,Shadow Mountain Gallery Well,Envelope,Facade/Cladding (Major),,40,3,Default,1,SF,,,Medium,,,
AST002465,Shadow Mountain Gallery Well,Windows,Window Replacement,,35,3,Default,1,SF,,,Medium,,,
AST002466,Shadow Mountain Gallery Well,Interiors,Flooring/Finishes (Major),,15,3,Default,1,SF,,,Medium,,,
AST002467,Shadow Mountain Gallery Well,Lighting,Interior Lighting Upgrade,,15,3,Default,1,SF,,,Medium,,,
AST002468,Shadow Mountain Gallery Well,Site,Playground/Site Hardscape,,20,3,Default,1,EA,,,Medium,,,
AST002469,Shadow Mountain Gallery Well,Hazmat,Abatement/Remediation Allowance,,,3,Default,1,SF,,,Medium,,,
AST002470,Shadow Mountain Gallery Well,ADA,Accessibility Compliance Allowance,,,3,Default,1,SF,,,Medium,,,
AST002471,Conifer Wastewater Treatment Plant,Roof,Roof Membrane,,25,3,Default,1,SF,,,Medium,,,
AST002472,Conifer Wastewater Treatment Plant,HVAC,RTU/Boiler-Chiller (Major),,20,3,Default,1,EA,,,Medium,,,
AST002473,Conifer Wastewater Treatment Plant,Plumbing,Domestic Water/Fixtures (Major),,30,3,Default,1,EA,,,Medium,,,
AST002474,Conifer Wastewater Treatment Plant,Electrical,Switchgear/Panels (Major),,30,3,Default,1,EA,,,Medium,,,
AST002475,Conifer Wastewater Treatment Plant,Fire Protection,Fire Alarm/Sprinklers (Major),,25,3,Default,1,EA,,,Medium,,,
AST002476,Conifer Wastewater Treatment Plant,Security,Access Control/Cameras (Major),,10,3,Default,1,EA,,,Medium,,,
AST002477,Conifer Wastewater Treatment Plant,Envelope,Facade/Cladding (Major),,40,3,Default,1,SF,,,Medium,,,
AST002478,Conifer Wastewater Treatment Plant,Windows,Window Replacement,,35,3,Default,1,SF,,,Medium,,,
AST002479,Conifer Wastewater Treatment Plant,Interiors,Flooring/Finishes (Major),,15,3,Default,1,SF,,,Medium,,,
AST002480,Conifer Wastewater Treatment Plant,Lighting,Interior Lighting Upgrade,,15,3,Default,1,SF,,,Medium,,,
AST002481,Conifer Wastewater Treatment Plant,Site,Playground/Site Hardscape,,20,3,Default,1,EA,,,Medium,,,
AST002482,Conifer Wastewater Treatment Plant,Hazmat,Abatement/Remediation Allowance,,,3,Default,1,SF,,,Medium,,,
AST002483,Conifer Wastewater Treatment Plant,ADA,Accessibility Compliance Allowance,,,3,Default,1,SF,,,Medium,,,
AST002484,Lobo Creek Reservoir,Roof,Roof Membrane,,25,3,Default,1,SF,,,Medium,,,
AST002485,Lobo Creek Reservoir,HVAC,RTU/Boiler-Chiller (Major),,20,3,Default,1,EA,,,Medium,,,
AST002486,Lobo Creek Reservoir,Plumbing,Domestic Water/Fixtures (Major),,30,3,Default,1,EA,,,Medium,,,
AST002487,Lobo Creek Reservoir,Electrical,Switchgear/Panels (Major),,30,3,Default,1,EA,,,Medium,,,
AST002488,Lobo Creek Reservoir,Fire Protection,Fire Alarm/Sprinklers (Major),,25,3,Default,1,EA,,,Medium,,,
AST002489,Lobo Creek Reservoir,Security,Access Control/Cameras (Major),,10,3,Default,1,EA,,,Medium,,,
AST002490,Lobo Creek Reservoir,Envelope,Facade/Cladding (Major),,40,3,Default,1,SF,,,Medium,,,
AST002491,Lobo Creek Reservoir,Windows,Window Replacement,,35,3,Default,1,SF,,,Medium,,,
AST002492,Lobo Creek Reservoir,Interiors,Flooring/Finishes (Major),,15,3,Default,1,SF,,,Medium,,,
AST002493,Lobo Creek Reservoir,Lighting,Interior Lighting Upgrade,,15,3,Default,1,SF,,,Medium,,,
AST002494,Lobo Creek Reservoir,Site,Playground/Site Hardscape,,20,3,Default,1,EA,,,Medium,,,
AST002495,Lobo Creek Reservoir,Hazmat,Abatement/Remediation Allowance,,,3,Default,1,SF,,,Medium,,,
AST002496,Lobo Creek Reservoir,ADA,Accessibility Compliance Allowance,,,3,Default,1,SF,,,Medium,,,
AST002497,Lobo Creek Reservoir Pump House,Roof,Roof Membrane,,25,3,Default,1,SF,,,Medium,,,
AST002498,Lobo Creek Reservoir Pump House,HVAC,RTU/Boiler-Chiller (Major),,20,3,Default,1,EA,,,Medium,,,
AST002499,Lobo Creek Reservoir Pump House,Plumbing,Domestic Water/Fixtures (Major),,30,3,Default,1,EA,,,Medium,,,
AST002500,Lobo Creek Reservoir Pump House,Electrical,Switchgear/Panels (Major),,30,3,Default,1,EA,,,Medium,,,
AST002501,Lobo Creek Reservoir Pump House,Fire Protection,Fire Alarm/Sprinklers (Major),,25,3,Default,1,EA,,,Medium,,,
AST002502,Lobo Creek Reservoir Pump House,Security,Access Control/Cameras (Major),,10,3,Default,1,EA,,,Medium,,,
AST002503,Lobo Creek Reservoir Pump House,Envelope,Facade/Cladding (Major),,40,3,Default,1,SF,,,Medium,,,
AST002504,Lobo Creek Reservoir Pump House,Windows,Window Replacement,,35,3,Default,1,SF,,,Medium,,,
AST002505,Lobo Creek Reservoir Pump House,Interiors,Flooring/Finishes (Major),,15,3,Default,1,SF,,,Medium,,,
AST002506,Lobo Creek Reservoir Pump House,Lighting,Interior Lighting Upgrade,,15,3,Default,1,SF,,,Medium,,,
AST002507,Lobo Creek Reservoir Pump House,Site,Playground/Site Hardscape,,20,3,Default,1,EA,,,Medium,,,
AST002508,Lobo Creek Reservoir Pump House,Hazmat,Abatement/Remediation Allowance,,,3,Default,1,SF,,,Medium,,,
AST002509,Lobo Creek Reservoir Pump House,ADA,Accessibility Compliance Allowance,,,3,Default,1,SF,,,Medium,,,
AST002510,Lobo Creek Reservoir Fire Protection Pump House,Roof,Roof Membrane,,25,3,Default,1,SF,,,Medium,,,
AST002511,Lobo Creek Reservoir Fire Protection Pump House,HVAC,RTU/Boiler-Chiller (Major),,20,3,Default,1,EA,,,Medium,,,
AST002512,Lobo Creek Reservoir Fire Protection Pump House,Plumbing,Domestic Water/Fixtures (Major),,30,3,Default,1,EA,,,Medium,,,
AST002513,Lobo Creek Reservoir Fire Protection Pump House,Electrical,Switchgear/Panels (Major),,30,3,Default,1,EA,,,Medium,,,
AST002514,Lobo Creek Reservoir Fire Protection Pump House,Fire Protection,Fire Alarm/Sprinklers (Major),,25,3,Default,1,EA,,,Medium,,,
AST002515,Lobo Creek Reservoir Fire Protection Pump House,Security,Access Control/Cameras (Major),,10,3,Default,1,EA,,,Medium,,,
AST002516,Lobo Creek Reservoir Fire Protection Pump House,Envelope,Facade/Cladding (Major),,40,3,Default,1,SF,,,Medium,,,
AST002517,Lobo Creek Reservoir Fire Protection Pump House,Windows,Window Replacement,,35,3,Default,1,SF,,,Medium,,,
AST002518,Lobo Creek Reservoir Fire Protection Pump House,Interiors,Flooring/Finishes (Major),,15,3,Default,1,SF,,,Medium,,,
AST002519,Lobo Creek Reservoir Fire Protection Pump House,Lighting,Interior Lighting Upgrade,,15,3,Default,1,SF,,,Medium,,,
AST002520,Lobo Creek Reservoir Fire Protection Pump House,Site,Playground/Site Hardscape,,20,3,Default,1,EA,,,Medium,,,
AST002521,Lobo Creek Reservoir Fire Protection Pump House,Hazmat,Abatement/Remediation Allowance,,,3,Default,1,SF,,,Medium,,,
AST002522,Lobo Creek Reservoir Fire Protection Pump House,ADA,Accessibility Compliance Allowance,,,3,Default,1,SF,,,Medium,,,
AST002523,Elk Creek Gallery Well,Roof,Roof Membrane,,25,3,Default,1,SF,,,Medium,,,
AST002524,Elk Creek Gallery Well,HVAC,RTU/Boiler-Chiller (Major),,20,3,Default,1,EA,,,Medium,,,
AST002525,Elk Creek Gallery Well,Plumbing,Domestic Water/Fixtures (Major),,30,3,Default,1,EA,,,Medium,,,
AST002526,Elk Creek Gallery Well,Electrical,Switchgear/Panels (Major),,30,3,Default,1,EA,,,Medium,,,
AST002527,Elk Creek Gallery Well,Fire Protection,Fire Alarm/Sprinklers (Major),,25,3,Default,1,EA,,,Medium,,,
AST002528,Elk Creek Gallery Well,Security,Access Control/Cameras (Major),,10,3,Default,1,EA,,,Medium,,,
AST002529,Elk Creek Gallery Well,Envelope,Facade/Cladding (Major),,40,3,Default,1,SF,,,Medium,,,
AST002530,Elk Creek Gallery Well,Windows,Window Replacement,,35,3,Default,1,SF,,,Medium,,,
AST002531,Elk Creek Gallery Well,Interiors,Flooring/Finishes (Major),,15,3,Default,1,SF,,,Medium,,,
AST002532,Elk Creek Gallery Well,Lighting,Interior Lighting Upgrade,,15,3,Default,1,SF,,,Medium,,,
AST002533,Elk Creek Gallery Well,Site,Playground/Site Hardscape,,20,3,Default,1,EA,,,Medium,,,
AST002534,Elk Creek Gallery Well,Hazmat,Abatement/Remediation Allowance,,,3,Default,1,SF,,,Medium,,,
AST002535,Elk Creek Gallery Well,ADA,Accessibility Compliance Allowance,,,3,Default,1,SF,,,Medium,,,
AST002536,Landscape Services,Roof,Roof Membrane,,25,3,Default,1,SF,,,Medium,,,
AST002537,Landscape Services,HVAC,RTU/Boiler-Chiller (Major),,20,3,Default,1,EA,,,Medium,,,
AST002538,Landscape Services,Plumbing,Domestic Water/Fixtures (Major),,30,3,Default,1,EA,,,Medium,,,
AST002539,Landscape Services,Electrical,Switchgear/Panels (Major),,30,3,Default,1,EA,,,Medium,,,
AST002540,Landscape Services,Fire Protection,Fire Alarm/Sprinklers (Major),,25,3,Default,1,EA,,,Medium,,,
AST002541,Landscape Services,Security,Access Control/Cameras (Major),,10,3,Default,1,EA,,,Medium,,,
AST002542,Landscape Services,Envelope,Facade/Cladding (Major),,40,3,Default,1,SF,,,Medium,,,
AST002543,Landscape Services,Windows,Window Replacement,,35,3,Default,1,SF,,,Medium,,,
AST002544,Landscape Services,Interiors,Flooring/Finishes (Major),,15,3,Default,1,SF,,,Medium,,,
AST002545,Landscape Services,Lighting,Interior Lighting Upgrade,,15,3,Default,1,SF,,,Medium,,,
AST002546,Landscape Services,Site,Playground/Site Hardscape,,20,3,Default,1,EA,,,Medium,,,
AST002547,Landscape Services,Hazmat,Abatement/Remediation Allowance,,,3,Default,1,SF,,,Medium,,,
AST002548,Landscape Services,ADA,Accessibility Compliance Allowance,,,3,Default,1,SF,,,Medium,,,
AST002549,South Area Transportation Center,Roof,Roof Membrane,,25,3,Default,1,SF,,,Medium,,,
AST002550,South Area Transportation Center,HVAC,RTU/Boiler-Chiller (Major),,20,3,Default,1,EA,,,Medium,,,
AST002551,South Area Transportation Center,Plumbing,Domestic Water/Fixtures (Major),,30,3,Default,1,EA,,,Medium,,,
AST002552,South Area Transportation Center,Electrical,Switchgear/Panels (Major),,30,3,Default,1,EA,,,Medium,,,
AST002553,South Area Transportation Center,Fire Protection,Fire Alarm/Sprinklers (Major),,25,3,Default,1,EA,,,Medium,,,
AST002554,South Area Transportation Center,Security,Access Control/Cameras (Major),,10,3,Default,1,EA,,,Medium,,,
AST002555,South Area Transportation Center,Envelope,Facade/Cladding (Major),,40,3,Default,1,SF,,,Medium,,,
AST002556,South Area Transportation Center,Windows,Window Replacement,,35,3,Default,1,SF,,,Medium,,,
AST002557,South Area Transportation Center,Interiors,Flooring/Finishes (Major),,15,3,Default,1,SF,,,Medium,,,
AST002558,South Area Transportation Center,Lighting,Interior Lighting Upgrade,,15,3,Default,1,SF,,,Medium,,,
AST002559,South Area Transportation Center,Site,Playground/Site Hardscape,,20,3,Default,1,EA,,,Medium,,,
AST002560,South Area Transportation Center,Hazmat,Abatement/Remediation Allowance,,,3,Default,1,SF,,,Medium,,,
AST002561,South Area Transportation Center,ADA,Accessibility Compliance Allowance,,,3,Default,1,SF,,,Medium,,,
AST002562,North Area Transportation Center - Indiana,Roof,Roof Membrane,,25,3,Default,1,SF,,,Medium,,,
AST002563,North Area Transportation Center - Indiana,HVAC,RTU/Boiler-Chiller (Major),,20,3,Default,1,EA,,,Medium,,,
AST002564,North Area Transportation Center - Indiana,Plumbing,Domestic Water/Fixtures (Major),,30,3,Default,1,EA,,,Medium,,,
AST002565,North Area Transportation Center - Indiana,Electrical,Switchgear/Panels (Major),,30,3,Default,1,EA,,,Medium,,,
AST002566,North Area Transportation Center - Indiana,Fire Protection,Fire Alarm/Sprinklers (Major),,25,3,Default,1,EA,,,Medium,,,
AST002567,North Area Transportation Center - Indiana,Security,Access Control/Cameras (Major),,10,3,Default,1,EA,,,Medium,,,
AST002568,North Area Transportation Center - Indiana,Envelope,Facade/Cladding (Major),,40,3,Default,1,SF,,,Medium,,,
AST002569,North Area Transportation Center - Indiana,Windows,Window Replacement,,35,3,Default,1,SF,,,Medium,,,
AST002570,North Area Transportation Center - Indiana,Interiors,Flooring/Finishes (Major),,15,3,Default,1,SF,,,Medium,,,
AST002571,North Area Transportation Center - Indiana,Lighting,Interior Lighting Upgrade,,15,3,Default,1,SF,,,Medium,,,
AST002572,North Area Transportation Center - Indiana,Site,Playground/Site Hardscape,,20,3,Default,1,EA,,,Medium,,,
AST002573,North Area Transportation Center - Indiana,Hazmat,Abatement/Remediation Allowance,,,3,Default,1,SF,,,Medium,,,
AST002574,North Area Transportation Center - Indiana,ADA,Accessibility Compliance Allowance,,,3,Default,1,SF,,,Medium,,,
AST002575,North Area Transportation Center - Joyce,Roof,Roof Membrane,,25,3,Default,1,SF,,,Medium,,,
AST002576,North Area Transportation Center - Joyce,HVAC,RTU/Boiler-Chiller (Major),,20,3,Default,1,EA,,,Medium,,,
AST002577,North Area Transportation Center - Joyce,Plumbing,Domestic Water/Fixtures (Major),,30,3,Default,1,EA,,,Medium,,,
AST002578,North Area Transportation Center - Joyce,Electrical,Switchgear/Panels (Major),,30,3,Default,1,EA,,,Medium,,,
AST002579,North Area Transportation Center - Joyce,Fire Protection,Fire Alarm/Sprinklers (Major),,25,3,Default,1,EA,,,Medium,,,
AST002580,North Area Transportation Center - Joyce,Security,Access Control/Cameras (Major),,10,3,Default,1,EA,,,Medium,,,
AST002581,North Area Transportation Center - Joyce,Envelope,Facade/Cladding (Major),,40,3,Default,1,SF,,,Medium,,,
AST002582,North Area Transportation Center - Joyce,Windows,Window Replacement,,35,3,Default,1,SF,,,Medium,,,
AST002583,North Area Transportation Center - Joyce,Interiors,Flooring/Finishes (Major),,15,3,Default,1,SF,,,Medium,,,
AST002584,North Area Transportation Center - Joyce,Lighting,Interior Lighting Upgrade,,15,3,Default,1,SF,,,Medium,,,
AST002585,North Area Transportation Center - Joyce,Site,Playground/Site Hardscape,,20,3,Default,1,EA,,,Medium,,,
AST002586,North Area Transportation Center - Joyce,Hazmat,Abatement/Remediation Allowance,,,3,Default,1,SF,,,Medium,,,
AST002587,North Area Transportation Center - Joyce,ADA,Accessibility Compliance Allowance,,,3,Default,1,SF,,,Medium,,,
AST002588,West Area Transportation Center,Roof,Roof Membrane,,25,3,Default,1,SF,,,Medium,,,
AST002589,West Area Transportation Center,HVAC,RTU/Boiler-Chiller (Major),,20,3,Default,1,EA,,,Medium,,,
AST002590,West Area Transportation Center,Plumbing,Domestic Water/Fixtures (Major),,30,3,Default,1,EA,,,Medium,,,
AST002591,West Area Transportation Center,Electrical,Switchgear/Panels (Major),,30,3,Default,1,EA,,,Medium,,,
AST002592,West Area Transportation Center,Fire Protection,Fire Alarm/Sprinklers (Major),,25,3,Default,1,EA,,,Medium,,,
AST002593,West Area Transportation Center,Security,Access Control/Cameras (Major),,10,3,Default,1,EA,,,Medium,,,
AST002594,West Area Transportation Center,Envelope,Facade/Cladding (Major),,40,3,Default,1,SF,,,Medium,,,
AST002595,West Area Transportation Center,Windows,Window Replacement,,35,3,Default,1,SF,,,Medium,,,
AST002596,West Area Transportation Center,Interiors,Flooring/Finishes (Major),,15,3,Default,1,SF,,,Medium,,,
AST002597,West Area Transportation Center,Lighting,Interior Lighting Upgrade,,15,3,Default,1,SF,,,Medium,,,
AST002598,West Area Transportation Center,Site,Playground/Site Hardscape,,20,3,Default,1,EA,,,Medium,,,
AST002599,West Area Transportation Center,Hazmat,Abatement/Remediation Allowance,,,3,Default,1,SF,,,Medium,,,
AST002600,West Area Transportation Center,ADA,Accessibility Compliance Allowance,,,3,Default,1,SF,,,Medium,,,
AST002601,Education Service Center,Roof,Roof Membrane,,25,3,Default,1,SF,,,Medium,,,
AST002602,Education Service Center,HVAC,RTU/Boiler-Chiller (Major),,20,3,Default,1,EA,,,Medium,,,
AST002603,Education Service Center,Plumbing,Domestic Water/Fixtures (Major),,30,3,Default,1,EA,,,Medium,,,
AST002604,Education Service Center,Electrical,Switchgear/Panels (Major),,30,3,Default,1,EA,,,Medium,,,
AST002605,Education Service Center,Fire Protection,Fire Alarm/Sprinklers (Major),,25,3,Default,1,EA,,,Medium,,,
AST002606,Education Service Center,Security,Access Control/Cameras (Major),,10,3,Default,1,EA,,,Medium,,,
AST002607,Education Service Center,Envelope,Facade/Cladding (Major),,40,3,Default,1,SF,,,Medium,,,
AST002608,Education Service Center,Windows,Window Replacement,,35,3,Default,1,SF,,,Medium,,,
AST002609,Education Service Center,Interiors,Flooring/Finishes (Major),,15,3,Default,1,SF,,,Medium,,,
AST002610,Education Service Center,Lighting,Interior Lighting Upgrade,,15,3,Default,1,SF,,,Medium,,,
AST002611,Education Service Center,Site,Playground/Site Hardscape,,20,3,Default,1,EA,,,Medium,,,
AST002612,Education Service Center,Hazmat,Abatement/Remediation Allowance,,,3,Default,1,SF,,,Medium,,,
AST002613,Education Service Center,ADA,Accessibility Compliance Allowance,,,3,Default,1,SF,,,Medium,,,
AST002614,581 Conference Pl,Roof,Roof Membrane,,25,3,Default,1,SF,,,Medium,,,
AST002615,581 Conference Pl,HVAC,RTU/Boiler-Chiller (Major),,20,3,Default,1,EA,,,Medium,,,
AST002616,581 Conference Pl,Plumbing,Domestic Water/Fixtures (Major),,30,3,Default,1,EA,,,Medium,,,
AST002617,581 Conference Pl,Electrical,Switchgear/Panels (Major),,30,3,Default,1,EA,,,Medium,,,
AST002618,581 Conference Pl,Fire Protection,Fire Alarm/Sprinklers (Major),,25,3,Default,1,EA,,,Medium,,,
AST002619,581 Conference Pl,Security,Access Control/Cameras (Major),,10,3,Default,1,EA,,,Medium,,,
AST002620,581 Conference Pl,Envelope,Facade/Cladding (Major),,40,3,Default,1,SF,,,Medium,,,
AST002621,581 Conference Pl,Windows,Window Replacement,,35,3,Default,1,SF,,,Medium,,,
AST002622,581 Conference Pl,Interiors,Flooring/Finishes (Major),,15,3,Default,1,SF,,,Medium,,,
AST002623,581 Conference Pl,Lighting,Interior Lighting Upgrade,,15,3,Default,1,SF,,,Medium,,,
AST002624,581 Conference Pl,Site,Playground/Site Hardscape,,20,3,Default,1,EA,,,Medium,,,
AST002625,581 Conference Pl,Hazmat,Abatement/Remediation Allowance,,,3,Default,1,SF,,,Medium,,,
AST002626,581 Conference Pl,ADA,Accessibility Compliance Allowance,,,3,Default,1,SF,,,Medium,,,
AST002627,Harriman Lake Pump House,Roof,Roof Membrane,,25,3,Default,1,SF,,,Medium,,,
AST002628,Harriman Lake Pump House,HVAC,RTU/Boiler-Chiller (Major),,20,3,Default,1,EA,,,Medium,,,
AST002629,Harriman Lake Pump House,Plumbing,Domestic Water/Fixtures (Major),,30,3,Default,1,EA,,,Medium,,,
AST002630,Harriman Lake Pump House,Electrical,Switchgear/Panels (Major),,30,3,Default,1,EA,,,Medium,,,
AST002631,Harriman Lake Pump House,Fire Protection,Fire Alarm/Sprinklers (Major),,25,3,Default,1,EA,,,Medium,,,
AST002632,Harriman Lake Pump House,Security,Access Control/Cameras (Major),,10,3,Default,1,EA,,,Medium,,,
AST002633,Harriman Lake Pump House,Envelope,Facade/Cladding (Major),,40,3,Default,1,SF,,,Medium,,,
AST002634,Harriman Lake Pump House,Windows,Window Replacement,,35,3,Default,1,SF,,,Medium,,,
AST002635,Harriman Lake Pump House,Interiors,Flooring/Finishes (Major),,15,3,Default,1,SF,,,Medium,,,
AST002636,Harriman Lake Pump House,Lighting,Interior Lighting Upgrade,,15,3,Default,1,SF,,,Medium,,,
AST002637,Harriman Lake Pump House,Site,Playground/Site Hardscape,,20,3,Default,1,EA,,,Medium,,,
AST002638,Harriman Lake Pump House,Hazmat,Abatement/Remediation Allowance,,,3,Default,1,SF,,,Medium,,,
AST002639,Harriman Lake Pump House,ADA,Accessibility Compliance Allowance,,,3,Default,1,SF,,,Medium,,,
AST002640,Maple Grove Cottage A,Roof,Roof Membrane,,25,3,Default,1,SF,,,Medium,,,
AST002641,Maple Grove Cottage A,HVAC,RTU/Boiler-Chiller (Major),,20,3,Default,1,EA,,,Medium,,,
AST002642,Maple Grove Cottage A,Plumbing,Domestic Water/Fixtures (Major),,30,3,Default,1,EA,,,Medium,,,
AST002643,Maple Grove Cottage A,Electrical,Switchgear/Panels (Major),,30,3,Default,1,EA,,,Medium,,,
AST002644,Maple Grove Cottage A,Fire Protection,Fire Alarm/Sprinklers (Major),,25,3,Default,1,EA,,,Medium,,,
AST002645,Maple Grove Cottage A,Security,Access Control/Cameras (Major),,10,3,Default,1,EA,,,Medium,,,
AST002646,Maple Grove Cottage A,Envelope,Facade/Cladding (Major),,40,3,Default,1,SF,,,Medium,,,
AST002647,Maple Grove Cottage A,Windows,Window Replacement,,35,3,Default,1,SF,,,Medium,,,
AST002648,Maple Grove Cottage A,Interiors,Flooring/Finishes (Major),,15,3,Default,1,SF,,,Medium,,,
AST002649,Maple Grove Cottage A,Lighting,Interior Lighting Upgrade,,15,3,Default,1,SF,,,Medium,,,
AST002650,Maple Grove Cottage A,Site,Playground/Site Hardscape,,20,3,Default,1,EA,,,Medium,,,
AST002651,Maple Grove Cottage A,Hazmat,Abatement/Remediation Allowance,,,3,Default,1,SF,,,Medium,,,
AST002652,Maple Grove Cottage A,ADA,Accessibility Compliance Allowance,,,3,Default,1,SF,,,Medium,,,
AST002653,Maple Grove Cottage B,Roof,Roof Membrane,,25,3,Default,1,SF,,,Medium,,,
AST002654,Maple Grove Cottage B,HVAC,RTU/Boiler-Chiller (Major),,20,3,Default,1,EA,,,Medium,,,
AST002655,Maple Grove Cottage B,Plumbing,Domestic Water/Fixtures (Major),,30,3,Default,1,EA,,,Medium,,,
AST002656,Maple Grove Cottage B,Electrical,Switchgear/Panels (Major),,30,3,Default,1,EA,,,Medium,,,
AST002657,Maple Grove Cottage B,Fire Protection,Fire Alarm/Sprinklers (Major),,25,3,Default,1,EA,,,Medium,,,
AST002658,Maple Grove Cottage B,Security,Access Control/Cameras (Major),,10,3,Default,1,EA,,,Medium,,,
AST002659,Maple Grove Cottage B,Envelope,Facade/Cladding (Major),,40,3,Default,1,SF,,,Medium,,,
AST002660,Maple Grove Cottage B,Windows,Window Replacement,,35,3,Default,1,SF,,,Medium,,,
AST002661,Maple Grove Cottage B,Interiors,Flooring/Finishes (Major),,15,3,Default,1,SF,,,Medium,,,
AST002662,Maple Grove Cottage B,Lighting,Interior Lighting Upgrade,,15,3,Default,1,SF,,,Medium,,,
AST002663,Maple Grove Cottage B,Site,Playground/Site Hardscape,,20,3,Default,1,EA,,,Medium,,,
AST002664,Maple Grove Cottage B,Hazmat,Abatement/Remediation Allowance,,,3,Default,1,SF,,,Medium,,,
AST002665,Maple Grove Cottage B,ADA,Accessibility Compliance Allowance,,,3,Default,1,SF,,,Medium,,,
AST002666,Patterson Cottage A,Roof,Roof Membrane,,25,3,Default,1,SF,,,Medium,,,
AST002667,Patterson Cottage A,HVAC,RTU/Boiler-Chiller (Major),,20,3,Default,1,EA,,,Medium,,,
AST002668,Patterson Cottage A,Plumbing,Domestic Water/Fixtures (Major),,30,3,Default,1,EA,,,Medium,,,
AST002669,Patterson Cottage A,Electrical,Switchgear/Panels (Major),,30,3,Default,1,EA,,,Medium,,,
AST002670,Patterson Cottage A,Fire Protection,Fire Alarm/Sprinklers (Major),,25,3,Default,1,EA,,,Medium,,,
AST002671,Patterson Cottage A,Security,Access Control/Cameras (Major),,10,3,Default,1,EA,,,Medium,,,
AST002672,Patterson Cottage A,Envelope,Facade/Cladding (Major),,40,3,Default,1,SF,,,Medium,,,
AST002673,Patterson Cottage A,Windows,Window Replacement,,35,3,Default,1,SF,,,Medium,,,
AST002674,Patterson Cottage A,Interiors,Flooring/Finishes (Major),,15,3,Default,1,SF,,,Medium,,,
AST002675,Patterson Cottage A,Lighting,Interior Lighting Upgrade,,15,3,Default,1,SF,,,Medium,,,
AST002676,Patterson Cottage A,Site,Playground/Site Hardscape,,20,3,Default,1,EA,,,Medium,,,
AST002677,Patterson Cottage A,Hazmat,Abatement/Remediation Allowance,,,3,Default,1,SF,,,Medium,,,
AST002678,Patterson Cottage A,ADA,Accessibility Compliance Allowance,,,3,Default,1,SF,,,Medium,,,
AST002679,Patterson Cottage B,Roof,Roof Membrane,,25,3,Default,1,SF,,,Medium,,,
AST002680,Patterson Cottage B,HVAC,RTU/Boiler-Chiller (Major),,20,3,Default,1,EA,,,Medium,,,
AST002681,Patterson Cottage B,Plumbing,Domestic Water/Fixtures (Major),,30,3,Default,1,EA,,,Medium,,,
AST002682,Patterson Cottage B,Electrical,Switchgear/Panels (Major),,30,3,Default,1,EA,,,Medium,,,
AST002683,Patterson Cottage B,Fire Protection,Fire Alarm/Sprinklers (Major),,25,3,Default,1,EA,,,Medium,,,
AST002684,Patterson Cottage B,Security,Access Control/Cameras (Major),,10,3,Default,1,EA,,,Medium,,,
AST002685,Patterson Cottage B,Envelope,Facade/Cladding (Major),,40,3,Default,1,SF,,,Medium,,,
AST002686,Patterson Cottage B,Windows,Window Replacement,,35,3,Default,1,SF,,,Medium,,,
AST002687,Patterson Cottage B,Interiors,Flooring/Finishes (Major),,15,3,Default,1,SF,,,Medium,,,
AST002688,Patterson Cottage B,Lighting,Interior Lighting Upgrade,,15,3,Default,1,SF,,,Medium,,,
AST002689,Patterson Cottage B,Site,Playground/Site Hardscape,,20,3,Default,1,EA,,,Medium,,,
AST002690,Patterson Cottage B,Hazmat,Abatement/Remediation Allowance,,,3,Default,1,SF,,,Medium,,,
AST002691,Patterson Cottage B,ADA,Accessibility Compliance Allowance,,,3,Default,1,SF,,,Medium,,,
AST002692,Patterson Cottage C,Roof,Roof Membrane,,25,3,Default,1,SF,,,Medium,,,
AST002693,Patterson Cottage C,HVAC,RTU/Boiler-Chiller (Major),,20,3,Default,1,EA,,,Medium,,,
AST002694,Patterson Cottage C,Plumbing,Domestic Water/Fixtures (Major),,30,3,Default,1,EA,,,Medium,,,
AST002695,Patterson Cottage C,Electrical,Switchgear/Panels (Major),,30,3,Default,1,EA,,,Medium,,,
AST002696,Patterson Cottage C,Fire Protection,Fire Alarm/Sprinklers (Major),,25,3,Default,1,EA,,,Medium,,,
AST002697,Patterson Cottage C,Security,Access Control/Cameras (Major),,10,3,Default,1,EA,,,Medium,,,
AST002698,Patterson Cottage C,Envelope,Facade/Cladding (Major),,40,3,Default,1,SF,,,Medium,,,
AST002699,Patterson Cottage C,Windows,Window Replacement,,35,3,Default,1,SF,,,Medium,,,
AST002700,Patterson Cottage C,Interiors,Flooring/Finishes (Major),,15,3,Default,1,SF,,,Medium,,,
AST002701,Patterson Cottage C,Lighting,Interior Lighting Upgrade,,15,3,Default,1,SF,,,Medium,,,
AST002702,Patterson Cottage C,Site,Playground/Site Hardscape,,20,3,Default,1,EA,,,Medium,,,
AST002703,Patterson Cottage C,Hazmat,Abatement/Remediation Allowance,,,3,Default,1,SF,,,Medium,,,
AST002704,Patterson Cottage C,ADA,Accessibility Compliance Allowance,,,3,Default,1,SF,,,Medium,,,
AST002705,Patterson Cottage D,Roof,Roof Membrane,,25,3,Default,1,SF,,,Medium,,,
AST002706,Patterson Cottage D,HVAC,RTU/Boiler-Chiller (Major),,20,3,Default,1,EA,,,Medium,,,
AST002707,Patterson Cottage D,Plumbing,Domestic Water/Fixtures (Major),,30,3,Default,1,EA,,,Medium,,,
AST002708,Patterson Cottage D,Electrical,Switchgear/Panels (Major),,30,3,Default,1,EA,,,Medium,,,
AST002709,Patterson Cottage D,Fire Protection,Fire Alarm/Sprinklers (Major),,25,3,Default,1,EA,,,Medium,,,
AST002710,Patterson Cottage D,Security,Access Control/Cameras (Major),,10,3,Default,1,EA,,,Medium,,,
AST002711,Patterson Cottage D,Envelope,Facade/Cladding (Major),,40,3,Default,1,SF,,,Medium,,,
AST002712,Patterson Cottage D,Windows,Window Replacement,,35,3,Default,1,SF,,,Medium,,,
AST002713,Patterson Cottage D,Interiors,Flooring/Finishes (Major),,15,3,Default,1,SF,,,Medium,,,
AST002714,Patterson Cottage D,Lighting,Interior Lighting Upgrade,,15,3,Default,1,SF,,,Medium,,,
AST002715,Patterson Cottage D,Site,Playground/Site Hardscape,,20,3,Default,1,EA,,,Medium,,,
AST002716,Patterson Cottage D,Hazmat,Abatement/Remediation Allowance,,,3,Default,1,SF,,,Medium,,,
AST002717,Patterson Cottage D,ADA,Accessibility Compliance Allowance,,,3,Default,1,SF,,,Medium,,,
AST002718,Applewood Cottage A,Roof,Roof Membrane,,25,3,Default,1,SF,,,Medium,,,
AST002719,Applewood Cottage A,HVAC,RTU/Boiler-Chiller (Major),,20,3,Default,1,EA,,,Medium,,,
AST002720,Applewood Cottage A,Plumbing,Domestic Water/Fixtures (Major),,30,3,Default,1,EA,,,Medium,,,
AST002721,Applewood Cottage A,Electrical,Switchgear/Panels (Major),,30,3,Default,1,EA,,,Medium,,,
AST002722,Applewood Cottage A,Fire Protection,Fire Alarm/Sprinklers (Major),,25,3,Default,1,EA,,,Medium,,,
AST002723,Applewood Cottage A,Security,Access Control/Cameras (Major),,10,3,Default,1,EA,,,Medium,,,
AST002724,Applewood Cottage A,Envelope,Facade/Cladding (Major),,40,3,Default,1,SF,,,Medium,,,
AST002725,Applewood Cottage A,Windows,Window Replacement,,35,3,Default,1,SF,,,Medium,,,
AST002726,Applewood Cottage A,Interiors,Flooring/Finishes (Major),,15,3,Default,1,SF,,,Medium,,,
AST002727,Applewood Cottage A,Lighting,Interior Lighting Upgrade,,15,3,Default,1,SF,,,Medium,,,
AST002728,Applewood Cottage A,Site,Playground/Site Hardscape,,20,3,Default,1,EA,,,Medium,,,
AST002729,Applewood Cottage A,Hazmat,Abatement/Remediation Allowance,,,3,Default,1,SF,,,Medium,,,
AST002730,Applewood Cottage A,ADA,Accessibility Compliance Allowance,,,3,Default,1,SF,,,Medium,,,
AST002731,Applewood Cottage B,Roof,Roof Membrane,,25,3,Default,1,SF,,,Medium,,,
AST002732,Applewood Cottage B,HVAC,RTU/Boiler-Chiller (Major),,20,3,Default,1,EA,,,Medium,,,
AST002733,Applewood Cottage B,Plumbing,Domestic Water/Fixtures (Major),,30,3,Default,1,EA,,,Medium,,,
AST002734,Applewood Cottage B,Electrical,Switchgear/Panels (Major),,30,3,Default,1,EA,,,Medium,,,
AST002735,Applewood Cottage B,Fire Protection,Fire Alarm/Sprinklers (Major),,25,3,Default,1,EA,,,Medium,,,
AST002736,Applewood Cottage B,Security,Access Control/Cameras (Major),,10,3,Default,1,EA,,,Medium,,,
AST002737,Applewood Cottage B,Envelope,Facade/Cladding (Major),,40,3,Default,1,SF,,,Medium,,,
AST002738,Applewood Cottage B,Windows,Window Replacement,,35,3,Default,1,SF,,,Medium,,,
AST002739,Applewood Cottage B,Interiors,Flooring/Finishes (Major),,15,3,Default,1,SF,,,Medium,,,
AST002740,Applewood Cottage B,Lighting,Interior Lighting Upgrade,,15,3,Default,1,SF,,,Medium,,,
AST002741,Applewood Cottage B,Site,Playground/Site Hardscape,,20,3,Default,1,EA,,,Medium,,,
AST002742,Applewood Cottage B,Hazmat,Abatement/Remediation Allowance,,,3,Default,1,SF,,,Medium,,,
AST002743,Applewood Cottage B,ADA,Accessibility Compliance Allowance,,,3,Default,1,SF,,,Medium,,,
AST002744,Applewood Cottage C,Roof,Roof Membrane,,25,3,Default,1,SF,,,Medium,,,
AST002745,Applewood Cottage C,HVAC,RTU/Boiler-Chiller (Major),,20,3,Default,1,EA,,,Medium,,,
AST002746,Applewood Cottage C,Plumbing,Domestic Water/Fixtures (Major),,30,3,Default,1,EA,,,Medium,,,
AST002747,Applewood Cottage C,Electrical,Switchgear/Panels (Major),,30,3,Default,1,EA,,,Medium,,,
AST002748,Applewood Cottage C,Fire Protection,Fire Alarm/Sprinklers (Major),,25,3,Default,1,EA,,,Medium,,,
AST002749,Applewood Cottage C,Security,Access Control/Cameras (Major),,10,3,Default,1,EA,,,Medium,,,
AST002750,Applewood Cottage C,Envelope,Facade/Cladding (Major),,40,3,Default,1,SF,,,Medium,,,
AST002751,Applewood Cottage C,Windows,Window Replacement,,35,3,Default,1,SF,,,Medium,,,
AST002752,Applewood Cottage C,Interiors,Flooring/Finishes (Major),,15,3,Default,1,SF,,,Medium,,,
AST002753,Applewood Cottage C,Lighting,Interior Lighting Upgrade,,15,3,Default,1,SF,,,Medium,,,
AST002754,Applewood Cottage C,Site,Playground/Site Hardscape,,20,3,Default,1,EA,,,Medium,,,
AST002755,Applewood Cottage C,Hazmat,Abatement/Remediation Allowance,,,3,Default,1,SF,,,Medium,,,
AST002756,Applewood Cottage C,ADA,Accessibility Compliance Allowance,,,3,Default,1,SF,,,Medium,,,
AST002757,Stein Cottage A,Roof,Roof Membrane,,25,3,Default,1,SF,,,Medium,,,
AST002758,Stein Cottage A,HVAC,RTU/Boiler-Chiller (Major),,20,3,Default,1,EA,,,Medium,,,
AST002759,Stein Cottage A,Plumbing,Domestic Water/Fixtures (Major),,30,3,Default,1,EA,,,Medium,,,
AST002760,Stein Cottage A,Electrical,Switchgear/Panels (Major),,30,3,Default,1,EA,,,Medium,,,
AST002761,Stein Cottage A,Fire Protection,Fire Alarm/Sprinklers (Major),,25,3,Default,1,EA,,,Medium,,,
AST002762,Stein Cottage A,Security,Access Control/Cameras (Major),,10,3,Default,1,EA,,,Medium,,,
AST002763,Stein Cottage A,Envelope,Facade/Cladding (Major),,40,3,Default,1,SF,,,Medium,,,
AST002764,Stein Cottage A,Windows,Window Replacement,,35,3,Default,1,SF,,,Medium,,,
AST002765,Stein Cottage A,Interiors,Flooring/Finishes (Major),,15,3,Default,1,SF,,,Medium,,,
AST002766,Stein Cottage A,Lighting,Interior Lighting Upgrade,,15,3,Default,1,SF,,,Medium,,,
AST002767,Stein Cottage A,Site,Playground/Site Hardscape,,20,3,Default,1,EA,,,Medium,,,
AST002768,Stein Cottage A,Hazmat,Abatement/Remediation Allowance,,,3,Default,1,SF,,,Medium,,,
AST002769,Stein Cottage A,ADA,Accessibility Compliance Allowance,,,3,Default,1,SF,,,Medium,,,
AST002770,Stein Cottage B,Roof,Roof Membrane,,25,3,Default,1,SF,,,Medium,,,
AST002771,Stein Cottage B,HVAC,RTU/Boiler-Chiller (Major),,20,3,Default,1,EA,,,Medium,,,
AST002772,Stein Cottage B,Plumbing,Domestic Water/Fixtures (Major),,30,3,Default,1,EA,,,Medium,,,
AST002773,Stein Cottage B,Electrical,Switchgear/Panels (Major),,30,3,Default,1,EA,,,Medium,,,
AST002774,Stein Cottage B,Fire Protection,Fire Alarm/Sprinklers (Major),,25,3,Default,1,EA,,,Medium,,,
AST002775,Stein Cottage B,Security,Access Control/Cameras (Major),,10,3,Default,1,EA,,,Medium,,,
AST002776,Stein Cottage B,Envelope,Facade/Cladding (Major),,40,3,Default,1,SF,,,Medium,,,
AST002777,Stein Cottage B,Windows,Window Replacement,,35,3,Default,1,SF,,,Medium,,,
AST002778,Stein Cottage B,Interiors,Flooring/Finishes (Major),,15,3,Default,1,SF,,,Medium,,,
AST002779,Stein Cottage B,Lighting,Interior Lighting Upgrade,,15,3,Default,1,SF,,,Medium,,,
AST002780,Stein Cottage B,Site,Playground/Site Hardscape,,20,3,Default,1,EA,,,Medium,,,
AST002781,Stein Cottage B,Hazmat,Abatement/Remediation Allowance,,,3,Default,1,SF,,,Medium,,,
AST002782,Stein Cottage B,ADA,Accessibility Compliance Allowance,,,3,Default,1,SF,,,Medium,,,
AST002783,New Elementary (Leyden Rock Site),Roof,Roof Membrane,,25,3,Default,1,SF,,,Medium,,,
AST002784,New Elementary (Leyden Rock Site),HVAC,RTU/Boiler-Chiller (Major),,20,3,Default,1,EA,,,Medium,,,
AST002785,New Elementary (Leyden Rock Site),Plumbing,Domestic Water/Fixtures (Major),,30,3,Default,1,EA,,,Medium,,,
AST002786,New Elementary (Leyden Rock Site),Electrical,Switchgear/Panels (Major),,30,3,Default,1,EA,,,Medium,,,
AST002787,New Elementary (Leyden Rock Site),Fire Protection,Fire Alarm/Sprinklers (Major),,25,3,Default,1,EA,,,Medium,,,
AST002788,New Elementary (Leyden Rock Site),Security,Access Control/Cameras (Major),,10,3,Default,1,EA,,,Medium,,,
AST002789,New Elementary (Leyden Rock Site),Envelope,Facade/Cladding (Major),,40,3,Default,1,SF,,,Medium,,,
AST002790,New Elementary (Leyden Rock Site),Windows,Window Replacement,,35,3,Default,1,SF,,,Medium,,,
AST002791,New Elementary (Leyden Rock Site),Interiors,Flooring/Finishes (Major),,15,3,Default,1,SF,,,Medium,,,
AST002792,New Elementary (Leyden Rock Site),Lighting,Interior Lighting Upgrade,,15,3,Default,1,SF,,,Medium,,,
AST002793,New Elementary (Leyden Rock Site),Site,Playground/Site Hardscape,,20,3,Default,1,EA,,,Medium,,,
AST002794,New Elementary (Leyden Rock Site),Hazmat,Abatement/Remediation Allowance,,,3,Default,1,SF,,,Medium,,,
AST002795,New Elementary (Leyden Rock Site),ADA,Accessibility Compliance Allowance,,,3,Default,1,SF,,,Medium,,,
AST002796,New Elementary (West Lakewood),Roof,Roof Membrane,,25,3,Default,1,SF,,,Medium,,,
AST002797,New Elementary (West Lakewood),HVAC,RTU/Boiler-Chiller (Major),,20,3,Default,1,EA,,,Medium,,,
AST002798,New Elementary (West Lakewood),Plumbing,Domestic Water/Fixtures (Major),,30,3,Default,1,EA,,,Medium,,,
AST002799,New Elementary (West Lakewood),Electrical,Switchgear/Panels (Major),,30,3,Default,1,EA,,,Medium,,,
AST002800,New Elementary (West Lakewood),Fire Protection,Fire Alarm/Sprinklers (Major),,25,3,Default,1,EA,,,Medium,,,
AST002801,New Elementary (West Lakewood),Security,Access Control/Cameras (Major),,10,3,Default,1,EA,,,Medium,,,
AST002802,New Elementary (West Lakewood),Envelope,Facade/Cladding (Major),,40,3,Default,1,SF,,,Medium,,,
AST002803,New Elementary (West Lakewood),Windows,Window Replacement,,35,3,Default,1,SF,,,Medium,,,
AST002804,New Elementary (West Lakewood),Interiors,Flooring/Finishes (Major),,15,3,Default,1,SF,,,Medium,,,
AST002805,New Elementary (West Lakewood),Lighting,Interior Lighting Upgrade,,15,3,Default,1,SF,,,Medium,,,
AST002806,New Elementary (West Lakewood),Site,Playground/Site Hardscape,,20,3,Default,1,EA,,,Medium,,,
AST002807,New Elementary (West Lakewood),Hazmat,Abatement/Remediation Allowance,,,3,Default,1,SF,,,Medium,,,
AST002808,New Elementary (West Lakewood),ADA,Accessibility Compliance Allowance,,,3,Default,1,SF,,,Medium,,,
AST002809,Two Roads - Littleton,Roof,Roof Membrane,,25,3,Default,1,SF,,,Medium,,,
AST002810,Two Roads - Littleton,HVAC,RTU/Boiler-Chiller (Major),,20,3,Default,1,EA,,,Medium,,,
AST002811,Two Roads - Littleton,Plumbing,Domestic Water/Fixtures (Major),,30,3,Default,1,EA,,,Medium,,,
AST002812,Two Roads - Littleton,Electrical,Switchgear/Panels (Major),,30,3,Default,1,EA,,,Medium,,,
AST002813,Two Roads - Littleton,Fire Protection,Fire Alarm/Sprinklers (Major),,25,3,Default,1,EA,,,Medium,,,
AST002814,Two Roads - Littleton,Security,Access Control/Cameras (Major),,10,3,Default,1,EA,,,Medium,,,
AST002815,Two Roads - Littleton,Envelope,Facade/Cladding (Major),,40,3,Default,1,SF,,,Medium,,,
AST002816,Two Roads - Littleton,Windows,Window Replacement,,35,3,Default,1,SF,,,Medium,,,
AST002817,Two Roads - Littleton,Interiors,Flooring/Finishes (Major),,15,3,Default,1,SF,,,Medium,,,
AST002818,Two Roads - Littleton,Lighting,Interior Lighting Upgrade,,15,3,Default,1,SF,,,Medium,,,
AST002819,Two Roads - Littleton,Site,Playground/Site Hardscape,,20,3,Default,1,EA,,,Medium,,,
AST002820,Two Roads - Littleton,Hazmat,Abatement/Remediation Allowance,,,3,Default,1,SF,,,Medium,,,
AST002821,Two Roads - Littleton,ADA,Accessibility Compliance Allowance,,,3,Default,1,SF,,,Medium,,,
